0.013114754098360649,0.010799136069114479,0.00018976398982302814,0.0027581158408653134,0.36708860759493667,0.6343283582089553,0.005007292173067578,0.0014611666853995772,0.0009171682430495903,0.0017099863201094356,1
0.016393442622950817,0.010799136069114479,0.00023896206125862893,0.002292096268043258,0.3976793248945147,0.8731343283582088,0.011181332036947015,0.0019107564347532885,0.0017196904557179662,0.0013679890560875513,1
0.016393442622950817,0.034557235421166316,0.0007028295919371402,0.005958250246510352,0.24789029535864976,0.7238805970149254,0.015216334467671367,0.0033719231201528588,0.0041845801089137324,0.002051983584131334,1
0.013114754098360649,0.010799136069114479,0.00018976398982302814,0.0027581158408653134,0.3364978902953586,0.7260127931769723,0.014730189596499762,0.0013487692480611407,0.0010891372886213946,0.0006839945280437826,1
0.016393442622950817,0.002159827213822879,7.028295919371368e-05,0.9999999999999999,0.47257383966244715,0.9402985074626866,0.004618376276130289,0.0008991794987074295,0.0005732301519059957,0.001025991792065667,1
0.013114754098360649,0.012958963282937358,0.0002249054694198841,0.003158132641570943,0.5253164556962024,1.0,0.005542051531356347,0.0023603461841070067,0.0018916595012897774,0.0027359781121751026,1
0.016393442622950817,0.004319654427645786,0.00011245273470994466,0.0012920542662791835,0.38502109704641346,0.6886993603411513,0.0058337384540593125,0.001011576936045866,0.0005732301519059957,0.001025991792065667,1
0.013114754098360649,0.008639308855291572,0.00015462251022617043,0.0023580990401596835,0.2964135021097046,0.28891257995735614,0.042294603791929994,0.001011576936045866,0.0001719690455718112,0.0,1
0.013114754098360649,0.006479481641468665,0.0001194810306293162,0.0019580822394540537,0.36708860759493667,0.48827292110874204,0.042294603791929994,0.001011576936045866,0.00034393809114359464,0.0,1
0.013114754098360649,0.0,1.4056591838743082e-05,0.0007580318373371676,0.7890295358649788,1.0,0.03257170636849782,0.0007867820613689999,0.0001719690455718112,0.0,1
0.013114754098360649,0.002159827213822879,4.919807143559905e-05,0.001158048638042794,0.5073839662447255,0.7153518123667377,0.03257170636849782,0.0007867820613689999,0.00022929206076240105,0.0,1
0.013114754098360649,0.008639308855291572,0.00015462251022617043,0.0023580990401596835,0.4018987341772151,0.7153518123667377,0.05687894992707827,0.0013487692480611407,0.0008598452278590005,0.0,1
0.013114754098360649,0.010799136069114479,0.00018976398982302814,0.0027581158408653134,0.3976793248945147,0.847547974413646,0.017987360233349542,0.0015735641227380068,0.0013184293493837748,0.0006839945280437826,1
0.016393442622950817,0.010799136069114479,0.00023896206125862893,0.002292096268043258,0.3723628691983122,0.8731343283582088,0.014341273699562474,0.0,0.0418458010891373,0.001025991792065667,1
0.013114754098360649,0.012958963282937358,0.0002249054694198841,0.003158132641570943,0.340717299578059,0.44029850746268656,0.06660184735051045,0.0015735641227380068,0.0006878761822871893,0.0,1
0.016393442622950817,0.010799136069114479,0.00023896206125862893,0.002292096268043258,0.3723628691983122,0.9488272921108742,0.014341273699562474,0.001798358997414859,0.0018916595012897774,0.001025991792065667,1
0.013114754098360649,0.036717062634989195,0.0006114617449853119,0.007558317449332871,0.18987341772151894,0.3603411513859276,0.02041808458920759,0.0023603461841070067,0.0017770134709085839,0.001025991792065667,1
0.013114754098360649,0.006479481641468665,0.0001194810306293162,0.0019580822394540537,0.36708860759493667,0.5309168443496802,0.017987360233349542,0.001011576936045866,0.00040126110633419837,0.0003419972640218913,1
0.009836065573770491,0.008639308855291572,0.00011245273470994466,0.002958124241218125,0.38502109704641346,0.4669509594882729,0.042294603791929994,0.001011576936045866,0.0002866150759530048,0.0,1
0.009836065573770491,0.008639308855291572,0.00011245273470994466,0.002958124241218125,0.4282700421940927,0.7782515991471216,0.02041808458920759,0.0011239743733842886,0.0006878761822871893,0.0003419972640218913,1
0.009836065573770491,0.034557235421166316,0.00044981093883976996,0.008958376251802572,0.20886075949367086,0.49680170575692967,0.006174039863879439,0.0019107564347532885,0.0017770134709085839,0.002051983584131334,1
0.013114754098360649,0.010799136069114479,0.00018976398982302814,0.0027581158408653134,0.3976793248945147,0.8784648187633262,0.0058337384540593125,0.0015735641227380068,0.0013757523645743855,0.0017099863201094356,1
0.013114754098360649,0.004319654427645786,8.433955103245849e-05,0.0015580654387484273,0.47257383966244715,0.7867803837953092,0.042294603791929994,0.001011576936045866,0.0005159071367154058,0.0,1
0.039344262295081964,0.04967602591792658,0.00222796980644073,0.0038041597747105332,0.19198312236286916,0.23880597014925375,0.04647544968400584,0.008429807800382154,0.0049297793063915185,0.002051983584131334,1
0.039344262295081964,0.04967602591792658,0.00222796980644073,0.0038041597747105332,0.3154008438818565,0.6588486140724947,0.022848808945065635,0.012700910419242442,0.012267125250788196,0.006155950752393988,1
0.019672131147540982,0.03023758099352053,0.0007309427756146255,0.004530190267991251,0.28375527426160335,0.6194029850746269,0.006174039863879439,0.0039339103068450065,0.0037259959873889442,0.004445964432284545,1
0.019672131147540982,0.21814254859611232,0.005011174990511801,0.02938723426383908,0.25632911392405056,0.6705756929637526,0.002236266407389404,0.02382825671574688,0.02814560045858413,0.041039671682626545,1
0.032786885245901634,0.015118790496760265,0.0006395749286627964,0.0015940669508119308,0.3069620253164556,0.6012793176972282,0.010209042294603794,0.0037091154321681474,0.0031527658354829624,0.003077975376196994,1
0.032786885245901634,0.012958963282937358,0.0005622636735497146,0.001412059306490878,0.5569620253164556,1.0,0.01847350510452115,0.005619871866921436,0.004643164230438521,0.003077975376196994,1
0.032786885245901634,0.012958963282937358,0.0005622636735497146,0.001412059306490878,0.37658227848101256,0.44243070362473347,0.16869227029654837,0.0039339103068450065,0.002006305531670971,0.0,1
0.032786885245901634,0.012958963282937358,0.0005622636735497146,0.001412059306490878,0.5801687763713079,1.0,0.022314049586776862,0.005844666741598295,0.004643164230438521,0.0027359781121751026,1
0.032786885245901634,0.0712742980561555,0.0026496675616030155,0.006322265535152478,0.3481012658227848,0.6343283582089553,0.023480797277588724,0.01641002585141059,0.01410146173688737,0.007865937072503423,1
0.006557377049180326,0.23974082073434128,0.002326365949311929,0.07529516239682067,0.3776371308016877,0.43710021321961623,0.06125425376762275,0.01551084635270316,0.008770421324161656,0.003077975376196994,2
0.006557377049180326,0.12311015118790497,0.0011877820103737653,0.039293650333314,0.4462025316455695,0.44029850746268656,0.4020418084589208,0.009328987299089583,0.0044138721696761335,0.0,2
0.003278688524590158,0.0388768898488121,0.0002249054694198841,0.01995883827120739,0.6571729957805906,0.6535181236673775,0.12493923189110354,0.0029223333707991475,0.0011464603038119844,0.0,2
0.003278688524590158,0.21382289416846653,0.0013634894083580503,0.10096224041409739,0.5147679324894514,0.7260127931769723,0.046669907632474486,0.012138923232550298,0.008197191172255668,0.003077975376196994,2
0.02950819672131147,0.0777537796976242,0.002614526082006157,0.007558317449332871,0.39451476793248935,0.943496801705757,0.00884783665532329,0.018095987411487022,0.020235024362281463,0.017441860465116286,1
0.026229508196721305,0.04103671706263498,0.0012721215614062212,0.0046241942161570765,0.3976793248945147,0.7569296375266524,0.008264462809917359,0.008991794987074295,0.007967899111493267,0.008891928864569087,1
0.02950819672131147,0.20734341252699784,0.0068315036336289905,0.01955882147050176,0.34493670886075944,0.82409381663113,0.004472532814778812,0.041587051815218615,0.04648896531957582,0.056771545827633385,1
0.026229508196721305,0.10367170626349892,0.0031065067963621552,0.0110704649595283,0.4683544303797468,0.9552238805970149,0.006757413709285367,0.02495223108913117,0.024304958440813994,0.028043775649794808,1
0.009836065573770491,0.4146868250539957,0.005397731266077227,0.09696207240704112,0.22257383966244723,0.2249466950959489,0.15896937287311616,0.02281667977970103,0.0117512181140728,0.0017099863201094356,2
0.003278688524590158,0.04319654427645789,0.00025301865309737374,0.021958922274735535,0.7362869198312234,0.7334754797441365,0.1541079241614001,0.003596717994829718,0.001490398394955579,0.0,2
0.003278688524590158,0.034557235421166316,0.00019679228574239968,0.01795875426767924,0.7953586497890293,0.8219616204690832,0.13466212931453572,0.0031471282454759997,0.0013184293493837748,0.0,2
0.003278688524590158,0.04319654427645789,0.00025301865309737374,0.021958922274735535,0.6888185654008436,0.8550106609808104,0.0690325717063685,0.0033719231201528588,0.0017770134709085839,0.0003419972640218913,2
0.02950819672131147,0.13822894168466524,0.004582448939430146,0.013158552659211684,0.2331223628691983,0.638592750533049,0.003111327175498304,0.020119141283578737,0.024591573516766992,0.031463748290013686,1
0.026229508196721305,0.1900647948164147,0.0056366933273358545,0.01995883827120739,0.21940928270042193,0.7718550106609807,0.004278074866310166,0.02360346184107003,0.036113499570077395,0.03283173734610124,1
0.026229508196721305,0.04319654427645789,0.001335376224680566,0.0048462035405487,0.2489451476793249,0.8059701492537313,0.005736509479824986,0.006294256490952006,0.008885067354542843,0.0075239398084815355,1
0.026229508196721305,0.19438444924406048,0.00576320265388454,0.02040285691999064,0.24683544303797467,0.8773987206823027,0.003062712688381139,0.026525795211869173,0.041616509028374896,0.04172366621067032,1
0.026229508196721305,0.02159827213822893,0.0007028295919371402,0.002624110212628924,0.4135021097046413,0.9797441364605544,0.0019931939718035967,0.005282679554906147,0.005674978503869305,0.009233926128590975,1
0.026229508196721305,0.10583153347732181,0.0031697614596364974,0.011292474283919926,0.2573839662447257,0.7718550106609807,0.005055906660184736,0.015173654040687868,0.020292347377472063,0.01949384404924761,1
0.026229508196721305,0.16846652267818576,0.00500414669459243,0.017736744943287613,0.2964135021097046,0.8699360341151385,0.003500243072435589,0.026862987523884455,0.0358268844941244,0.04035567715458277,1
0.02295081967213114,0.20086393088552917,0.005285278531367284,0.023708995777822664,0.2647679324894514,0.9328358208955224,0.0022848808945065656,0.025739013150500173,0.04041272570937232,0.04411764705882353,1
0.02950819672131147,0.11015118790496761,0.0036687704699118655,0.010558443454625092,0.25527426160337546,0.8070362473347549,0.0023821098687408886,0.01742160278745645,0.02447692748638579,0.029411764705882356,1
0.026229508196721305,0.19438444924406048,0.00576320265388454,0.02040285691999064,0.2531645569620253,0.8326226012793176,0.0036460865337870664,0.027087782398561314,0.03961020349670393,0.04001367989056088,1
0.032786885245901634,0.17926565874730022,0.006515230317257278,0.015412647331187907,0.2162447257383966,0.8869936034115139,0.0017987360233349577,0.026862987523884455,0.0475207795930066,0.04890560875512996,1
0.026229508196721305,0.17494600431965443,0.005193910684415457,0.018402772916462494,0.24472573839662443,0.8390191897654585,0.002965483714146816,0.023715859278408455,0.0359415305245056,0.03761969904240767,1
0.026229508196721305,0.13390928725701945,0.003992072082202949,0.01418059558501457,0.26054852320675104,0.9680170575692963,0.002479338842975208,0.019219961784871308,0.031642304385210665,0.03214774281805746,1
0.032786885245901634,0.21598272138228944,0.007829521654179727,0.018504777200642423,0.18037974683544303,0.7526652452025586,0.0011181332036946968,0.027986961897268743,0.04901117798796217,0.055403556771545834,1
0.0360655737704918,0.11663066954643629,0.004666788490462603,0.009292390280391773,0.2151898734177215,0.8155650319829425,0.003500243072435589,0.019219961784871308,0.031470335339638875,0.02872777017783858,1
0.026229508196721305,0.17710583153347734,0.0052571653476898,0.018624782240854114,0.17932489451476794,0.9328358208955224,0.002479338842975208,0.01877037203551759,0.04018343364860992,0.031463748290013686,1
0.026229508196721305,0.1123110151187905,0.0033595254494595246,0.011958502257094796,0.2531645569620253,0.9541577825159915,0.0008750607681088998,0.015848038664718445,0.02625394095729436,0.032489740082079346,1
0.026229508196721305,0.08423326133909287,0.0025372148268930726,0.009070380956000153,0.2594936708860759,0.7601279317697228,0.0029168692270296545,0.012251320669888727,0.015993121238177133,0.01949384404924761,1
0.02950819672131147,0.17494600431965443,0.005777259245723282,0.016558695465209536,0.22573839662447256,0.8155650319829425,0.0038891589693728773,0.024727436214454307,0.03892232731441674,0.03556771545827634,1
0.02950819672131147,0.004319654427645786,0.0002249054694198841,0.0007580318373371676,0.340717299578059,0.3603411513859276,0.06660184735051045,0.0015735641227380068,0.0005159071367154058,0.0,1
0.0360655737704918,0.01943844492440605,0.0008715086940020537,0.0017920752671612208,0.3364978902953586,1.0,0.0016042780748663082,0.005395076992244577,0.007165376898824877,0.00991792065663475,1
0.0360655737704918,0.09071274298056158,0.0036547138780731224,0.007292306276863624,0.22046413502109702,0.7515991471215352,0.005250364608653382,0.01539844891536473,0.022814560045858415,0.01949384404924761,1
0.02950819672131147,0.06911447084233262,0.0023333942452313013,0.006758283847921612,0.2584388185654008,0.8773987206823027,0.0019931939718035967,0.011239743733842872,0.01685296646603612,0.019835841313269497,1
0.026229508196721305,0.1598272138228942,0.004751128041495059,0.016846707561717585,0.26898734177215183,0.8742004264392325,0.0026251823043266925,0.023491064403731596,0.03416451705359702,0.03864569083447333,1
0.0360655737704918,0.025917926565874716,0.0011245273470994214,0.002292096268043258,0.3217299578059072,0.9552238805970149,0.004910063198833258,0.006631448802967295,0.00882774433935226,0.008549931600547199,1
0.0360655737704918,0.010799136069114479,0.000534150489872225,0.0011240472099828154,0.17088607594936706,0.5554371002132196,0.011181332036947015,0.0019107564347532885,0.0024075666380051625,0.0013679890560875513,1
0.0360655737704918,0.09071274298056158,0.0036547138780731224,0.007292306276863624,0.25527426160337546,0.7249466950959488,0.004910063198833258,0.01730920535011802,0.022069360848380633,0.022571819425444603,1
0.02950819672131147,0.13174946004319654,0.004371600061849004,0.012558527458153243,0.1909282700421941,0.6855010660980809,0.0018959649975692806,0.01641002585141059,0.02505015763829178,0.029411764705882356,1
0.026229508196721305,0.06479481641468683,0.001967922857423989,0.007070296952472004,0.2310126582278481,0.5671641791044776,0.00452114730189597,0.008654602675058999,0.009400974491258249,0.01162790697674419,1
0.006557377049180326,0.24622030237580994,0.002389620612586273,0.07729524640034881,0.35126582278481006,0.4605543710021322,0.15653864851725813,0.014948859166011016,0.009458297506448846,0.001025991792065667,2
0.0,0.017278617710583144,1.4056591838743082e-05,0.01995883827120739,1.0,1.0,0.042294603791929994,0.001011576936045866,0.0001719690455718112,0.0,2
0.0,0.023758099352051837,3.514147959685597e-05,0.025959090281791834,1.0,1.0,0.05687894992707827,0.0013487692480611407,0.00034393809114359464,0.0,2
0.0,0.012958963282937358,0.0,0.01595867026415109,1.0,1.0,0.03257170636849782,0.0007867820613689999,5.732301519060373e-05,0.0,2
0.0,0.09071274298056158,0.00025301865309737374,0.08796169439116443,0.20886075949367086,1.0,0.004375303840544485,0.0011239743733842886,0.0021209515620521716,0.0013679890560875513,2
0.003278688524590158,0.0388768898488121,0.0002249054694198841,0.01995883827120739,0.7099156118143459,0.8667377398720683,0.13466212931453572,0.0031471282454759997,0.0016050444253367865,0.0,2
0.003278688524590158,0.0388768898488121,0.0002249054694198841,0.01995883827120739,0.7626582278481011,0.8400852878464818,0.1443850267379679,0.0033719231201528588,0.0015477214101461759,0.0,2
0.039344262295081964,0.017278617710583144,0.0008574521021633107,0.0014960628346390517,0.2616033755274261,0.7953091684434968,0.025279533300923678,0.004271102618860288,0.005617655488678708,0.0017099863201094356,1
0.032786885245901634,0.18142548596112312,0.006592541572370363,0.015594654975508968,0.380801687763713,0.8432835820895522,0.008750607681088967,0.04383500056198719,0.045858412152479225,0.04274965800273598,1
0.032786885245901634,0.0388768898488121,0.0014899987349067364,0.0035941509543400765,0.12236286919831221,0.7334754797441365,0.010014584346135152,0.004046307744183429,0.009057036400114654,0.003419972640218878,1
0.026229508196721305,0.006479481641468665,0.0002600469490167418,0.0010700449418875567,0.3438818565400843,0.9285714285714285,0.007438016528925624,0.001798358997414859,0.002006305531670971,0.0017099863201094356,1
0.02295081967213114,0.002159827213822879,0.00011245273470994466,0.0007080297372489622,0.38502109704641346,0.37846481876332627,0.042294603791929994,0.001011576936045866,0.0001719690455718112,0.0,1
0.006557377049180326,0.23974082073434128,0.002326365949311929,0.07529516239682067,0.3217299578059072,0.3368869936034115,0.14073894020418085,0.013487692480611449,0.006936084838062483,0.001025991792065667,2
0.31803278688524583,0.002159827213822879,0.0020100926329402174,2.0000840035280104e-05,0.4514767932489451,0.4520255863539445,0.6791443850267379,0.01573564122738002,0.007795930065921476,0.0,4
0.003278688524590158,0.09935205183585313,0.0006184900409046817,0.04796001432060146,0.6044303797468353,0.6556503198294243,0.13952357802625184,0.006631448802967295,0.003324734881054746,0.0003419972640218913,2
0.032786885245901634,0.13606911447084236,0.004969005214995572,0.011776494612773733,0.35654008438818563,0.8688699360341151,0.006368497812348082,0.03124648758008318,0.0355402694181714,0.036251709986320116,1
0.026229508196721305,0.07559395248380131,0.0022841961737957023,0.008180343574430125,0.49999999999999994,0.8912579957356077,0.009139523578026257,0.019557154096886596,0.016738320435654916,0.018467852257181946,1
0.026229508196721305,0.04103671706263498,0.0012721215614062212,0.0046241942161570765,0.2521097046413502,0.746268656716418,0.0013125911521633497,0.006069461616275147,0.007853253081112066,0.01162790697674419,1
0.02295081967213114,0.012958963282937358,0.00039358457148479936,0.0019580822394540537,0.19198312236286916,0.28358208955223874,0.017987360233349542,0.0015735641227380068,0.0008025222126683829,0.0006839945280437826,1
0.02950819672131147,0.21166306695464365,0.006972069552016418,0.01995883827120739,0.40506329113924044,0.9040511727078892,0.0059795819154107935,0.04889288524221648,0.051762682717110924,0.05848153214774282,1
0.026229508196721305,0.06479481641468683,0.001967922857423989,0.007070296952472004,0.2637130801687763,0.7665245202558635,0.0037433155080213894,0.009666179611104872,0.012496417311550597,0.014021887824897408,1
0.032786885245901634,0.21382289416846653,0.007752210399066642,0.018322769556321363,0.36497890295358637,0.8805970149253731,0.007097715119105497,0.04956726986624706,0.05617655488678705,0.05437756497948017,1
0.032786885245901634,0.2526997840172786,0.009143812991102177,0.021594906986093412,0.22046413502109702,0.7846481876332622,0.002819640252795335,0.038215128695065756,0.059501289767841796,0.061559507523939815,1
0.02950819672131147,0.2678185745140389,0.008799426491052979,0.025159056680380574,0.39345991561181426,0.8528784648187633,0.006708799222168212,0.06013262897605935,0.061851533390656355,0.06805745554035568,1
0.026229508196721305,0.023758099352051837,0.0007660842552114824,0.0028461195370205507,0.19725738396624468,0.42643923240938175,0.01638308215848323,0.003034730808137577,0.0026941817139581603,0.0017099863201094356,1
0.026229508196721305,0.15766738660907129,0.004687873378220716,0.016624698237325965,0.2151898734177215,0.579957356076759,0.004326689353427327,0.019332359222209734,0.023043852106620813,0.026675786593707257,1
0.032786885245901634,0.2526997840172786,0.009143812991102177,0.021594906986093412,0.1940928270042194,0.7302771855010661,0.0021876519202722426,0.03461841070023604,0.055660647750071665,0.06019151846785226,1
0.02950819672131147,0.09071274298056158,0.0030362238371684407,0.008758367851449757,0.35970464135021085,0.8422174840085288,0.008993680116674771,0.019332359222209734,0.02109486959014045,0.018467852257181946,1
0.026229508196721305,0.08207343412526998,0.0024739601636187296,0.008846371547604995,0.32067510548523204,0.9648187633262261,0.004812834224598935,0.014274474541980449,0.019547148179994273,0.018809849521203834,1
0.02295081967213114,0.09935205183585313,0.002642639265683642,0.011958502257094796,0.2637130801687763,0.908315565031983,0.002236266407389404,0.012925705293919301,0.01971911722556607,0.022229822161422712,1
0.026229508196721305,0.09071274298056158,0.0027269788167161,0.009736408929175017,0.430379746835443,0.9328358208955224,0.007486631016042782,0.020343936158255593,0.020865577529378055,0.021545827633378936,1
0.026229508196721305,0.09719222462203024,0.0029167428065391254,0.010402436902349897,0.23417721518987333,0.7302771855010661,0.0054448225571220275,0.012925705293919301,0.017712811693895103,0.01607387140902873,1
0.026229508196721305,0.08207343412526998,0.0024739601636187296,0.008846371547604995,0.2816455696202531,0.9136460554371002,0.005104521147301901,0.012813307856580868,0.018572656921754086,0.01641586867305062,1
0.003278688524590158,0.034557235421166316,0.00019679228574239968,0.01795875426767924,0.7067510548523205,0.7036247334754797,0.12007778317938746,0.002809935933460718,0.0010891372886213946,0.0,2
0.0,0.03239740820734341,6.325466327434213e-05,0.03395942629590443,0.7521097046413501,1.0,0.009479824987846382,0.0013487692480611407,0.0005732301519059957,0.001025991792065667,2
0.032786885245901634,0.16198704103671707,0.005896740276352595,0.013958586260622945,0.30907172995780585,0.8656716417910449,0.005493437044239189,0.03270765426548275,0.042017770134709094,0.040697674418604654,1
0.026229508196721305,0.08423326133909287,0.0025372148268930726,0.009070380956000153,0.2626582278481012,0.8784648187633262,0.002965483714146816,0.012363718107227157,0.0183433648609917,0.01949384404924761,1
0.04262295081967212,0.3952483801295896,0.018147060063816924,0.026387108258546857,0.2130801687763713,0.6279317697228144,0.004715605250364612,0.07373271889400923,0.09630266552020636,0.09849521203830369,1
0.02950819672131147,0.32397408207343414,0.01062678343008954,0.03035927508955376,0.2584388185654008,0.7633262260127932,0.004229460379193001,0.05069124423963134,0.06735454284895386,0.0707934336525308,1
0.026229508196721305,0.2613390928725702,0.007724097215389157,0.027293146312145106,0.3270042194092827,0.9850746268656716,0.006417112299465247,0.04495897493537148,0.06213814846660935,0.05198358413132695,1
0.0,0.02159827213822893,2.8113183677486164e-05,0.023959006278263684,0.5601265822784809,1.0,0.010695187165775402,0.0006743846240305704,0.0002866150759530048,0.0003419972640218913,1
0.016393442622950817,0.05399568034557237,0.0010823575715831948,0.008958376251802572,0.10759493670886078,0.44669509594882734,0.007194944093339813,0.0026975384961222953,0.004069934078532539,0.0027359781121751026,1
0.019672131147540982,0.028077753779697623,0.0006817447041790247,0.00424417825548673,0.2869198312236287,0.746268656716418,0.008701993193971807,0.0037091154321681474,0.0041845801089137324,0.003419972640218878,1
0.019672131147540982,0.12095032397408208,0.0027972617759098135,0.01653069428916014,0.1582278481012658,0.7345415778251598,0.005055906660184736,0.009104192424412717,0.01708225852679851,0.01162790697674419,1
0.019672131147540982,0.09503239740820736,0.002206884918682617,0.013100550223109369,0.10864978902953581,0.5597014925373136,0.013952357802625185,0.005507474429583006,0.010432788764689033,0.0037619699042407695,1
0.0,0.05399568034557237,0.00013353762246805755,0.053960266331185905,0.5706751054852319,1.0,0.01312591152163345,0.0016859615600764294,0.0011464603038119844,0.001025991792065667,1
0.019672131147540982,0.03239740820734341,0.0007801408470502246,0.0048162022804957745,0.18459915611814343,0.5522388059701492,0.006806028196402532,0.0029223333707991475,0.003554026941817147,0.003077975376196994,1
0.003278688524590158,0.06263498920086394,0.00037952797964605454,0.030959300290612203,0.14978902953586495,0.48400852878464823,0.0034030140982012694,0.0012363718107227042,0.0014330753797649823,0.0017099863201094356,1
0.0,0.02159827213822893,2.8113183677486164e-05,0.023959006278263684,0.5601265822784809,1.0,0.010695187165775402,0.0006743846240305704,0.0002866150759530048,0.0003419972640218913,1
0.003278688524590158,0.03239740820734341,0.0001827356939036566,0.016958712265915166,0.2869198312236287,1.0,0.007049100631988339,0.0011239743733842886,0.0015477214101461759,0.001025991792065667,1
0.003278688524590158,0.01943844492440605,9.839614287120331e-05,0.010958460255330722,0.37658227848101256,0.9520255863539445,0.03743315508021391,0.0008991794987074295,0.0008025222126683829,0.0,1
0.003278688524590158,0.036717062634989195,0.00021084887758114276,0.018958796269443315,0.19514767932489446,1.0,0.0024307243558580466,0.0008991794987074295,0.0017770134709085839,0.0013679890560875513,1
0.019672131147540982,0.22678185745140392,0.0052079672762542,0.03053128231385718,0.22995780590717296,0.6311300639658849,0.0014584346135148342,0.022591884905024163,0.027687016337059334,0.04274965800273598,1
0.013114754098360649,0.015118790496760265,0.0002600469490167418,0.003558149442276573,0.22679324894514769,0.7633262260127932,0.0019931939718035967,0.0012363718107227042,0.0016050444253367865,0.002051983584131334,1
0.032786885245901634,0.015118790496760265,0.0006395749286627964,0.0015940669508119308,0.4567510548523206,0.708955223880597,0.022848808945065635,0.005282679554906147,0.0037259959873889442,0.002393980848153218,1
0.032786885245901634,0.012958963282937358,0.0005622636735497146,0.001412059306490878,0.6888185654008436,1.0,0.03135634419056879,0.006856243677644154,0.004643164230438521,0.002393980848153218,1
0.032786885245901634,0.012958963282937358,0.0005622636735497146,0.001412059306490878,0.41244725738396615,0.4307036247334755,0.18327661643169663,0.004271102618860288,0.0019489825164803812,0.0,1
0.032786885245901634,0.010799136069114479,0.0004849524184366259,0.001230051662169808,0.5748945147679323,1.0,0.021633446767136612,0.005057884680229288,0.004012611063341935,0.002393980848153218,1
0.032786885245901634,0.010799136069114479,0.0004849524184366259,0.001230051662169808,0.43881856540084374,1.0,0.011181332036947015,0.0039339103068450065,0.004012611063341935,0.003077975376196994,1
0.032786885245901634,0.015118790496760265,0.0006395749286627964,0.0015940669508119308,0.4462025316455695,0.6119402985074627,0.06985901798736024,0.005170282117567718,0.0032100888506735523,0.0006839945280437826,1
0.032786885245901634,0.012958963282937358,0.0005622636735497146,0.001412059306490878,0.48417721518987333,0.8422174840085288,0.03743315508021391,0.0049454872428908656,0.0038979650329607415,0.0013679890560875513,1
0.0,0.08855291576673867,0.00024599035717800047,0.08596161038763628,0.9018987341772149,1.0,0.04107924161400098,0.004271102618860288,0.002063628546861561,0.001025991792065667,2
0.02950819672131147,0.20734341252699784,0.0068315036336289905,0.01955882147050176,0.3575949367088607,0.82409381663113,0.005396208070004866,0.04293582106327976,0.04648896531957582,0.05403556771545828,1
0.02950819672131147,0.10151187904967603,0.003387638633137011,0.009758409853213836,0.49367088607594933,0.9584221748400852,0.008118619348565875,0.028548949083960887,0.026597879048437953,0.029069767441860468,1
0.02950819672131147,0.04103671706263498,0.001419715775713021,0.004158174643335014,0.29219409282700415,0.8326226012793176,0.006125425376762278,0.007643025739013154,0.009744912582401843,0.008891928864569087,1
0.026229508196721305,0.036717062634989195,0.0011456122348575378,0.004180175567373823,0.2531645569620253,0.744136460554371,0.006465726786582405,0.005507474429583006,0.007050730868443683,0.006155950752393988,1
0.026229508196721305,0.1144708423326134,0.0034227801127338676,0.012180511581486421,0.26054852320675104,1.0,0.0030140982012639844,0.016522423288749012,0.02797363141301233,0.025991792065663478,1
0.026229508196721305,0.025917926565874716,0.0008293389184858245,0.0030701289454157094,0.07911392405063289,0.9328358208955224,0.002333495381623727,0.0016859615600764294,0.006362854686156494,0.0027359781121751026,1
0.02295081967213114,0.045356371490280795,0.0012369800818093652,0.005708239746069332,0.2489451476793249,1.0,0.0008264462809917383,0.005844666741598295,0.010146173688736035,0.011969904240766077,1
0.02295081967213114,0.0712742980561555,0.0019116964900690193,0.008708365751361552,0.34493670886075944,0.8784648187633262,0.0017501215362177962,0.011801730920535013,0.013814846660934375,0.021545827633378936,1
0.026229508196721305,0.20302375809935205,0.006016221306981909,0.021292894301560665,0.24156118143459915,0.802771855010661,0.00320855614973262,0.027200179835899747,0.039954141587847526,0.042065663474692205,1
0.026229508196721305,0.13822894168466524,0.004118581408751634,0.014624614233797817,0.2858649789029535,0.7921108742004265,0.0034030140982012694,0.02146791053163988,0.026999140154772148,0.032489740082079346,1
0.026229508196721305,0.06911447084233262,0.002094432183972675,0.0075143156012552545,0.30063291139240506,0.8049040511727079,0.002479338842975208,0.011464538608519724,0.013929492691315569,0.01915184678522572,1
0.02295081967213114,0.17494600431965443,0.004610562123107631,0.020708869772530444,0.2879746835443038,0.9019189765458422,0.002236266407389404,0.02416544902776217,0.03416451705359702,0.04172366621067032,1
0.02295081967213114,0.16846652267818576,0.0044418830210427186,0.01995883827120739,0.2647679324894514,0.9168443496801706,0.0020418084589207616,0.02169270540631674,0.033419317856119235,0.03830369357045144,1
0.026229508196721305,0.20086393088552917,0.005952966643707567,0.021070884977169038,0.24578059071729952,0.7046908315565031,0.0038891589693728773,0.027312577273238173,0.03502436228145601,0.0393296853625171,1
0.02295081967213114,0.16846652267818576,0.0044418830210427186,0.01995883827120739,0.2594936708860759,0.8752665245202559,0.0020418084589207616,0.02135551309430145,0.03198624247635426,0.03761969904240767,1
0.02950819672131147,0.023758099352051837,0.0008574521021633107,0.002558107440512502,0.05907172995780596,0.664179104477612,0.005007292173067578,0.0014611666853995772,0.004700487245629124,0.0017099863201094356,1
0.02295081967213114,0.1468682505399568,0.0038796193474930074,0.017458733266797203,0.3048523206751055,0.9125799573560767,0.0017501215362177962,0.02135551309430145,0.029062768701633712,0.03898768809849522,1
0.032786885245901634,0.17710583153347734,0.006437919062144193,0.015230639686866845,0.22151898734177214,0.8081023454157782,0.0018959649975692806,0.027087782398561314,0.04304958440813987,0.04856361149110808,1
0.026229508196721305,0.20950323974082075,0.006205985296804937,0.021958922274735535,0.22995780590717296,0.8059701492537313,0.003062712688381139,0.026975384961222884,0.0413872169676125,0.0424076607387141,1
0.026229508196721305,0.16846652267818576,0.00500414669459243,0.017736744943287613,0.25421940928270037,0.8592750533049041,0.0026737967914438575,0.02360346184107003,0.035425623387790206,0.03864569083447333,1
0.032786885245901634,0.21382289416846653,0.007752210399066642,0.018322769556321363,0.19725738396624468,0.8059701492537313,0.0015070491006319922,0.029672923457345176,0.05170535970192033,0.05608755129958961,1
0.0360655737704918,0.05183585313174946,0.0021366019594889025,0.004292180271571407,0.17827004219409281,1.0,0.0014584346135148342,0.007643025739013154,0.01748351963313271,0.014363885088919292,1
0.0360655737704918,0.08207343412526998,0.0033173556739432963,0.006624278219685226,0.2310126582278481,0.7153518123667377,0.0032571706368497814,0.014499269416657301,0.01977644024075667,0.022229822161422712,1
0.02295081967213114,0.17710583153347734,0.004666788490462603,0.020958880272971464,0.22890295358649781,0.9637526652452025,0.0023821098687408886,0.020231538720917167,0.03680137575236458,0.03419972640218879,1
0.02295081967213114,0.11015118790496761,0.0029237711024584978,0.013208554759299886,0.3227848101265822,0.9797441364605544,0.0011667476908118653,0.016972013038102734,0.023445113212955008,0.03351573187414501,1
0.026229508196721305,0.17278617710583155,0.005130656021141115,0.018180763592070867,0.21097046413502107,0.7228144989339019,0.0034030140982012694,0.020793525907609307,0.03089710518773288,0.031463748290013686,1
0.019672131147540982,0.025917926565874716,0.0006325466327434257,0.003958166242982206,0.13924050632911392,0.5863539445628998,0.08118619348565873,0.0019107564347532885,0.003038119805101755,0.0,1
0.02295081967213114,0.05183585313174946,0.0014056591838742787,0.006458271247392393,0.340717299578059,0.943496801705757,0.0022848808945065656,0.008654602675058999,0.010891372886213824,0.01470588235294118,1
0.02295081967213114,0.09503239740820736,0.002530186530973702,0.011458481256212759,0.3575949367088607,0.9477611940298507,0.0026737967914438575,0.016072833539395304,0.019661794210375474,0.026333789329685366,1
0.026229508196721305,0.06911447084233262,0.002094432183972675,0.0075143156012552545,0.34493670886075944,0.9584221748400852,0.0019931939718035967,0.012925705293919301,0.01645170535970192,0.022913816689466487,1
0.032786885245901634,0.05183585313174946,0.0019538662655852477,0.004686196820266449,0.2584388185654008,0.9371002132196161,0.003500243072435589,0.009441384736428013,0.015018629979936953,0.014021887824897408,1
0.032786885245901634,0.08639308855291578,0.003190846347394611,0.007594318961396375,0.2985232067510548,0.8176972281449895,0.004618376276130289,0.01730920535011802,0.021553453711665237,0.02325581395348838,1
0.0360655737704918,0.12958963282937366,0.005172825796657343,0.010292432282155851,0.19198312236286916,0.6375266524520257,0.0013612056392805078,0.019444756659548163,0.027744339352249934,0.037277701778385776,1
0.02295081967213114,0.15766738660907129,0.004160751184267863,0.018708785769002298,0.291139240506329,0.8805970149253731,0.002722411278561019,0.022029897718332025,0.030151905990255093,0.035909712722298225,1
0.02295081967213114,0.034557235421166316,0.0009558482450345096,0.00445818724386424,0.4504219409282699,0.9850746268656716,0.004180845892075839,0.007643025739013154,0.007738607050730872,0.010601915184678526,1
0.019672131147540982,0.06695464362850972,0.001567309990019819,0.009386394228557596,0.09599156118143456,0.8336886993603412,0.005153135634419062,0.003596717994829718,0.010776726855832627,0.004445964432284545,1
0.026229508196721305,0.13390928725701945,0.003992072082202949,0.01418059558501457,0.4356540084388185,0.8923240938166311,0.006222654350996601,0.03001011576936046,0.029292060762396106,0.03522571819425445,1
0.026229508196721305,0.07343412526997843,0.00222094151052136,0.007958334250038501,0.5443037974683542,0.9275053304904052,0.00836169178415168,0.02056873103293245,0.016910289481226713,0.02051983584131327,1
0.02295081967213114,0.012958963282937358,0.00039358457148479936,0.0019580822394540537,0.15928270042194093,0.30063965884861416,0.014730189596499762,0.0013487692480611407,0.0008598452278590005,0.0006839945280437826,1
0.02295081967213114,0.04103671706263498,0.0011245273470994214,0.005208218745187294,0.3027426160337552,0.6513859275053304,0.0032571706368497814,0.006294256490952006,0.006076239610203503,0.009575923392612862,1
0.026229508196721305,0.20950323974082075,0.006205985296804937,0.021958922274735535,0.43459915611814337,0.9381663113006398,0.0059309674282936355,0.04630774418343262,0.04769274863857839,0.05574555403556772,1
0.026229508196721305,0.17710583153347734,0.0052571653476898,0.018624782240854114,0.2489451476793249,0.777185501066098,0.002576567817209531,0.024390243902439025,0.03387790197764403,0.04035567715458277,1
0.02295081967213114,0.06263498920086394,0.0016867910206491352,0.007708323749597481,0.29008438818565396,0.7761194029850746,0.0026251823043266925,0.008991794987074295,0.010834049871023224,0.01470588235294118,1
0.05901639344262294,0.0,0.00021084887758114276,0.00016800705629636467,0.8059071729957804,0.8038379530916844,0.1443850267379679,0.0033719231201528588,0.0013757523645743855,0.0,4
0.026229508196721305,0.21382289416846653,0.0063324946233536215,0.022402940923518785,0.41139240506329106,0.8518123667377399,0.006708799222168212,0.0450713723727099,0.04448265978790485,0.05095759233926129,1
0.032786885245901634,0.25053995680345575,0.009066501735989092,0.021412899341772353,0.21940928270042193,0.8049040511727079,0.003451628585318431,0.03787793638305047,0.06041845801089138,0.05711354309165527,1
0.013114754098360649,0.0,1.4056591838743082e-05,0.0007580318373371676,0.7890295358649788,0.7867803837953092,0.03257170636849782,0.0007867820613689999,5.732301519060373e-05,0.0,4
0.02950819672131147,0.2678185745140389,0.008799426491052979,0.025159056680380574,0.3776371308016877,0.8219616204690832,0.006465726786582405,0.057884680229290775,0.05973058182860419,0.06668946648426813,1
0.0360655737704918,0.24838012958963285,0.00981150110344246,0.01945881727032535,0.1772151898734177,0.6513859275053304,0.0018473505104521157,0.03461841070023604,0.05376898824878189,0.06258549931600549,1
0.026229508196721305,0.0712742980561555,0.002157686847247017,0.007736324925646874,0.22257383966244723,0.6449893390191899,0.007583859990277105,0.009216589861751154,0.011636572083691607,0.009575923392612862,1
0.026229508196721305,0.09503239740820736,0.002853488143264785,0.010180427577958274,0.2531645569620253,0.6545842217484008,0.0030140982012639844,0.013487692480611449,0.015649183147033542,0.021203830369357052,1
0.02950819672131147,0.0,8.433955103245849e-05,0.0003580150366315378,0.5253164556962024,0.5735607675906182,0.04715605250364609,0.0011239743733842886,0.0002866150759530048,0.0,2
0.02295081967213114,0.09071274298056158,0.002417733796263758,0.010958460255330722,0.39451476793248935,0.9339019189765457,0.00952843947496354,0.016747218163425878,0.01851533390656349,0.015389876880984955,1
0.02295081967213114,0.09935205183585313,0.002642639265683642,0.011958502257094796,0.27215189873417717,0.7942430703624734,0.0030140982012639844,0.013262897605934586,0.01736887360275151,0.02086183310533516,1
0.02295081967213114,0.08207343412526998,0.0021928283268438757,0.009958418253566647,0.37025316455696194,0.9904051172707888,0.0059795819154107935,0.014386871979318875,0.017770134709085707,0.017099863201094394,1
0.02295081967213114,0.09287257019438447,0.0024739601636187296,0.011208470755771742,0.4398734177215189,0.953091684434968,0.00782693242586291,0.018882769472856026,0.019317856119231876,0.01949384404924761,1
0.026229508196721305,0.0388768898488121,0.00120886689813188,0.00440218489176545,0.22046413502109702,0.5266524520255864,0.005104521147301901,0.005170282117567718,0.005331040412725717,0.006497948016415872,1
0.026229508196721305,0.04319654427645789,0.001335376224680566,0.0048462035405487,0.2594936708860759,0.9626865671641791,0.003937773456490039,0.0065190513656288585,0.010547434795070226,0.009233926128590975,1
0.02295081967213114,0.08423326133909287,0.0022490546941988454,0.010208428754007667,0.2985232067510548,0.9285714285714285,0.0037919299951385543,0.012251320669888727,0.01713958154198912,0.01778385772913817,1
0.003278688524590158,0.23758099352051837,0.0015181119185842208,0.1119627024335022,0.4683544303797468,0.4712153518123668,0.2634905201750122,0.012363718107227157,0.006076239610203503,0.0003419972640218913,2
0.0,0.09287257019438447,0.0002600469490167418,0.08996177839469258,0.7426160337552741,1.0,0.021244530870199323,0.0037091154321681474,0.0021782745772427684,0.0017099863201094356,2
0.0,0.15766738660907129,0.0004708958265978846,0.149964298500537,0.802742616033755,1.0,0.020661157024793392,0.0067438462403057176,0.0038979650329607415,0.003419972640218878,2
0.02295081967213114,0.08855291576673867,0.0023615074289087875,0.010708449754889701,0.3132911392405063,0.8017057569296376,0.004666990763247447,0.013375295043273009,0.015649183147033542,0.01778385772913817,1
0.032786885245901634,0.6457883369330455,0.023214461421683694,0.05468829690847016,0.2700421940928269,0.7174840085287846,0.004472532814778812,0.11442059121052042,0.13918028088277445,0.15629274965800274,1
0.019672131147540982,0.0712742980561555,0.0016657061328910205,0.009958418253566647,0.4229957805907172,0.8646055437100213,0.0056878949927078315,0.012363718107227157,0.011865864144453994,0.015047879616963068,1
0.026229508196721305,0.2591792656587473,0.007660842552114814,0.027071136987753482,0.3027426160337552,0.943496801705757,0.006174039863879439,0.041699449252557044,0.0592146746918888,0.049247606019151846,1
0.02950819672131147,0.27645788336933047,0.009080558327827835,0.025959090281791834,0.39345991561181426,0.757995735607676,0.007243558580456978,0.06193098797347421,0.057208369160217834,0.06737346101231191,1
0.016393442622950817,0.09503239740820736,0.0018835833063915331,0.015292642290976217,0.1740506329113924,0.791044776119403,0.0034030140982012694,0.006631448802967295,0.012324448265978796,0.00991792065663475,1
0.016393442622950817,0.05399568034557237,0.0010823575715831948,0.008958376251802572,0.08860759493670886,0.6513859275053304,0.0034030140982012694,0.0023603461841070067,0.005846947549441109,0.003419972640218878,1
0.013114754098360649,0.012958963282937358,0.0002249054694198841,0.003158132641570943,0.31434599156118137,0.6535181236673775,0.01638308215848323,0.0014611666853995772,0.0011464603038119844,0.0006839945280437826,1
0.013114754098360649,0.002159827213822879,4.919807143559905e-05,0.001158048638042794,0.4377637130801687,1.0,0.027710257656781725,0.0006743846240305704,0.0004585841215247882,0.0,1
0.013114754098360649,0.0712742980561555,0.0011737254185350222,0.013958586260622945,0.1561181434599156,0.8176972281449895,0.014973262032085564,0.003821512869506563,0.00791057609630267,0.002393980848153218,1
0.009836065573770491,0.09719222462203024,0.0012650932654868505,0.023458985277381647,0.2594936708860759,0.7217484008528786,0.005007292173067578,0.006181859053613577,0.007566638005159075,0.007865937072503423,1
0.006557377049180326,0.06263498920086394,0.0005974051531465688,0.020624866244382263,0.18354430379746836,0.7590618336886994,0.0038891589693728773,0.002247948746768577,0.0037259959873889442,0.003077975376196994,1
0.006557377049180326,0.03023758099352053,0.00028113183677485644,0.010624446226741517,0.340717299578059,0.9339019189765457,0.004618376276130289,0.0019107564347532885,0.0021782745772427684,0.002393980848153218,1
0.032786885245901634,0.04103671706263498,0.001567309990019819,0.0037761585986611397,0.37869198312236285,0.6588486140724947,0.012931453573164805,0.010565359109812298,0.008598452278589859,0.007865937072503423,1
0.032786885245901634,0.012958963282937358,0.0005622636735497146,0.001412059306490878,0.340717299578059,0.5756929637526652,0.013757899854156543,0.003596717994829718,0.0026368586987675566,0.002393980848153218,1
0.032786885245901634,0.015118790496760265,0.0006395749286627964,0.0015940669508119308,0.4356540084388185,0.8059701492537313,0.038405444822557123,0.005057884680229288,0.004241903124104343,0.0013679890560875513,1
0.02950819672131147,0.012958963282937358,0.0005060373061947405,0.0015580654387484273,0.47257383966244715,1.0,0.017987360233349542,0.004383500056198718,0.0041845801089137324,0.002393980848153218,1
0.02950819672131147,0.04103671706263498,0.001419715775713021,0.004158174643335014,0.2869198312236287,0.5735607675906182,0.010209042294603794,0.007530628301674724,0.006821438807681282,0.006497948016415872,1
0.003278688524590158,0.33477321814254857,0.0021506585513276465,0.15696459251288553,0.4789029535864978,0.5213219616204692,0.1225085075352455,0.017758795099471734,0.00951562052163945,0.0017099863201094356,2
0.02950819672131147,0.0777537796976242,0.002614526082006157,0.007558317449332871,0.4082278481012658,0.8901918976545843,0.007438016528925624,0.01865797459817916,0.019145887073660082,0.019835841313269497,1
0.026229508196721305,0.07343412526997843,0.00222094151052136,0.007958334250038501,0.5242616033755272,0.908315565031983,0.009722897423432183,0.019894346408901878,0.016566351390083122,0.01812585499316006,1
0.02295081967213114,0.0388768898488121,0.0010683009797444517,0.0049582082447462775,0.49894514767932485,0.9339019189765457,0.010695187165775402,0.009328987299089583,0.008197191172255668,0.007865937072503423,1
0.026229508196721305,0.10151187904967603,0.0030432521330878122,0.010846455551133144,0.571729957805907,0.997867803837953,0.008507535245503165,0.02933573114532989,0.024820865577529383,0.029069767441860468,1
0.0,0.06479481641468683,0.00016867910206491352,0.06396068634882665,0.7035864978902953,1.0,0.021633446767136612,0.0024727436214454293,0.0014330753797649823,0.001025991792065667,2
0.026229508196721305,0.045356371490280795,0.001398630887954909,0.005070212948943852,0.26582278481012656,1.0,0.0015556635877491537,0.006968641114982584,0.011464603038119813,0.012995896032831744,1
0.026229508196721305,0.07559395248380131,0.0022841961737957023,0.008180343574430125,0.34704641350210963,0.7953091684434968,0.0036460865337870664,0.014162077104642016,0.015018629979936953,0.02086183310533516,1
0.026229508196721305,0.0388768898488121,0.00120886689813188,0.00440218489176545,0.3027426160337552,0.8635394456289979,0.005104521147301901,0.0067438462403057176,0.008598452278589859,0.008549931600547199,1
0.02295081967213114,0.16630669546436286,0.004385656653687746,0.01970882777076637,0.340717299578059,0.953091684434968,0.003986387943607204,0.026525795211869173,0.034221840068787625,0.03796169630642955,1
0.026229508196721305,0.17062634989200864,0.005067401357866772,0.01795875426767924,0.35443037974683533,0.8901918976545843,0.005250364608653382,0.03169607732943689,0.037087990828317575,0.04035567715458277,1
0.02295081967213114,0.14038876889848811,0.003710940245428094,0.01670870176547415,0.34704641350210963,0.7292110874200426,0.0057851239669421545,0.02281667977970103,0.02252794496990542,0.027701778385772917,1
0.026229508196721305,0.06479481641468683,0.001967922857423989,0.007070296952472004,0.2531645569620253,0.814498933901919,0.0011181332036946968,0.009328987299089583,0.01324161650902838,0.018467852257181946,1
0.3049180327868852,0.0,0.0012650932654868505,0.0,0.48945147679324885,0.48400852878464823,0.46524064171123,0.010790153984489154,0.0051590713671539196,0.0,4
0.02950819672131147,0.01943844492440605,0.0007168861837758842,0.0021580906398068686,0.3481012658227848,1.0,0.0009722897423432228,0.00460829493087557,0.005904270564631706,0.009233926128590975,1
0.02950819672131147,0.13390928725701945,0.0044418830210427186,0.012758535858506054,0.25632911392405056,0.7953091684434968,0.004618376276130289,0.021130718219624596,0.02923473774720551,0.028385772913816693,1
0.02950819672131147,0.17494600431965443,0.005777259245723282,0.016558695465209536,0.25632911392405056,0.7068230277185501,0.003500243072435589,0.027424974710576602,0.034107194038406424,0.041039671682626545,1
0.0360655737704918,0.1533477321814255,0.006100560858014366,0.01212450922938763,0.2162447257383966,0.5639658848614073,0.004083616917841513,0.02517702596380803,0.029292060762396106,0.03556771545827634,1
0.02295081967213114,0.03239740820734341,0.000899621877679539,0.004208176743423223,0.3175105485232067,0.7878464818763325,0.0034030140982012694,0.005282679554906147,0.005846947549441109,0.007865937072503423,1
0.026229508196721305,0.02159827213822893,0.0007028295919371402,0.002624110212628924,0.3744725738396624,0.8720682302771855,0.0018959649975692806,0.004833089805552436,0.005044425336772719,0.008549931600547199,1
0.026229508196721305,0.17278617710583155,0.005130656021141115,0.018180763592070867,0.3069620253164556,0.9072494669509594,0.003500243072435589,0.028324154209284032,0.03823445113212955,0.0424076607387141,1
0.02295081967213114,0.11015118790496761,0.0029237711024584978,0.013208554759299886,0.3354430379746835,0.894456289978678,0.002236266407389404,0.017534000224794875,0.02149613069647464,0.03009575923392613,1
0.032786885245901634,0.17494600431965443,0.006360607807031108,0.015048632042545787,0.23417721518987333,0.8933901918976546,0.0019931939718035967,0.027986961897268743,0.04671825738033821,0.049589603283173744,1
0.02950819672131147,0.17062634989200864,0.0056366933273358545,0.016158678664503906,0.2394514767932489,0.7974413646055438,0.003937773456490039,0.025289423401146455,0.037202636858698776,0.036251709986320116,1
0.026229508196721305,0.17278617710583155,0.005130656021141115,0.018180763592070867,0.29219409282700415,0.8624733475479744,0.003937773456490039,0.027200179835899747,0.03645743766122098,0.03898768809849522,1
0.032786885245901634,0.21166306695464365,0.007674899143953557,0.018140761912000303,0.22890295358649781,0.7494669509594882,0.0029168692270296545,0.03315724401483647,0.047864717684150196,0.053009575923392616,1
0.026229508196721305,0.17278617710583155,0.005130656021141115,0.018180763592070867,0.20569620253164556,0.9307036247334756,0.003840544482255716,0.020343936158255593,0.03915161937517914,0.029411764705882356,1
0.026229508196721305,0.20518358531317496,0.006079475970256252,0.021514903625952285,0.291139240506329,0.915778251599147,0.0022848808945065656,0.03203326964145218,0.04568644310690743,0.05506155950752395,1
0.026229508196721305,0.06479481641468683,0.001967922857423989,0.007070296952472004,0.2964135021097046,0.8518123667377399,0.0018473505104521157,0.010677756547150731,0.013814846660934375,0.01915184678522572,1
0.02295081967213114,0.17278617710583155,0.00455433575575266,0.020458859272089423,0.36497890295358637,0.9477611940298507,0.005882352941176474,0.02922333370799146,0.03536830037259961,0.03522571819425445,1
0.0360655737704918,0.023758099352051837,0.0010401877960669673,0.00212408921174689,0.33755274261603374,0.9797441364605544,0.004958677685950416,0.006406653928290436,0.008369160217827458,0.008207934336525311,1
0.0360655737704918,0.08855291576673867,0.0035703743270406665,0.007124299220567263,0.25421940928270037,0.777185501066098,0.004812834224598935,0.016859615600764304,0.022986529091430213,0.022229822161422712,1
0.02295081967213114,0.15766738660907129,0.004160751184267863,0.018708785769002298,0.3829113924050632,0.9040511727078892,0.005201750121536224,0.027874564459930317,0.03089710518773288,0.03556771545827634,1
0.032786885245901634,0.17710583153347734,0.006437919062144193,0.015230639686866845,0.20991561181434598,0.659914712153518,0.0022848808945065656,0.02596380802517703,0.0356549154485526,0.044459644322845424,1
0.05901639344262294,0.2613390928725702,0.016368901196215965,0.012906542074767137,0.039029535864978926,0.028784648187633155,1.0,0.02315387209171631,0.0115219260533104,0.0,1
0.02295081967213114,0.008639308855291572,0.00028113183677485644,0.0014580612385720199,0.47257383966244715,0.6226012793176972,0.03257170636849782,0.002585141058783852,0.0013757523645743855,0.0006839945280437826,1
0.02950819672131147,0.13606911447084236,0.004512165980236432,0.01295854425885887,0.4145569620253164,0.9051172707889125,0.006222654350996601,0.03237046195346747,0.033533963886500436,0.03796169630642955,1
0.026229508196721305,0.07559395248380131,0.0022841961737957023,0.008180343574430125,0.5759493670886074,0.9424307036247335,0.010646572678658242,0.02225469259300888,0.017655488678704506,0.01915184678522572,1
0.026229508196721305,0.0388768898488121,0.00120886689813188,0.00440218489176545,0.3027426160337552,0.7569296375266524,0.0021390374331550846,0.0067438462403057176,0.007566638005159075,0.01162790697674419,1
0.009836065573770491,0.012958963282937358,0.00016867910206491352,0.003958166242982206,0.3080168776371307,0.7665245202558635,0.002576567817209531,0.0011239743733842886,0.001031814273430784,0.0017099863201094356,1
0.02950819672131147,0.21166306695464365,0.006972069552016418,0.01995883827120739,0.4187763713080168,0.8656716417910449,0.007389402041808463,0.05035405192761606,0.04969905417024936,0.05403556771545828,1
0.026229508196721305,0.06479481641468683,0.001967922857423989,0.007070296952472004,0.3301687763713079,0.7665245202558635,0.00452114730189597,0.011689333483196583,0.012496417311550597,0.015731874145006847,1
0.026229508196721305,0.17278617710583155,0.005130656021141115,0.018180763592070867,0.30063291139240506,0.8049040511727079,0.003451628585318431,0.027874564459930317,0.03416451705359702,0.042065663474692205,1
0.02950819672131147,0.21382289416846653,0.0070423525112101315,0.020158846671560204,0.4367088607594936,0.8859275053304904,0.00836169178415168,0.05282679554906149,0.051304098595586135,0.053009575923392616,1
0.0360655737704918,0.24622030237580994,0.009727161552410001,0.019292810298032516,0.20464135021097046,0.687633262260128,0.003354399611084108,0.038439923569742615,0.05600458584121525,0.05848153214774282,1
0.026229508196721305,0.18142548596112312,0.005383674674238484,0.019070800973640892,0.2626582278481012,0.6236673773987207,0.004472532814778812,0.026076205462515455,0.028317569504155926,0.03556771545827634,1
0.032786885245901634,0.24406047516198706,0.008834567970649836,0.020868876492812695,0.22573839662447256,0.7046908315565031,0.0023821098687408886,0.037765538945712045,0.05204929779306392,0.06395348837209303,1
0.009836065573770491,0.0,0.0,0.000958040237689986,0.8681434599156117,0.8667377398720683,0.027710257656781725,0.0006743846240305704,0.0,0.0,4
0.026229508196721305,0.09071274298056158,0.0027269788167161,0.009736408929175017,0.4356540084388185,0.9402985074626866,0.009965969859017992,0.02056873103293245,0.02103754657494985,0.018467852257181946,1
0.02295081967213114,0.09503239740820736,0.002530186530973702,0.011458481256212759,0.31223628691983113,0.9125799573560767,0.0032571706368497814,0.014274474541980449,0.01897391802808828,0.02188782489740082,1
0.02295081967213114,0.08207343412526998,0.0021928283268438757,0.009958418253566647,0.3575949367088607,0.9904051172707888,0.0037919299951385543,0.013937282229965157,0.017770134709085707,0.020177838577291385,1
0.02295081967213114,0.09287257019438447,0.0024739601636187296,0.011208470755771742,0.3322784810126582,0.8901918976545843,0.005542051531356347,0.014724064291334157,0.018114072800229298,0.01812585499316006,1
0.02295081967213114,0.08423326133909287,0.0022490546941988454,0.010208428754007667,0.39240506329113917,0.9637526652452025,0.0059795819154107935,0.01551084635270316,0.017770134709085707,0.018467852257181946,1
0.02295081967213114,0.08639308855291578,0.002305281061553816,0.010458439254448684,0.32805907172995774,0.9680170575692963,0.004278074866310166,0.013600089917949872,0.018286041845801095,0.018809849521203834,1
0.04262295081967212,0.7278617710583153,0.03330006606598164,0.0483880322973565,0.20675105485232065,0.5170575692963753,0.005542051531356347,0.1319545914353153,0.14840928632846087,0.16415868673050618,1
0.21311475409836061,0.002159827213822879,0.001335376224680566,4.800201608467017e-05,0.6381856540084387,0.9029850746268657,0.00631988332523092,0.014499269416657301,0.009916881627973634,0.016757865937072507,4
0.02950819672131147,0.2786177105831533,0.009150841287021549,0.026159098682144645,0.4261603375527426,0.8411513859275053,0.008264462809917359,0.0669888726537035,0.06351390083118373,0.0677154582763338,1
0.14098360655737702,0.002159827213822879,0.0008715086940020537,9.400394816582239e-05,0.5759493670886074,0.8304904051172708,0.0056878949927078315,0.008767000112397436,0.005961593579822302,0.010601915184678526,4
0.02295081967213114,0.025917926565874716,0.0007309427756146255,0.003458145242100169,0.18037974683544303,0.638592750533049,0.011035488575595529,0.0026975384961222953,0.0038406420177701447,0.002051983584131334,1
0.026229508196721305,0.37149028077753776,0.010950085042380625,0.03862562227613559,0.13291139240506325,0.7196162046908315,0.0019931939718035967,0.03124648758008318,0.06574949842361709,0.055403556771545834,1
0.02295081967213114,0.09287257019438447,0.0024739601636187296,0.011208470755771742,0.10970464135021091,0.7068230277185501,0.0027710257656781735,0.006181859053613577,0.014560045858412158,0.00991792065663475,1
0.019672131147540982,0.05399568034557237,0.0012721215614062212,0.007672322237533974,0.051687763713080204,0.593816631130064,0.012153621779290231,0.002023153872091711,0.006305531670965897,0.0013679890560875513,1
0.02295081967213114,0.2591792656587473,0.006803390449951504,0.030459279289730166,0.18459915611814343,0.6268656716417911,0.0006806028196402573,0.024839833651792743,0.0359415305245056,0.05232558139534885,1
0.032786885245901634,0.20302375809935205,0.0073656541235012155,0.017412731334716058,0.2943037974683544,0.9509594882729212,0.0146815751093826,0.039226705631111615,0.057323015190599035,0.02735978112175103,1
0.15409836065573768,0.8639308855291576,0.13556177169283531,0.01670870176547415,0.0031645569620253333,0.034115138592750616,0.013757899854156543,0.11880409126671912,0.10358268844941243,0.0872093023255814,5
0.9934426229508198,0.9956803455723544,0.9891904808760066,0.0030041261732992736,0.011603375527426185,0.06289978678038377,0.012688381137579004,0.9999999999999999,0.9787331613642879,0.7770177838577292,5
0.02950819672131147,0.0388768898488121,0.0013494328165193081,0.003958166242982206,0.4040084388185653,0.8827292110874201,0.007778317938745748,0.009666179611104872,0.009802235597592433,0.00991792065663475,1
0.026229508196721305,0.20518358531317496,0.006079475970256252,0.021514903625952285,0.4367088607594936,0.9712153518123667,0.0054448225571220275,0.04563335955940205,0.04826597879048439,0.05711354309165527,1
0.026229508196721305,0.04103671706263498,0.0012721215614062212,0.0046241942161570765,0.3185654008438818,0.8699360341151385,0.006708799222168212,0.007418230864336302,0.009114359415305251,0.008207934336525311,1
0.026229508196721305,0.16846652267818576,0.00500414669459243,0.017736744943287613,0.3016877637130801,0.9509594882729212,0.003597472046669912,0.027200179835899747,0.038979650329607346,0.04035567715458277,1
0.032786885245901634,0.17926565874730022,0.006515230317257278,0.015412647331187907,0.20886075949367086,0.6417910447761195,0.0020904229460379196,0.026188602899853884,0.035196331327027805,0.045827633378932975,1
0.026229508196721305,0.1598272138228942,0.004751128041495059,0.016846707561717585,0.32805907172995774,0.8656716417910449,0.004278074866310166,0.027762167022591884,0.03387790197764403,0.03864569083447333,1
0.026229508196721305,0.06695464362850972,0.002031177520698332,0.007292306276863624,0.2183544303797468,0.7590618336886994,0.0017987360233349577,0.008542205237720576,0.012783032387503591,0.015389876880984955,1
0.026229508196721305,0.2548596112311015,0.007534333225566129,0.026625118254966707,0.2943037974683544,0.8496801705756931,0.003305785123966943,0.040125885129819044,0.05279449699054171,0.061559507523939815,1
0.0360655737704918,0.25053995680345575,0.009895840654474915,0.01962482424261819,0.21202531645569617,0.7515991471215352,0.0031599416626154654,0.040125885129819044,0.061851533390656355,0.06258549931600549,1
0.026229508196721305,0.1965442764578834,0.005826457317158882,0.020624866244382263,0.2858649789029535,0.8805970149253731,0.003694701020904228,0.03023491064403732,0.04218973918028089,0.044459644322845424,1
0.026229508196721305,0.08855291576673867,0.002663724153441757,0.0095143996047834,0.3428270042194092,0.9168443496801706,0.004618376276130289,0.016297628414072163,0.020063055316709662,0.02188782489740082,1
1.0,1.0,1.0,0.002998125921288692,0.0031645569620253333,0.06503198294243073,0.006757413709285367,0.8834438574800497,0.9999999999999999,1.0,5
0.1442622950819672,0.16630669546436286,0.024929365626010315,0.0034701457461213323,0.03691983122362874,0.14179104477611948,0.017063684978123484,0.03450601326289761,0.03932358842075094,0.021545827633378936,5
0.019672131147540982,0.015118790496760265,0.0003865562755654261,0.0025301062644631014,0.2964135021097046,0.45842217484008535,0.095770539620807,0.002247948746768577,0.0013757523645743855,0.0,1
0.006557377049180326,0.010799136069114479,9.13678469518283e-05,0.0046241942161570765,0.5981012658227847,0.593816631130064,0.05687894992707827,0.0013487692480611407,0.00034393809114359464,0.0,1
0.016393442622950817,0.03239740820734341,0.000660659816420911,0.005624236217921151,0.23523206751054854,0.8123667377398721,0.0034030140982012694,0.003034730808137577,0.0044138721696761335,0.004445964432284545,1
0.016393442622950817,0.05831533477321815,0.0011666971226156515,0.009624404224977446,0.25421940928270037,0.9147121535181237,0.0009722897423432228,0.005619871866921436,0.008770421324161656,0.011285909712722305,1
0.013114754098360649,0.09503239740820736,0.0015602816941004492,0.01835877106838487,0.23839662447257381,0.82409381663113,0.00442391832766165,0.007081038552321006,0.010604757810260823,0.009575923392612862,1
0.013114754098360649,0.06047516198704103,0.0009980180205507389,0.011958502257094796,0.11392405063291139,0.6375266524520257,0.0019931939718035967,0.002585141058783852,0.005273717397535113,0.004445964432284545,1
0.009836065573770491,0.03023758099352053,0.00039358457148479936,0.007958334250038501,0.3575949367088607,0.9339019189765457,0.0017987360233349577,0.0026975384961222953,0.003038119805101755,0.0047879616963064295,1
0.019672131147540982,0.09287257019438447,0.002157686847247017,0.012816538294608371,0.1561181434599156,0.7601279317697228,0.002965483714146816,0.006968641114982584,0.013585554600171974,0.01094391244870041,1
0.019672131147540982,0.05399568034557237,0.0012721215614062212,0.007672322237533974,0.1962025316455696,0.7238805970149254,0.007340787554691301,0.0049454872428908656,0.007623961020349672,0.005129958960328324,1
0.02950819672131147,0.2591792656587473,0.008518294654278124,0.02435902307896931,0.2331223628691983,0.5095948827292112,0.0035488575595527504,0.037315949196358326,0.03737460590427057,0.05574555403556772,1
0.032786885245901634,0.10151187904967603,0.0037320251331862085,0.008868372471643807,0.3069620253164556,0.6439232409381662,0.014584346135148276,0.02068112847027088,0.020177701347090855,0.014363885088919292,1
0.032786885245901634,0.0712742980561555,0.0026496675616030155,0.006322265535152478,0.2985232067510548,0.556503198294243,0.016917841516772003,0.014386871979318875,0.012496417311550597,0.008891928864569087,1
0.02950819672131147,0.0777537796976242,0.002614526082006157,0.007558317449332871,0.4029535864978902,0.8848614072494669,0.00772970345162859,0.018433179723502304,0.01903124104327888,0.01915184678522572,1
0.026229508196721305,0.07343412526997843,0.00222094151052136,0.007958334250038501,0.5274261603375527,0.9211087420042643,0.010743801652892565,0.020006743846240307,0.01679564345084552,0.017099863201094394,1
0.02950819672131147,0.20734341252699784,0.0068315036336289905,0.01955882147050176,0.41772151898734167,0.8731343283582088,0.007000486144871178,0.04923007755423177,0.04906850100315277,0.05437756497948017,1
0.026229508196721305,0.04103671706263498,0.0012721215614062212,0.0046241942161570765,0.5031645569620253,0.9552238805970149,0.009868740884783666,0.011127346296504439,0.009974204643164238,0.00991792065663475,1
0.02950819672131147,0.10151187904967603,0.003387638633137011,0.009758409853213836,0.5263713080168776,0.9392324093816631,0.008604764219737486,0.03023491064403732,0.026081971911722568,0.029753761969904244,1
0.0,0.10151187904967603,0.000288160132694228,0.09796211440880516,0.24683544303797467,1.0,0.027710257656781725,0.0014611666853995772,0.0024075666380051625,0.0003419972640218913,1
0.02950819672131147,0.0475161987041037,0.0016305646532941628,0.004758199844393466,0.22679324894514769,0.8091684434968016,0.003694701020904228,0.007081038552321006,0.010891372886213824,0.010259917920656638,1
0.026229508196721305,0.07343412526997843,0.00222094151052136,0.007958334250038501,0.38818565400843874,0.8816631130063965,0.0034030140982012694,0.015173654040687868,0.016107767268558334,0.022913816689466487,1
0.026229508196721305,0.04103671706263498,0.0012721215614062212,0.0046241942161570765,0.3586497890295358,0.8923240938166311,0.007000486144871178,0.008205012925705302,0.009343651476067645,0.008891928864569087,1
0.026229508196721305,0.16414686825053995,0.0048776373680437446,0.017292726294504367,0.3132911392405063,0.8539445628997867,0.004229460379193001,0.027424974710576602,0.034336486099168825,0.03830369357045144,1
0.032786885245901634,0.14038876889848811,0.005123627725221742,0.012140509901415861,0.2943037974683544,0.8336886993603412,0.00476421973748177,0.027312577273238173,0.03525365434221841,0.036251709986320116,1
0.02950819672131147,0.06695464362850972,0.0022631112860375877,0.0065582754475688,0.3322784810126582,0.8550106609808104,0.0031599416626154654,0.013487692480611449,0.015935798222986533,0.02086183310533516,1
0.02950819672131147,0.16846652267818576,0.005566410368142141,0.01595867026415109,0.2763713080168776,0.7857142857142858,0.003694701020904228,0.028099359334607173,0.03622814560045859,0.04138166894664843,1
0.032786885245901634,0.20518358531317496,0.0074429653786143015,0.017594738979037117,0.2584388185654008,0.6439232409381662,0.0053475935828877046,0.03551759019894347,0.04035540269418172,0.04480164158686731,1
0.026229508196721305,0.17278617710583155,0.005130656021141115,0.018180763592070867,0.3554852320675105,0.9147121535181237,0.005007292173067578,0.0321456670787906,0.03852106620808255,0.04172366621067032,1
0.026229508196721305,0.14470842332613393,0.004308345398574661,0.015292642290976217,0.3069620253164556,0.8678038379530916,0.0021876519202722426,0.02382825671574688,0.030782459157351682,0.04138166894664843,1
0.0360655737704918,0.17710583153347734,0.007028295919371389,0.013958586260622945,0.2426160337552742,0.7633262260127932,0.002965483714146816,0.03180847476677533,0.04453998280309545,0.050615595075239404,1
0.026229508196721305,0.17278617710583155,0.005130656021141115,0.018180763592070867,0.34493670886075944,0.8710021321961621,0.005104521147301901,0.03135888501742161,0.03680137575236458,0.04035567715458277,1
0.02950819672131147,0.13174946004319654,0.004371600061849004,0.012558527458153243,0.25527426160337546,0.8880597014925373,0.004375303840544485,0.02068112847027088,0.03192891946116366,0.028385772913816693,1
0.032786885245901634,0.21598272138228944,0.007829521654179727,0.018504777200642423,0.24999999999999994,0.8176972281449895,0.0027710257656781735,0.03630437226031247,0.05290914302092291,0.05882352941176471,1
0.026229508196721305,0.17278617710583155,0.005130656021141115,0.018180763592070867,0.35126582278481006,0.9307036247334756,0.004812834224598935,0.03180847476677533,0.03915161937517914,0.042065663474692205,1
0.06885245901639343,0.05183585313174946,0.003963958898525463,0.00232209752809618,0.2436708860759494,0.9125799573560767,0.003062712688381139,0.018095987411487022,0.029693321868730298,0.028385772913816693,1
0.06885245901639343,0.09719222462203024,0.007211031613275045,0.004230177667462028,0.2816455696202531,0.7366737739872068,0.004035002430724358,0.036978756884343045,0.04425336772714245,0.05266757865937073,1
0.02950819672131147,0.11015118790496761,0.0036687704699118655,0.010558443454625092,0.30379746835443033,0.8933901918976546,0.0025279533300923696,0.020119141283578737,0.026941817139581548,0.03351573187414501,1
0.02950819672131147,0.08207343412526998,0.002755092000393585,0.007958334250038501,0.3016877637130801,0.8699360341151385,0.0029168692270296545,0.015061256603349445,0.01971911722556607,0.023939808481532154,1
0.02295081967213114,0.17278617710583155,0.00455433575575266,0.020458859272089423,0.2489451476793249,0.9968017057569296,0.003354399611084108,0.021130718219624596,0.037087990828317575,0.03214774281805746,1
0.02950819672131147,0.06911447084233262,0.0023333942452313013,0.006758283847921612,0.32067510548523204,0.7899786780383795,0.002576567817209531,0.013487692480611449,0.015247922040699344,0.022229822161422712,1
0.0360655737704918,0.3110151187904968,0.012257348083383702,0.024293020306852885,0.04113924050632917,0.07036247334754808,0.12333495381623724,0.017871192536810163,0.012496417311550597,0.0017099863201094356,5
0.6918032786885245,0.997840172786177,0.6913031866293697,0.004336182119649024,0.0,0.008528784648187515,0.05123966942148761,0.5692930201191413,0.39421037546574955,0.1460328317373461,5
0.026229508196721305,0.17278617710583155,0.005130656021141115,0.018180763592070867,0.3396624472573839,0.8571428571428571,0.004861448711716093,0.03090929526806789,0.03622814560045859,0.040697674418604654,1
0.0721311475409836,0.05183585313174946,0.00414669459242912,0.0022180931599127124,0.23839662447257381,0.9573560767590619,0.0024307243558580466,0.018545577160840737,0.03250214961306965,0.031121751025991795,1
0.0721311475409836,0.09719222462203024,0.0075413615214855005,0.004044169855133908,0.2774261603375527,0.7302771855010661,0.004375303840544485,0.038215128695065756,0.04591573516766982,0.05266757865937073,1
0.026229508196721305,0.17494600431965443,0.005193910684415457,0.018402772916462494,0.2531645569620253,0.9029850746268657,0.0054448225571220275,0.024390243902439025,0.03852106620808255,0.03043775649794802,1
0.02950819672131147,0.06911447084233262,0.0023333942452313013,0.006758283847921612,0.35443037974683533,0.8837953091684434,0.0038891589693728773,0.014724064291334157,0.016967612496417313,0.021203830369357052,1
0.026229508196721305,0.17278617710583155,0.005130656021141115,0.018180763592070867,0.3354430379746835,0.9189765458422176,0.005298979095770543,0.030572102956052605,0.03869303525365435,0.03864569083447333,1
0.0360655737704918,0.023758099352051837,0.0010401877960669673,0.00212408921174689,0.3575949367088607,0.9797441364605544,0.005104521147301901,0.0067438462403057176,0.008369160217827458,0.008549931600547199,1
0.0360655737704918,0.012958963282937358,0.0006184900409046817,0.0012920542662791835,0.2637130801687763,1.0,0.007778317938745748,0.0031471282454759997,0.005101748351963323,0.003077975376196994,1
0.0360655737704918,0.08639308855291578,0.0034860347760082098,0.006958292248274427,0.3196202531645569,0.7739872068230277,0.00685464268351969,0.020006743846240307,0.022355975924333627,0.022229822161422712,1
0.02950819672131147,0.18142548596112312,0.005988108123304424,0.01715872066626798,0.28902953586497887,0.8336886993603412,0.0026737967914438575,0.03135888501742161,0.041215247922040704,0.05129958960328318,1
0.026229508196721305,0.1598272138228942,0.004751128041495059,0.016846707561717585,0.34599156118143454,0.9466950959488273,0.004375303840544485,0.02911093627065303,0.03685869876755518,0.04001367989056088,1
0.026229508196721305,0.008639308855291572,0.00032330161229108395,0.0012920542662791835,0.6487341772151898,0.7430703624733476,0.08118619348565873,0.0039339103068450065,0.0019489825164803812,0.0003419972640218913,1
0.02950819672131147,0.13606911447084236,0.004512165980236432,0.01295854425885887,0.4462025316455695,0.9690831556503198,0.007097715119105497,0.03461841070023604,0.035769561478933794,0.03796169630642955,1
0.026229508196721305,0.07343412526997843,0.00222094151052136,0.007958334250038501,0.5632911392405062,0.9445628997867803,0.0104521147301896,0.021243115656963022,0.01719690455717971,0.018467852257181946,1
0.026229508196721305,0.04319654427645789,0.001335376224680566,0.0048462035405487,0.3554852320675105,0.8326226012793176,0.003062712688381139,0.008542205237720576,0.009171682430495855,0.013337893296853628,1
0.026229508196721305,0.17926565874730022,0.005320420010964142,0.018846791565245734,0.36181434599156115,0.835820895522388,0.004958677685950416,0.03383162863886704,0.036686729721983384,0.04411764705882353,1
0.026229508196721305,0.06479481641468683,0.001967922857423989,0.007070296952472004,0.3481012658227848,0.7782515991471216,0.004180845892075839,0.012251320669888727,0.012668386357122398,0.017099863201094394,1
0.032786885245901634,0.21166306695464365,0.007674899143953557,0.018140761912000303,0.4440928270042193,0.8742004264392325,0.009674282936315027,0.05833426997864449,0.05520206362854686,0.05369357045143639,1
0.0721311475409836,0.25053995680345575,0.019018568757818977,0.010218429174025302,0.25421940928270037,0.769722814498934,0.003694701020904228,0.0892435652467124,0.12163943823445114,0.13132694938440492,1
0.032786885245901634,0.265658747300216,0.009607680521780688,0.022686952852019784,0.4008438818565401,0.791044776119403,0.00841030627126884,0.06665168034168821,0.06294067067927774,0.06668946648426813,1
0.02950819672131147,0.08855291576673867,0.002965940877974727,0.008558359451096946,0.4282700421940927,0.9360341151385927,0.011084103062712692,0.022029897718332025,0.02275723703066782,0.018467852257181946,1
0.02950819672131147,0.09935205183585313,0.0033173556739432963,0.00955840145286102,0.2943037974683544,0.7249466950959488,0.005201750121536224,0.017758795099471734,0.020005732301519065,0.022571819425444603,1
0.026229508196721305,0.08207343412526998,0.0024739601636187296,0.008846371547604995,0.45464135021097035,0.9914712153518124,0.007535245503159944,0.019444756659548163,0.020063055316709662,0.02051983584131327,1
0.026229508196721305,0.09071274298056158,0.0027269788167161,0.009736408929175017,0.4187763713080168,0.8710021321961621,0.008118619348565875,0.019894346408901878,0.019547148179994273,0.020177838577291385,1
0.026229508196721305,0.09719222462203024,0.0029167428065391254,0.010402436902349897,0.3364978902953586,0.8134328358208954,0.007049100631988339,0.017534000224794875,0.019604471195184874,0.01915184678522572,1
0.026229508196721305,0.08639308855291578,0.0026004694901674147,0.009292390280391773,0.3976793248945147,0.9744136460554371,0.007049100631988339,0.018095987411487022,0.020750931498996854,0.019835841313269497,1
0.02950819672131147,0.08639308855291578,0.0028956579187810125,0.008358351050744128,0.2795358649789029,0.8400852878464818,0.004472532814778812,0.014836461728672586,0.020063055316709662,0.020177838577291385,1
0.07540983606557376,0.7300215982721383,0.05729466833471556,0.02829318831390918,0.16772151898734178,0.43283582089552236,0.006660184735051047,0.19298639991008204,0.21868730295213532,0.21956224350205197,1
0.02950819672131147,0.27645788336933047,0.009080558327827835,0.025959090281791834,0.4578059071729957,0.8464818763326226,0.009139523578026257,0.0709227829605485,0.06339925480080252,0.0677154582763338,1
0.016393442622950817,0.023758099352051837,0.0004919807143559975,0.004292180271571407,0.08016877637130804,0.5490405117270789,0.0017987360233349577,0.001011576936045866,0.0021782745772427684,0.0017099863201094356,1
0.019672131147540982,0.034557235421166316,0.0008293389184858245,0.005100214208996777,0.07067510548523209,0.41577825159914716,0.004083616917841513,0.0015735641227380068,0.0028661507595299576,0.002051983584131334,1
0.019672131147540982,0.08639308855291578,0.0020100926329402174,0.011958502257094796,0.25421940928270037,0.847547974413646,0.006368497812348082,0.009553782173766436,0.01404413872169677,0.01094391244870041,1
0.019672131147540982,0.06263498920086394,0.0014689138471486226,0.008816370287552073,0.22679324894514769,0.6950959488272922,0.004132231404958681,0.006406653928290436,0.008483806248208665,0.008891928864569087,1
0.019672131147540982,0.03023758099352053,0.0007309427756146255,0.004530190267991251,0.19936708860759492,0.6098081023454158,0.0055906660184735085,0.0029223333707991475,0.0036686729721983405,0.003419972640218878,1
0.019672131147540982,0.045356371490280795,0.0010753292756638232,0.0065302742715194,0.04324894514767935,0.5095948827292112,0.0002916869227029724,0.0015735641227380068,0.004585841215247931,0.003419972640218878,1
0.019672131147540982,0.012958963282937358,0.00033735820412982703,0.002244094251958581,0.11497890295358651,0.48614072494669514,0.0024307243558580466,0.0008991794987074295,0.001261106334193185,0.0013679890560875513,1
0.019672131147540982,0.0,4.2169775516229246e-05,0.0005300222609349557,0.47257383966244715,0.9243070362473348,0.027710257656781725,0.0006743846240305704,0.00034393809114359464,0.0,1
0.016393442622950817,0.01943844492440605,0.0004076411633235442,0.0036241522143930123,0.15295358649789023,0.8379530916844349,0.0,0.0013487692480611407,0.0028088277443393678,0.003077975376196994,1
0.019672131147540982,0.2570194384449244,0.005896740276352595,0.034531450320913475,0.23628691983122363,0.5810234541577826,0.0023821098687408886,0.026188602899853884,0.029062768701633712,0.044459644322845424,1
0.032786885245901634,0.04103671706263498,0.001567309990019819,0.0037761585986611397,0.43881856540084374,0.7004264392324094,0.028682547399124944,0.012026525795211868,0.009114359415305251,0.0047879616963064295,1
0.032786885245901634,0.015118790496760265,0.0006395749286627964,0.0015940669508119308,0.48839662447257376,0.7526652452025586,0.03500243072435586,0.005619871866921436,0.003955288048151331,0.0017099863201094356,1
0.02950819672131147,0.012958963282937358,0.0005060373061947405,0.0015580654387484273,0.36708860759493667,0.6801705756929637,0.01312591152163345,0.0034843205574912953,0.0028088277443393678,0.002393980848153218,1
0.032786885245901634,0.012958963282937358,0.0005622636735497146,0.001412059306490878,0.712025316455696,0.9882729211087421,0.04555177442877978,0.007081038552321006,0.004585841215247931,0.0017099863201094356,1
0.032786885245901634,0.010799136069114479,0.0004849524184366259,0.001230051662169808,0.43881856540084374,0.44669509594882734,0.16869227029654837,0.0039339103068450065,0.0017196904557179662,0.0,1
0.032786885245901634,0.012958963282937358,0.0005622636735497146,0.001412059306490878,0.6761603375527425,0.9882729211087421,0.04312105007292173,0.0067438462403057176,0.004585841215247931,0.0017099863201094356,1
0.026229508196721305,0.0388768898488121,0.00120886689813188,0.00440218489176545,0.4314345991561181,1.0,0.006271268838113759,0.009216589861751154,0.009916881627973634,0.010601915184678526,1
0.026229508196721305,0.07343412526997843,0.00222094151052136,0.007958334250038501,0.4789029535864978,0.894456289978678,0.007438016528925624,0.018320782286163878,0.016337059329320728,0.01949384404924761,1
0.032786885245901634,0.20734341252699784,0.007520276633727387,0.017776746623358177,0.36392405063291133,0.7633262260127932,0.006368497812348082,0.04799370574350905,0.04769274863857839,0.05574555403556772,1
0.026229508196721305,0.10151187904967603,0.0030432521330878122,0.010846455551133144,0.5696202531645569,0.997867803837953,0.008118619348565875,0.02922333370799146,0.024820865577529383,0.029753761969904244,1
0.026229508196721305,0.16414686825053995,0.0048776373680437446,0.017292726294504367,0.29219409282700415,0.8891257995735606,0.0038891589693728773,0.0258514105878386,0.0356549154485526,0.037277701778385776,1
0.02295081967213114,0.025917926565874716,0.0007309427756146255,0.003458145242100169,0.09599156118143456,1.0,0.006660184735051047,0.0016859615600764294,0.006018916595012899,0.0017099863201094356,1
0.06557377049180327,0.224622030237581,0.015588760349165742,0.010054422285735998,0.08860759493670886,0.3560767590618337,0.003354399611084108,0.03383162863886704,0.050100315276583554,0.051641586867305064,1
0.02295081967213114,0.0475161987041037,0.001293206449164335,0.005958250246510352,0.2584388185654008,0.9722814498933903,0.0006319883325230959,0.006294256490952006,0.010318142734307832,0.013337893296853628,1
0.02295081967213114,0.07343412526997843,0.001967922857423989,0.008958376251802572,0.4356540084388185,0.8773987206823027,0.004035002430724358,0.014948859166011016,0.014216107767268563,0.021203830369357052,1
0.026229508196721305,0.02159827213822893,0.0007028295919371402,0.002624110212628924,0.3744725738396624,1.0,0.0016042780748663082,0.004833089805552436,0.005789624534250505,0.008891928864569087,1
0.02295081967213114,0.0777537796976242,0.002080375592133931,0.00945839725268461,0.3132911392405063,0.7409381663113006,0.003062712688381139,0.011801730920535013,0.012783032387503591,0.018467852257181946,1
0.026229508196721305,0.06911447084233262,0.002094432183972675,0.0075143156012552545,0.27215189873417717,0.8880597014925373,0.0015070491006319922,0.010565359109812298,0.015305245055889944,0.019835841313269497,1
0.026229508196721305,0.02159827213822893,0.0007028295919371402,0.002624110212628924,0.3744725738396624,1.0,0.0013125911521633497,0.004833089805552436,0.005789624534250505,0.009233926128590975,1
0.026229508196721305,0.13174946004319654,0.003928817418928607,0.013958586260622945,0.2594936708860759,0.7729211087420043,0.003451628585318431,0.018882769472856026,0.025164803668672974,0.028385772913816693,1
0.026229508196721305,0.22030237580993522,0.00652225861317665,0.023070968980697184,0.2426160337552742,0.8976545842217485,0.003062712688381139,0.02956052602000675,0.04809400974491259,0.046511627906976744,1
0.032786885245901634,0.15766738660907129,0.005742117766126425,0.01359457097198082,0.22995780590717296,0.6577825159914713,0.0037919299951385543,0.02495223108913117,0.03169962740040127,0.036251709986320116,1
0.02295081967213114,0.03239740820734341,0.000899621877679539,0.004208176743423223,0.2710970464135021,0.6545842217484008,0.005007292173067578,0.00460829493087557,0.004872456291200922,0.005813953488372093,1
0.026229508196721305,0.17278617710583155,0.005130656021141115,0.018180763592070867,0.2710970464135021,0.7633262260127932,0.003062712688381139,0.025514218275823314,0.03250214961306965,0.04001367989056088,1
0.02295081967213114,0.02159827213822893,0.0006184900409046817,0.002958124241218125,0.4398734177215189,1.0,0.0015070491006319922,0.0049454872428908656,0.005101748351963323,0.009233926128590975,1
0.02295081967213114,0.11015118790496761,0.0029237711024584978,0.013208554759299886,0.30063291139240506,0.8816631130063965,0.0016528925619834732,0.015960436102056875,0.021209515620521646,0.029411764705882356,1
0.032786885245901634,0.17926565874730022,0.006515230317257278,0.015412647331187907,0.22784810126582278,0.8955223880597015,0.0020904229460379196,0.028099359334607173,0.04792204069934079,0.049247606019151846,1
0.02950819672131147,0.02159827213822893,0.0007871691429695961,0.0023580990401596835,0.3322784810126582,1.0,0.0013125911521633497,0.004833089805552436,0.006477500716537694,0.009233926128590975,1
0.02950819672131147,0.13174946004319654,0.004371600061849004,0.012558527458153243,0.20991561181434598,0.8912579957356077,0.0026251823043266925,0.017646397662133304,0.03204356549154486,0.029069767441860468,1
0.0360655737704918,0.21598272138228944,0.008546407837955608,0.016958712265915166,0.2162447257383966,0.791044776119403,0.0022848808945065656,0.03529279532426661,0.05600458584121525,0.060533515731874155,1
0.0360655737704918,0.1900647948164147,0.007534333225566129,0.014958628262387018,0.1381856540084388,0.6972281449893389,0.0030140982012639844,0.02214229515567045,0.04390942963599886,0.034883720930232565,1
0.0360655737704918,0.05183585313174946,0.0021366019594889025,0.004292180271571407,0.1814345991561181,0.9008528784648188,0.0016042780748663082,0.0077554231763515835,0.015821152192605336,0.014363885088919292,1
0.0360655737704918,0.08423326133909287,0.003401695224975753,0.00679228527598159,0.24999999999999994,0.7228144989339019,0.003694701020904228,0.015848038664718445,0.020464316423043857,0.02325581395348838,1
0.026229508196721305,0.17062634989200864,0.005067401357866772,0.01795875426767924,0.24789029535864976,0.814498933901919,0.004472532814778812,0.02337866696639317,0.034107194038406424,0.03180574555403557,1
0.02295081967213114,0.05183585313174946,0.0014056591838742787,0.006458271247392393,0.3354430379746835,0.943496801705757,0.0023821098687408886,0.008542205237720576,0.010891372886213824,0.014363885088919292,1
0.026229508196721305,0.09503239740820736,0.002853488143264785,0.010180427577958274,0.3301687763713079,0.8379530916844349,0.003451628585318431,0.016859615600764304,0.01971911722556607,0.025307797537619706,1
0.026229508196721305,0.06911447084233262,0.002094432183972675,0.0075143156012552545,0.32805907172995774,0.8539445628997867,0.002236266407389404,0.012363718107227157,0.014732014903983952,0.021203830369357052,1
0.0360655737704918,0.05183585313174946,0.0021366019594889025,0.004292180271571407,0.23628691983122363,0.8187633262260128,0.00442391832766165,0.009553782173766436,0.014445399828030964,0.012995896032831744,1
0.0360655737704918,0.08855291576673867,0.0035703743270406665,0.007124299220567263,0.291139240506329,0.7750533049040512,0.006125425376762278,0.018882769472856026,0.022929206076239616,0.022229822161422712,1
0.02295081967213114,0.15766738660907129,0.004160751184267863,0.018708785769002298,0.3386075949367088,0.9520255863539445,0.0031599416626154654,0.0250646285264696,0.032444826597879055,0.03898768809849522,1
0.032786885245901634,0.18142548596112312,0.006592541572370363,0.015594654975508968,0.24999999999999994,0.6812366737739871,0.003305785123966943,0.030572102956052605,0.03760389796503297,0.046853625170998635,1
0.02295081967213114,0.008639308855291572,0.00028113183677485644,0.0014580612385720199,0.5601265822784809,0.800639658848614,0.027710257656781725,0.003034730808137577,0.0018343364860991737,0.001025991792065667,1
0.026229508196721305,0.13390928725701945,0.003992072082202949,0.01418059558501457,0.46308016877637126,0.9829424307036249,0.006174039863879439,0.03169607732943689,0.03210088850673546,0.037277701778385776,1
0.02295081967213114,0.07343412526997843,0.001967922857423989,0.008958376251802572,0.5348101265822783,0.9402985074626866,0.008458920758386003,0.017983589974148593,0.015190599025508747,0.01778385772913817,1
0.02295081967213114,0.012958963282937358,0.00039358457148479936,0.0019580822394540537,0.20886075949367086,0.6503198294243071,0.0014584346135148342,0.0016859615600764294,0.002063628546861561,0.003077975376196994,1
0.02295081967213114,0.04103671706263498,0.0011245273470994214,0.005208218745187294,0.34704641350210963,0.8347547974413646,0.002819640252795335,0.007081038552321006,0.007738607050730872,0.011285909712722305,1
0.026229508196721305,0.20950323974082075,0.006205985296804937,0.021958922274735535,0.4314345991561181,0.8997867803837952,0.006562955760816724,0.04608294930875577,0.045858412152479225,0.05266757865937073,1
0.026229508196721305,0.2570194384449244,0.007597587888840472,0.026847127579358334,0.28481012658227844,0.7611940298507461,0.0037919299951385543,0.039339103068450045,0.048036686729721986,0.05745554035567716,1
0.026229508196721305,0.21166306695464365,0.006269239960079279,0.02218093159912716,0.4335443037974682,0.9019189765458422,0.00787554691298007,0.04675733393278634,0.046431642304385214,0.04856361149110808,1
0.032786885245901634,0.25053995680345575,0.009066501735989092,0.021412899341772353,0.25105485232067504,0.7846481876332622,0.003354399611084108,0.04214903900191076,0.058985382631126404,0.06429548563611492,1
0.026229508196721305,0.2678185745140389,0.007913861205212184,0.027959174285319983,0.4367088607594936,0.9008528784648188,0.007486631016042782,0.05923344947735192,0.05858412152479221,0.06326949384404926,1
0.02295081967213114,0.025917926565874716,0.0007309427756146255,0.003458145242100169,0.22784810126582278,0.5245202558635395,0.008264462809917359,0.0032595256828144292,0.0031527658354829624,0.003077975376196994,1
0.02295081967213114,0.14902807775377971,0.003935845714847978,0.017708743767238223,0.29219409282700415,0.7611940298507461,0.002576567817209531,0.020905923344947737,0.024878188592719983,0.03454172366621067,1
0.02295081967213114,0.09071274298056158,0.002417733796263758,0.010958460255330722,0.4251054852320675,0.945628997867804,0.009236752552260575,0.017871192536810163,0.018744625967325887,0.016757865937072507,1
0.02295081967213114,0.09935205183585313,0.002642639265683642,0.011958502257094796,0.291139240506329,0.8773987206823027,0.0034030140982012694,0.014049679667303586,0.019088564058469478,0.021203830369357052,1
0.02295081967213114,0.08207343412526998,0.0021928283268438757,0.009958418253566647,0.37658227848101256,0.9968017057569296,0.004472532814778812,0.014611666853995724,0.0178847807394669,0.019835841313269497,1
0.026229508196721305,0.09287257019438447,0.002790233479990442,0.009958418253566647,0.41666666666666663,0.8891257995735606,0.009382596013612061,0.020231538720917167,0.02040699340785326,0.018809849521203834,1
0.02295081967213114,0.09719222462203024,0.0025864128983286716,0.011708491756653776,0.2869198312236287,0.8891257995735606,0.004278074866310166,0.013600089917949872,0.018916595012897684,0.018809849521203834,1
0.02295081967213114,0.08639308855291578,0.002305281061553816,0.010458439254448684,0.35654008438818563,0.9360341151385927,0.005493437044239189,0.014611666853995724,0.017712811693895103,0.01812585499316006,1
0.12131147540983604,0.1468682505399568,0.018639040778172924,0.003642152970424757,0.007383966244725759,0.0,0.08911035488575596,0.017534000224794875,0.009057036400114654,0.002393980848153218,5
0.11475409836065571,0.36717062634989206,0.043462981965392666,0.0095143996047834,0.08016877637130804,0.29317697228144984,0.017209528439474965,0.08901877037203552,0.11917454858125537,0.05574555403556772,5
0.019672131147540982,0.015118790496760265,0.0003865562755654261,0.0025301062644631014,0.09599156118143456,0.187633262260128,0.03743315508021391,0.0008991794987074295,0.0004585841215247882,0.0,5
0.08852459016393442,0.06263498920086394,0.006044334490659395,0.0021720912278315636,0.4641350210970464,0.7281449893390192,0.030092367525522613,0.04788130830617063,0.036686729721983384,0.01915184678522572,3
0.08852459016393442,0.06479481641468683,0.006241126776401793,0.002244094251958581,0.4525316455696202,0.7249466950959488,0.029800680602819644,0.04833089805552434,0.03771854399541416,0.01949384404924761,3
0.09180327868852459,0.06263498920086394,0.006262211664159908,0.0020960880356975,0.4335443037974682,0.7078891257995735,0.027369956246961598,0.04664493649544791,0.03703066781312698,0.020177838577291385,3
