0.5700000000000001,1.0,0.22,0.72,0.0,0.31,0.25,0.0,0.75,0.13,1.0,0.5,0.75,0.87,0.26,0.85,1
0.32,0.59,0.53,1.0,1.0,0.9500000000000001,0.79,0.46,0.48,0.0,0.93,0.19,0.58,0.55,0.0,0.63,9
0.17,1.0,0.0,0.74,0.06,0.36,0.77,0.37,1.0,0.63,0.73,0.9500000000000001,0.71,0.47000000000000003,0.75,0.0,5
0.97,1.0,0.41000000000000003,0.9,0.04,0.58,0.0,0.22,0.52,0.0,1.0,0.22,0.49,0.38,0.08,0.13,7
0.41000000000000003,0.6900000000000001,0.76,1.0,0.73,0.81,0.5700000000000001,0.39,0.46,0.0,0.0,0.1,0.5,0.09,1.0,0.1,2
0.2,0.85,0.62,1.0,0.71,0.72,0.45,0.52,0.98,0.47000000000000003,1.0,0.17,0.53,0.0,0.0,0.0,4
0.04,0.63,0.12,0.15,0.52,0.0,0.92,0.15,1.0,0.63,0.72,1.0,0.28,0.97,0.0,0.62,1
0.45,1.0,0.1,0.67,0.07,0.16,0.56,0.0,1.0,0.31,0.91,0.79,0.38,0.9500000000000001,0.0,0.61,1
0.16,1.0,0.0,0.78,0.05,0.54,0.41000000000000003,0.32,0.93,0.39,1.0,0.48,0.91,0.24,0.89,0.0,5
0.28,0.8200000000000001,0.0,0.39,0.3,0.0,0.8,0.05,1.0,0.54,0.7000000000000001,0.99,0.22,1.0,0.07,0.5,1
0.65,1.0,0.24,0.84,0.0,0.48,0.09,0.1,0.61,0.0,1.0,0.24,0.58,0.47000000000000003,0.02,0.46,7
0.0,0.79,0.51,0.59,1.0,0.29,0.51,0.0,0.22,0.26,0.51,0.6,0.73,0.9400000000000001,0.09,1.0,9
0.0,1.0,0.73,0.97,0.9500000000000001,0.8,1.0,0.64,0.9500000000000001,0.48,0.8200000000000001,0.31,0.64,0.15,0.23,0.0,2
0.88,0.99,0.45,0.8200000000000001,0.78,0.75,0.9,1.0,1.0,0.68,0.93,0.36,0.59,0.09,0.0,0.0,10
0.29,0.47000000000000003,0.59,0.71,1.0,1.0,0.9,0.81,0.74,0.5,0.66,0.18,0.0,0.0,0.99,0.07,2
0.89,0.87,0.38,1.0,0.17,0.78,0.8,0.77,1.0,0.76,0.92,0.34,0.61,0.0,0.0,0.04,10
0.0,1.0,0.5,0.97,1.0,0.91,0.74,0.63,0.55,0.29,0.42,0.0,0.2,0.31,0.68,0.36,8
0.09,0.61,0.25,1.0,0.59,0.72,0.42,0.27,0.0,0.05,0.05,0.24,0.53,0.16,1.0,0.0,3
0.0,0.45,0.0,0.61,0.48,0.8200000000000001,1.0,1.0,0.97,0.78,0.72,0.51,0.45,0.24,0.33,0.0,2
1.0,0.92,0.64,1.0,0.37,0.77,0.2,0.5,0.11,0.21,0.22,0.0,0.35000000000000003,0.26,0.0,0.4,7
0.31,0.88,0.05,0.5,0.04,0.08,0.5700000000000001,0.0,1.0,0.3,1.0,0.71,0.56,1.0,0.0,0.92,1
0.65,1.0,0.25,0.93,0.0,0.56,0.11,0.16,0.6,0.0,1.0,0.2,0.5,0.28,0.09,0.01,7
0.41000000000000003,0.79,0.47000000000000003,1.0,0.84,0.9400000000000001,0.71,0.52,0.42,0.16,0.0,0.03,0.49,0.07,1.0,0.0,3
1.0,1.0,0.62,0.8300000000000001,0.36,0.5700000000000001,0.23,0.26,0.42,0.0,0.81,0.1,0.43,0.23,0.0,0.18,7
1.0,0.97,0.56,1.0,0.22,0.8300000000000001,0.18,0.5,0.53,0.47000000000000003,0.68,0.22,0.37,0.0,0.0,0.06,6
1.0,1.0,0.59,0.78,0.25,0.52,0.0,0.24,0.16,0.0,0.79,0.08,0.7000000000000001,0.29,0.07,0.27,7
1.0,1.0,0.55,0.98,0.26,0.81,0.4,0.67,0.78,0.55,0.74,0.25,0.43,0.01,0.0,0.0,6
0.0,0.32,0.29,0.55,0.63,0.78,1.0,1.0,0.9,0.75,0.88,0.5,0.84,0.25,0.8,0.0,2
1.0,0.74,0.46,0.65,0.0,0.78,0.36,1.0,0.78,0.88,0.8,0.58,0.78,0.28,0.88,0.0,10
0.55,0.76,0.22,0.68,0.66,0.29,0.39,0.0,0.52,0.32,1.0,0.68,0.6900000000000001,1.0,0.0,0.86,9
0.27,1.0,0.02,0.56,0.12,0.08,0.62,0.0,1.0,0.33,0.9400000000000001,0.79,0.46,0.9400000000000001,0.0,0.72,1
0.44,0.6,0.0,0.77,0.47000000000000003,0.99,1.0,1.0,0.84,0.75,0.75,0.5,0.75,0.24,1.0,0.0,2
0.0,0.56,0.05,0.14,0.47000000000000003,0.0,0.86,0.25,1.0,0.66,0.76,1.0,0.34,0.8,0.06,0.45,1
0.0,0.8200000000000001,0.26,1.0,0.51,0.8,0.43,0.5,0.24,0.22,0.12,0.02,0.5700000000000001,0.01,1.0,0.0,3
0.18,0.78,0.53,1.0,0.9,0.81,0.43,0.5700000000000001,0.9,0.55,1.0,0.22,0.52,0.0,0.0,0.16,4
1.0,1.0,0.54,0.85,0.21,0.5700000000000001,0.0,0.27,0.23,0.0,0.75,0.07,0.5700000000000001,0.29,0.03,0.23,7
0.89,1.0,0.38,0.8300000000000001,0.0,0.44,0.02,0.0,0.61,0.02,1.0,0.4,1.0,0.88,0.45,0.98,1
0.31,0.88,0.06,0.58,0.14,0.13,0.64,0.0,1.0,0.33,0.96,0.77,0.49,1.0,0.0,0.81,1
0.15,0.72,0.47000000000000003,1.0,0.88,0.89,0.52,0.6,0.75,0.35000000000000003,1.0,0.07,0.5,0.0,0.0,0.11,4
0.41000000000000003,0.8200000000000001,0.77,0.98,1.0,1.0,0.59,0.9,0.28,0.6900000000000001,0.54,0.42,0.39,0.13,0.0,0.0,6
0.0,0.87,0.32,1.0,0.75,0.9,0.64,0.45,0.49,0.0,0.8200000000000001,0.1,1.0,0.33,0.54,0.37,8
0.0,0.89,0.31,1.0,1.0,0.8,0.9400000000000001,0.39,0.63,0.0,0.22,0.15,0.08,0.37,0.9500000000000001,0.44,8
0.22,0.77,0.34,1.0,0.9,0.99,0.65,0.67,0.72,0.56,1.0,0.28,0.58,0.02,0.0,0.0,4
0.0,0.72,0.09,1.0,0.68,0.9400000000000001,0.74,0.63,0.49,0.34,0.06,0.09,0.3,0.0,1.0,0.01,3
0.34,1.0,0.09,0.68,0.61,0.65,0.67,0.24,0.0,0.0,0.03,0.45,0.2,0.92,1.0,0.99,6
0.0,0.86,0.37,1.0,0.9500000000000001,0.92,0.87,0.67,0.55,0.44,0.18,0.23,0.32,0.02,1.0,0.0,3
0.43,0.8300000000000001,0.42,0.76,0.52,1.0,0.46,0.44,0.36,0.0,0.0,0.13,0.5,0.12,1.0,0.13,2
0.76,0.7000000000000001,0.32,1.0,0.1,0.71,0.85,0.41000000000000003,1.0,0.04,0.04,0.0,0.0,0.39,0.54,0.73,9
0.36,1.0,0.03,0.76,0.0,0.32,0.27,0.0,0.7000000000000001,0.06,1.0,0.37,0.91,0.76,0.49,0.7000000000000001,1
0.0,0.9500000000000001,0.54,1.0,0.93,0.79,0.81,0.42,0.6,0.07,0.36,0.0,0.44,0.27,1.0,0.31,8
0.55,0.89,0.32,1.0,0.05,0.65,0.0,0.28,0.43,0.0,1.0,0.19,0.51,0.31,0.16,0.0,7
0.59,0.85,0.25,0.71,0.88,0.35000000000000003,0.79,0.0,0.07,0.29,0.62,0.64,1.0,1.0,0.0,0.99,9
0.0,0.54,0.49,0.75,0.96,1.0,0.91,0.75,0.6900000000000001,0.45,0.51,0.16,0.27,0.0,1.0,0.06,2
0.0,0.99,0.5,1.0,0.77,0.77,0.59,0.5,0.29,0.26,0.0,0.02,0.48,0.0,1.0,0.04,3
0.36,0.84,0.09,0.86,0.0,0.38,0.27,0.0,0.72,0.09,1.0,0.47000000000000003,0.88,0.9400000000000001,0.46,1.0,1
1.0,0.9500000000000001,0.38,0.99,0.35000000000000003,0.65,0.7000000000000001,0.29,0.32,0.0,0.0,0.27,0.36,0.64,0.65,1.0,9
0.55,0.8300000000000001,1.0,1.0,0.93,0.8300000000000001,0.8200000000000001,0.56,0.84,0.28,0.71,0.02,0.0,0.0,0.73,0.03,2
0.17,1.0,0.03,0.75,0.0,0.43,0.6,0.46,1.0,0.62,0.9400000000000001,0.6900000000000001,0.92,0.34,0.92,0.0,5
0.0,0.9500000000000001,0.37,0.99,0.77,1.0,1.0,0.74,0.98,0.37,0.9500000000000001,0.0,0.7000000000000001,0.13,0.77,0.31,8
0.0,0.44,0.15,0.0,0.62,0.05,0.9500000000000001,0.4,1.0,0.88,0.6,1.0,0.27,0.64,0.11,0.17,1
0.0,0.86,0.26,1.0,0.7000000000000001,0.84,0.77,0.45,0.68,0.05,0.54,0.0,0.5,0.25,1.0,0.23,8
0.0,0.53,0.08,0.55,0.46,0.79,0.89,1.0,1.0,0.85,0.78,0.5700000000000001,0.56,0.29,0.47000000000000003,0.0,2
0.6,0.98,0.34,0.56,0.99,0.66,0.74,1.0,0.58,0.65,1.0,0.58,0.66,0.0,0.0,0.08,10
0.26,0.87,0.64,1.0,0.66,0.5700000000000001,0.39,0.21,0.0,0.0,0.15,0.29,0.5700000000000001,0.21,1.0,0.21,3
0.39,0.9400000000000001,1.0,1.0,0.99,0.98,0.36,0.92,0.5,0.6900000000000001,0.93,0.39,0.61,0.07,0.0,0.0,6
0.0,0.48,0.35000000000000003,0.64,0.66,0.8200000000000001,1.0,1.0,0.9400000000000001,0.75,0.85,0.5,0.84,0.24,0.93,0.0,2
0.19,0.71,0.55,1.0,1.0,0.99,0.73,0.66,0.55,0.44,0.97,0.22,0.55,0.0,0.0,0.04,4
0.21,0.87,0.61,1.0,0.71,0.66,0.38,0.36,0.0,0.12,0.15,0.01,0.6,0.01,1.0,0.0,3
0.3,1.0,0.9,0.99,0.81,1.0,0.32,0.78,0.52,0.5700000000000001,1.0,0.31,0.58,0.0,0.0,0.17,6
1.0,0.92,0.18,0.81,0.46,0.39,0.62,0.0,0.01,0.13,0.43,0.56,0.74,1.0,0.0,0.75,9
0.86,0.88,0.33,0.65,0.0,0.87,0.58,1.0,0.87,0.67,1.0,0.31,0.93,0.0,0.19,0.07,10
0.0,0.92,0.68,1.0,0.89,0.81,0.74,0.4,0.61,0.0,0.35000000000000003,0.13,0.2,0.42,1.0,0.5,8
0.4,0.9400000000000001,0.22,0.9500000000000001,0.0,0.45,0.23,0.0,0.8300000000000001,0.1,1.0,0.58,0.61,1.0,0.19,0.75,1
0.0,0.89,0.61,1.0,0.9,0.74,0.6900000000000001,0.37,0.42,0.02,0.27,0.0,0.35000000000000003,0.3,1.0,0.38,8
0.0,0.32,0.34,0.5,0.63,0.76,0.9400000000000001,1.0,1.0,0.84,0.86,0.55,0.73,0.27,0.7000000000000001,0.0,2
0.55,0.76,0.7000000000000001,1.0,0.9500000000000001,0.78,0.72,0.5,0.4,0.25,0.0,0.03,0.4,0.0,1.0,0.02,3
0.37,0.71,0.79,0.71,0.49,1.0,0.0,0.45,0.25,0.36,0.66,0.0,1.0,0.51,0.1,0.26,9
0.81,1.0,0.5,0.79,0.23,0.52,0.17,0.22,0.7000000000000001,0.15,1.0,0.31,0.44,0.19,0.0,0.0,7
0.32,0.9,0.0,0.6,0.02,0.17,0.51,0.0,0.9500000000000001,0.27,1.0,0.6900000000000001,0.66,1.0,0.25,0.72,1
0.23,1.0,0.15,0.75,0.0,0.4,0.6,0.29,0.9400000000000001,0.6,1.0,0.7000000000000001,0.86,0.35000000000000003,0.78,0.0,5
0.66,0.9,0.06,0.55,1.0,0.73,0.45,1.0,0.33,0.46,0.0,0.0,0.89,0.11,0.13,0.23,9
0.4,1.0,0.0,0.6,0.2,0.21,0.86,0.14,1.0,0.4,0.75,0.86,0.61,0.5,0.59,0.0,5
0.59,0.9,0.16,0.88,0.0,0.41000000000000003,0.25,0.0,0.77,0.1,1.0,0.55,0.8200000000000001,1.0,0.35000000000000003,0.9400000000000001,1
0.0,0.77,0.13,1.0,0.5700000000000001,0.99,0.6,0.64,0.38,0.3,0.11,0.02,0.5700000000000001,0.0,1.0,0.06,3
0.0,0.99,0.56,1.0,0.72,0.8,0.54,0.41000000000000003,0.49,0.0,0.22,0.18,0.41000000000000003,0.36,1.0,0.39,8
0.3,1.0,0.19,0.8,0.0,0.53,0.11,0.32,0.74,0.4,1.0,0.56,0.89,0.28,0.85,0.0,5
0.32,0.99,0.35000000000000003,0.63,0.56,0.21,0.17,0.0,0.0,0.36,0.12,0.8200000000000001,0.54,1.0,1.0,0.8300000000000001,6
0.76,0.9500000000000001,0.23,1.0,0.36,0.6,0.68,0.22,0.23,0.0,0.0,0.33,0.46,0.65,1.0,0.9400000000000001,9
0.13,0.98,0.0,0.74,0.51,0.5700000000000001,0.32,0.0,0.02,0.22,0.04,0.85,0.41000000000000003,1.0,1.0,1.0,6
0.32,0.75,0.06,0.48,0.0,0.16,0.34,0.0,0.79,0.11,1.0,0.39,0.99,0.7000000000000001,0.8200000000000001,1.0,1
0.06,0.8300000000000001,0.0,0.39,0.24,0.0,0.73,0.11,1.0,0.51,0.8200000000000001,0.9400000000000001,0.35000000000000003,1.0,0.06,0.62,1
0.22,0.72,0.34,1.0,0.62,0.73,0.38,0.35000000000000003,0.0,0.08,0.05,0.0,0.53,0.03,1.0,0.08,3
0.0,0.66,0.01,0.64,0.26,0.53,0.63,0.26,0.12,0.0,0.12,0.52,0.33,0.91,1.0,1.0,6
0.31,0.8300000000000001,0.0,0.53,0.01,0.08,0.5700000000000001,0.0,1.0,0.3,0.98,0.75,0.51,1.0,0.07,0.72,1
0.0,0.4,0.22,0.53,0.49,0.64,0.76,0.79,1.0,1.0,0.84,0.73,0.71,0.38,0.63,0.0,2
1.0,1.0,0.49,0.91,0.13,0.62,0.0,0.28,0.33,0.0,0.9,0.15,0.75,0.45,0.08,0.49,7
0.07,0.97,0.15,0.68,0.65,0.39,0.31,0.0,0.0,0.25,0.04,0.77,0.33,0.97,1.0,1.0,6
0.19,0.96,0.21,0.59,0.73,0.41000000000000003,0.4,0.0,0.03,0.21,0.0,0.77,0.36,0.98,1.0,1.0,6
1.0,0.8,0.54,1.0,0.42,0.64,0.92,0.8,0.96,0.76,0.9400000000000001,0.35000000000000003,0.62,0.0,0.0,0.08,10
0.0,0.59,0.46,0.7000000000000001,0.86,0.91,1.0,1.0,0.9500000000000001,0.75,0.92,0.5,0.89,0.25,0.9500000000000001,0.0,2
1.0,1.0,0.56,0.8200000000000001,0.19,0.56,0.0,0.25,0.3,0.0,0.87,0.02,0.84,0.16,0.3,0.09,7
0.0,0.52,0.4,0.76,0.8,1.0,1.0,0.91,1.0,0.66,0.91,0.4,0.8,0.15,0.54,0.0,2
0.41000000000000003,0.85,0.77,1.0,0.92,0.73,0.66,0.49,1.0,0.31,0.78,0.05,0.37,0.0,0.0,0.15,4
0.93,0.93,0.44,1.0,0.26,0.73,0.53,0.51,1.0,0.46,0.86,0.12,0.38,0.0,0.0,0.13,6
0.0,0.4,0.26,0.65,0.6,0.85,0.97,1.0,1.0,0.8200000000000001,0.74,0.56,0.48,0.29,0.3,0.0,2
0.52,1.0,0.21,0.75,0.05,0.49,0.0,0.22,0.34,0.01,1.0,0.0,0.9500000000000001,0.22,0.35000000000000003,0.16,7
0.28,1.0,0.0,0.52,0.37,0.99,0.45,0.89,0.51,0.34,0.24,0.02,0.3,0.0,1.0,0.0,2
0.0,0.81,0.54,0.58,1.0,0.8200000000000001,0.33,1.0,0.37,0.81,0.8200000000000001,0.55,0.72,0.2,0.12,0.0,10
0.97,0.6900000000000001,0.79,1.0,0.0,0.92,0.18,0.6,0.96,0.74,1.0,0.68,0.8300000000000001,0.32,0.8300000000000001,0.0,10
0.87,0.62,0.61,1.0,0.0,0.87,0.18,0.48,0.78,0.73,1.0,0.63,0.71,0.2,0.1,0.0,10
0.0,0.98,0.49,1.0,1.0,0.99,0.88,0.65,0.61,0.33,0.34,0.0,0.21,0.18,0.44,0.41000000000000003,8
0.54,0.8200000000000001,0.12,0.67,0.0,0.28,0.34,0.0,0.8300000000000001,0.08,1.0,0.46,0.73,0.8200000000000001,0.28,1.0,1
0.07,1.0,0.0,0.77,0.0,0.55,0.2,0.33,0.96,0.42,0.87,0.45,0.85,0.22,1.0,0.0,5
0.77,0.87,0.87,0.5700000000000001,1.0,0.19,0.13,0.0,0.28,0.35000000000000003,0.8300000000000001,0.6900000000000001,0.9400000000000001,1.0,0.0,0.79,9
0.0,0.78,0.23,1.0,0.77,0.99,1.0,0.75,0.7000000000000001,0.5,0.3,0.28,0.29,0.06,0.84,0.0,3
0.0,0.53,0.26,0.84,0.32,1.0,0.33,0.65,0.36,0.29,0.03,0.0,0.06,0.02,1.0,0.06,2
0.97,1.0,0.51,1.0,0.14,0.68,0.0,0.32,0.28,0.0,1.0,0.13,0.73,0.32,0.1,0.1,7
0.29,0.84,0.01,0.73,0.64,0.48,0.65,0.06,0.0,0.0,0.01,0.47000000000000003,0.26,0.89,1.0,1.0,6
0.61,0.59,1.0,0.8,0.66,1.0,0.15,0.85,0.0,0.55,0.55,0.48,0.87,0.32,0.71,0.0,10
0.0,0.77,0.36,1.0,0.9400000000000001,0.98,1.0,0.6900000000000001,0.58,0.44,0.14,0.21,0.29,0.02,0.9,0.0,3
0.33,1.0,0.32,0.8300000000000001,0.0,0.5,0.6,0.47000000000000003,0.96,0.46,1.0,0.73,0.91,0.35000000000000003,0.85,0.0,5
0.21,1.0,0.25,0.88,0.0,0.54,0.2,0.43,0.85,0.42,1.0,0.72,0.91,0.36,0.8200000000000001,0.0,5
0.0,0.63,0.24,1.0,0.52,0.79,0.37,0.37,0.05,0.03,0.06,0.0,0.53,0.02,1.0,0.01,3
0.29,1.0,0.0,0.66,0.11,0.24,0.52,0.0,0.98,0.14,1.0,0.55,0.61,0.8300000000000001,0.11,0.85,1
0.39,0.9400000000000001,0.0,0.31,0.42,0.0,1.0,0.43,0.9500000000000001,1.0,0.3,0.6900000000000001,0.49,0.53,0.3,0.28,1
0.35000000000000003,1.0,0.26,0.74,0.0,0.47000000000000003,0.54,0.38,1.0,0.48,0.91,0.58,0.84,0.29,0.74,0.0,5
0.16,0.76,0.48,1.0,0.72,0.77,0.42,0.46,0.0,0.23,0.02,0.14,0.53,0.0,1.0,0.13,3
0.11,1.0,0.0,0.68,0.22,0.14,0.66,0.0,1.0,0.35000000000000003,0.78,0.88,0.34,1.0,0.13,0.51,1
0.0,0.43,0.35000000000000003,0.61,0.7000000000000001,0.79,1.0,1.0,0.86,0.76,0.7000000000000001,0.51,0.55,0.26,0.49,0.0,2
0.0,0.64,0.42,0.81,0.81,1.0,1.0,0.9500000000000001,0.81,0.7000000000000001,0.5700000000000001,0.45,0.3,0.21,0.33,0.0,2
0.27,1.0,0.21,0.8300000000000001,0.0,0.47000000000000003,0.36,0.42,1.0,0.49,0.96,0.75,0.86,0.37,0.84,0.0,5
1.0,0.89,0.62,1.0,0.47000000000000003,0.67,0.91,0.79,0.9400000000000001,0.67,0.91,0.31,0.63,0.0,0.0,0.03,10
0.0,0.35000000000000003,0.39,0.52,0.71,0.75,1.0,1.0,0.8200000000000001,0.76,0.59,0.51,0.36,0.25,0.09,0.0,2
0.3,0.97,0.8200000000000001,1.0,0.65,0.67,0.19,0.87,0.81,0.8300000000000001,1.0,0.39,0.68,0.0,0.0,0.16,10
0.23,0.5700000000000001,0.7000000000000001,0.39,1.0,0.0,0.4,0.01,0.51,0.43,0.89,0.8300000000000001,0.6,1.0,0.0,0.75,9
0.87,0.9,0.38,1.0,0.0,0.8200000000000001,0.46,0.71,1.0,0.71,0.73,0.47000000000000003,0.38,0.24,0.27,0.0,10
0.04,1.0,0.02,0.8200000000000001,0.0,0.5,0.46,0.35000000000000003,1.0,0.42,1.0,0.63,0.93,0.32,0.93,0.0,5
0.01,0.91,0.5,1.0,0.58,0.67,0.32,0.32,0.16,0.0,0.0,0.38,0.4,0.49,1.0,0.49,8
0.46,0.87,0.62,0.65,0.97,1.0,0.32,0.89,0.62,0.66,1.0,0.48,0.71,0.04,0.0,0.0,10
1.0,0.97,0.76,1.0,0.29,0.72,0.0,0.39,0.15,0.08,0.9500000000000001,0.0,0.78,0.22,0.0,0.16,7
0.0,0.0,0.39,0.12,0.76,0.32,0.96,0.58,0.97,0.84,0.59,1.0,0.53,0.77,1.0,0.63,10
0.0,0.66,0.23,1.0,0.53,0.8300000000000001,0.41000000000000003,0.43,0.14,0.1,0.13,0.0,0.56,0.09,1.0,0.12,3
0.51,0.78,0.0,0.68,0.47000000000000003,0.34,1.0,0.0,0.19,0.07,0.63,0.43,0.85,0.8200000000000001,0.09,1.0,9
0.0,0.86,0.33,1.0,0.6,0.81,0.58,0.59,0.96,0.44,1.0,0.14,0.62,0.0,0.2,0.06,4
0.19,0.74,0.47000000000000003,1.0,0.81,0.8300000000000001,0.5700000000000001,0.51,0.18,0.26,0.0,0.09,0.54,0.06,1.0,0.0,3
1.0,1.0,0.73,0.96,0.45,0.68,0.28,0.37,0.27,0.04,0.76,0.0,0.58,0.24,0.0,0.22,7
0.45,0.98,0.8200000000000001,1.0,0.72,0.5700000000000001,0.42,0.22,0.0,0.0,0.03,0.02,0.52,0.04,1.0,0.06,3
0.0,0.9500000000000001,0.48,1.0,0.89,0.8,0.78,0.38,0.51,0.0,0.27,0.21,0.51,0.39,1.0,0.31,8
0.2,0.8,0.54,1.0,1.0,0.9500000000000001,0.74,0.65,0.8300000000000001,0.41000000000000003,0.93,0.09,0.47000000000000003,0.0,0.0,0.02,4
0.17,0.87,0.12,0.65,0.64,0.43,0.52,0.0,0.0,0.14,0.04,0.61,0.35000000000000003,0.97,1.0,1.0,6
0.17,0.71,0.38,1.0,0.9,0.85,0.68,0.51,0.66,0.44,1.0,0.15,0.53,0.0,0.0,0.18,4
0.86,0.62,0.64,1.0,0.0,0.8,0.4,0.44,0.92,0.12,0.29,0.0,0.41000000000000003,0.37,1.0,0.65,9
0.42,0.97,0.13,0.9400000000000001,0.51,0.76,0.5700000000000001,1.0,0.9,0.64,1.0,0.21,0.55,0.0,0.0,0.0,10
0.3,0.8300000000000001,0.08,0.43,0.19,0.03,0.71,0.0,1.0,0.36,0.87,0.78,0.39,1.0,0.0,0.73,1
0.32,0.59,0.7000000000000001,0.77,0.98,1.0,1.0,0.8300000000000001,0.87,0.58,0.79,0.33,0.5700000000000001,0.09,0.0,0.0,2
1.0,1.0,0.6900000000000001,0.96,0.38,0.66,0.14,0.33,0.19,0.0,0.68,0.03,0.52,0.32,0.0,0.25,7
0.22,0.53,0.76,0.7000000000000001,1.0,1.0,0.39,0.99,0.0,0.71,0.53,0.61,0.67,0.31,0.4,0.0,10
1.0,1.0,0.56,0.78,0.24,0.53,0.0,0.27,0.11,0.0,0.74,0.03,0.56,0.23,0.06,0.14,7
0.19,0.63,0.58,1.0,0.52,0.74,0.47000000000000003,0.27,0.91,0.0,1.0,0.05,0.25,0.08,0.0,0.09,2
0.84,0.8300000000000001,0.22,0.76,0.08,0.9500000000000001,0.72,1.0,1.0,0.76,0.77,0.47000000000000003,0.41000000000000003,0.22,0.0,0.0,10
0.9,1.0,0.55,0.76,0.28,0.46,0.12,0.14,0.51,0.0,1.0,0.19,0.49,0.2,0.0,0.02,7
0.14,0.78,0.45,1.0,0.62,0.71,0.34,0.39,0.0,0.14,0.15,0.08,0.58,0.08,1.0,0.0,3
0.0,0.85,0.43,1.0,0.92,0.96,1.0,0.59,0.84,0.21,0.58,0.0,0.38,0.29,0.87,0.34,8
0.49,1.0,0.54,0.67,0.9500000000000001,0.32,0.47000000000000003,0.0,0.04,0.11,0.0,0.58,0.31,0.9400000000000001,1.0,0.9400000000000001,6
0.45,0.77,0.74,1.0,1.0,0.87,0.74,0.58,0.81,0.4,0.74,0.06,0.37,0.0,0.0,0.11,4
0.21,0.9400000000000001,0.44,0.73,1.0,1.0,0.13,1.0,0.16,0.8,0.61,0.66,0.23,0.33,0.0,0.0,10
0.32,0.88,0.21,1.0,0.66,0.9400000000000001,0.45,0.65,0.6900000000000001,0.54,1.0,0.29,0.64,0.03,0.0,0.0,4
0.37,0.9,0.04,0.97,0.35000000000000003,0.5700000000000001,1.0,0.22,0.49,0.0,0.0,0.33,0.54,0.72,0.35000000000000003,1.0,9
0.97,0.8200000000000001,0.62,1.0,0.13,0.6900000000000001,0.63,0.59,1.0,0.88,0.96,0.41000000000000003,0.64,0.01,0.0,0.0,10
0.46,0.84,0.65,0.46,0.65,0.09,0.0,0.0,0.3,0.29,0.84,0.5700000000000001,1.0,0.9400000000000001,0.44,1.0,9
0.0,0.88,0.37,1.0,0.8200000000000001,0.9,0.7000000000000001,0.46,0.68,0.0,1.0,0.03,0.93,0.3,0.46,0.38,8
0.22,1.0,0.52,0.98,0.58,0.62,0.32,0.33,0.0,0.13,0.27,0.09,0.63,0.05,1.0,0.0,3
0.0,0.91,0.28,1.0,0.73,0.91,0.55,0.46,0.4,0.0,0.28,0.08,0.44,0.38,1.0,0.45,8
0.0,0.97,0.54,1.0,0.84,0.7000000000000001,0.76,0.35000000000000003,0.59,0.0,0.35000000000000003,0.15,0.33,0.39,1.0,0.41000000000000003,8
0.0,0.9400000000000001,0.44,1.0,0.8,0.86,0.5700000000000001,0.43,0.33,0.0,0.28,0.02,0.41000000000000003,0.38,1.0,0.44,8
0.0,0.99,0.42,1.0,0.23,0.75,0.02,0.5,0.23,0.27,0.93,0.43,0.81,0.25,1.0,0.0,5
1.0,0.93,0.78,0.9500000000000001,0.29,1.0,0.0,0.8200000000000001,0.33,0.7000000000000001,0.73,0.45,0.61,0.0,0.18,0.01,6
0.67,0.86,0.59,0.66,0.9500000000000001,0.26,0.44,0.0,0.0,0.3,0.59,0.63,1.0,0.98,0.19,1.0,9
0.09,0.9500000000000001,0.03,0.6,0.65,0.67,0.66,0.08,0.11,0.0,0.0,0.61,0.32,0.91,1.0,1.0,6
0.16,0.81,0.32,0.63,0.56,0.3,0.17,0.0,0.0,0.36,0.05,0.79,0.36,0.99,1.0,1.0,6
0.54,0.85,0.9400000000000001,1.0,0.96,0.61,0.79,0.22,0.84,0.0,1.0,0.32,0.53,0.52,0.0,0.58,9
0.0,0.89,0.14,0.72,0.35000000000000003,0.59,0.53,0.12,0.14,0.0,0.11,0.64,0.42,0.97,1.0,1.0,6
0.09,0.78,0.48,1.0,1.0,0.9400000000000001,0.78,0.63,0.85,0.36,0.73,0.06,0.19,0.0,0.0,0.29,4
0.02,1.0,0.12,0.84,0.0,0.5700000000000001,0.29,0.37,0.8200000000000001,0.48,1.0,0.52,0.76,0.27,0.62,0.0,5
1.0,0.92,0.5,0.75,0.0,0.77,0.38,1.0,0.9,0.9500000000000001,0.88,0.6,0.54,0.31,0.34,0.0,10
0.29,0.66,0.53,1.0,0.92,0.91,0.81,0.52,0.5,0.18,0.0,0.0,0.42,0.06,1.0,0.06,3
0.38,0.96,0.78,1.0,0.91,0.8200000000000001,0.51,0.6,0.88,0.35000000000000003,1.0,0.04,0.48,0.0,0.0,0.05,4
0.0,0.96,0.37,1.0,1.0,0.89,0.86,0.43,0.55,0.0,0.3,0.0,0.1,0.38,0.75,0.41000000000000003,8
0.52,1.0,0.18,0.64,0.48,0.36,0.11,0.0,0.0,0.19,0.08,0.67,0.41000000000000003,0.97,1.0,0.98,6
0.19,0.77,0.2,0.44,0.36,0.0,0.15,0.07,0.0,0.52,0.08,0.88,0.54,0.99,1.0,1.0,6
0.59,0.72,0.36,1.0,0.0,0.72,0.23,0.36,0.52,0.0,0.0,0.01,0.44,0.27,1.0,0.55,9
0.0,1.0,0.47000000000000003,0.86,1.0,0.79,0.68,0.52,0.42,0.23,0.3,0.0,0.66,0.25,0.8200000000000001,0.4,8
0.0,0.9,0.42,1.0,0.6900000000000001,0.78,0.62,0.39,0.56,0.0,0.31,0.03,0.42,0.29,1.0,0.34,8
0.07,0.6,1.0,0.79,0.76,1.0,0.24,0.71,0.8,0.36,0.84,0.0,0.0,0.14,0.47000000000000003,0.5,9
0.15,0.92,0.0,0.96,0.38,0.47000000000000003,0.79,0.0,0.04,0.08,0.46,0.58,1.0,1.0,0.12,0.86,9
0.0,0.9400000000000001,0.48,0.98,0.96,1.0,0.98,0.68,0.84,0.32,0.68,0.0,0.52,0.3,1.0,0.3,8
0.21,0.74,0.3,1.0,0.72,0.77,0.66,0.36,0.31,0.02,0.0,0.14,0.52,0.24,1.0,0.0,3
1.0,1.0,0.68,0.78,0.39,0.55,0.14,0.32,0.0,0.05,0.34,0.0,0.5700000000000001,0.23,0.15,0.19,7
0.07,1.0,0.4,0.89,0.37,0.48,0.21,0.09,0.0,0.0,0.03,0.4,0.48,0.58,1.0,0.65,8
0.1,0.58,0.26,0.99,0.67,1.0,0.59,0.5700000000000001,0.29,0.22,0.0,0.0,0.5,0.07,1.0,0.0,3
0.23,1.0,0.14,0.76,0.11,0.41000000000000003,0.9400000000000001,0.35000000000000003,1.0,0.51,0.52,0.71,0.24,0.35000000000000003,0.0,0.0,5
0.15,1.0,0.0,0.76,0.08,0.5,0.62,0.47000000000000003,1.0,0.62,0.8200000000000001,0.5700000000000001,0.8200000000000001,0.28,0.85,0.0,5
1.0,1.0,0.5700000000000001,0.78,0.29,0.51,0.22,0.19,0.61,0.0,0.97,0.21,0.5700000000000001,0.4,0.0,0.35000000000000003,7
0.48,1.0,0.24,0.75,0.05,0.4,0.02,0.05,0.59,0.0,1.0,0.26,0.43,0.3,0.0,0.05,7
0.51,1.0,0.29,0.8200000000000001,0.1,0.6,0.0,0.35000000000000003,0.27,0.2,0.6900000000000001,0.22,1.0,0.25,1.0,0.0,5
0.0,1.0,0.46,1.0,0.86,0.84,0.68,0.43,0.56,0.0,0.4,0.09,0.5,0.34,1.0,0.34,8
0.35000000000000003,1.0,0.17,0.68,0.0,0.36,0.5,0.37,1.0,0.36,0.81,0.58,0.62,0.35000000000000003,0.56,0.0,5
0.17,0.84,0.64,1.0,0.97,0.8200000000000001,0.66,0.55,0.6,0.4,1.0,0.23,0.6,0.0,0.0,0.06,4
0.36,1.0,0.07,0.89,0.0,0.53,0.67,0.41000000000000003,1.0,0.5700000000000001,0.8200000000000001,0.74,0.51,0.38,0.31,0.0,5
0.49,0.78,0.6900000000000001,1.0,1.0,0.9500000000000001,0.76,0.72,0.61,0.46,0.59,0.18,0.33,0.0,0.0,0.12,4
0.29,0.8,0.53,1.0,0.07,0.7000000000000001,0.0,0.49,0.8300000000000001,0.48,1.0,0.65,0.61,0.33,0.29,0.0,5
0.54,1.0,0.35000000000000003,0.79,0.0,0.49,0.19,0.4,0.89,0.38,1.0,0.65,0.81,0.32,0.65,0.0,5
0.37,0.89,0.73,1.0,0.58,0.72,0.81,0.59,1.0,0.29,0.75,0.02,0.3,0.0,0.0,0.23,4
0.02,0.78,0.33,1.0,0.88,0.97,0.86,0.71,0.79,0.41000000000000003,1.0,0.11,0.54,0.0,0.0,0.04,4
0.47000000000000003,0.87,0.75,1.0,0.8,0.73,0.85,0.54,1.0,0.31,0.74,0.08,0.38,0.0,0.0,0.05,4
0.8200000000000001,1.0,0.49,0.85,0.19,0.61,0.0,0.34,0.51,0.36,1.0,0.51,0.81,0.27,0.6900000000000001,0.0,5
0.53,0.8,0.72,1.0,1.0,0.79,0.76,0.52,0.67,0.28,0.89,0.08,0.45,0.0,0.0,0.02,4
0.0,1.0,0.17,1.0,0.1,0.74,0.04,0.48,0.42,0.29,1.0,0.44,0.81,0.25,0.98,0.0,5
0.61,0.88,1.0,1.0,0.96,0.81,0.75,0.6,0.8,0.36,0.81,0.13,0.44,0.0,0.0,0.01,4
0.0,0.9,0.61,1.0,0.85,0.8300000000000001,0.44,0.64,0.51,0.48,1.0,0.32,0.63,0.13,0.05,0.0,4
0.87,0.87,0.44,1.0,0.24,0.74,0.7000000000000001,0.67,1.0,0.5700000000000001,0.89,0.12,0.46,0.0,0.0,0.11,10
0.0,0.49,0.16,0.59,0.52,0.8,0.9,1.0,1.0,0.84,0.8200000000000001,0.56,0.64,0.28,0.5,0.0,2
0.04,0.79,0.65,1.0,0.67,0.86,0.67,0.58,0.67,0.29,0.23,0.05,0.0,0.0,1.0,0.05,2
0.45,0.36,0.76,0.67,1.0,1.0,0.96,0.74,0.92,0.39,0.86,0.09,0.0,0.0,0.92,0.0,2
0.0,0.41000000000000003,0.25,0.63,0.6,0.81,0.9500000000000001,1.0,1.0,0.8300000000000001,0.88,0.55,0.76,0.27,0.67,0.0,2
0.35000000000000003,0.84,0.0,0.65,0.04,0.21,0.49,0.0,0.9500000000000001,0.24,1.0,0.67,0.64,1.0,0.05,0.9500000000000001,1
0.0,0.62,0.47000000000000003,0.79,0.92,1.0,1.0,0.92,0.98,0.68,0.96,0.45,0.92,0.21,0.92,0.0,2
0.26,0.86,0.2,0.43,0.37,0.0,0.87,0.12,1.0,0.56,0.74,0.9500000000000001,0.22,1.0,0.0,0.6,1
0.19,0.56,0.16,0.68,0.61,0.86,1.0,1.0,0.71,0.75,0.42,0.51,0.16,0.26,0.0,0.0,2
0.0,0.5,0.42,0.71,0.81,0.9500000000000001,1.0,1.0,0.74,0.75,0.52,0.5,0.39,0.25,0.39,0.0,2
0.09,0.7000000000000001,0.41000000000000003,1.0,1.0,0.85,0.68,0.42,0.27,0.02,0.75,0.0,0.45,0.42,0.0,0.8,9
0.32,0.8300000000000001,0.12,0.92,0.05,0.41000000000000003,0.38,0.0,1.0,0.28,0.98,0.76,0.36,1.0,0.0,0.6,1
0.91,0.73,0.55,1.0,0.0,0.73,0.49,0.37,0.8300000000000001,0.0,0.17,0.07,0.56,0.44,1.0,0.77,9
0.85,0.8200000000000001,0.16,0.71,0.21,1.0,0.78,1.0,0.88,0.64,1.0,0.28,0.7000000000000001,0.0,0.0,0.13,10
0.56,0.9400000000000001,0.21,0.74,1.0,0.89,0.29,1.0,0.0,0.63,0.02,0.0,0.74,0.21,0.2,0.66,9
0.13,0.6900000000000001,0.78,1.0,1.0,0.73,0.59,0.36,0.11,0.0,0.87,0.11,0.87,0.45,0.0,0.6900000000000001,9
0.4,0.8200000000000001,0.0,0.48,0.08,0.0,0.65,0.05,1.0,0.45,0.99,0.93,0.45,1.0,0.05,0.64,1
0.19,0.8200000000000001,0.02,0.66,0.0,0.23,0.33,0.0,0.78,0.14,1.0,0.5,0.77,0.86,0.33,1.0,1
0.96,0.65,0.63,1.0,0.0,0.8,0.35000000000000003,0.48,0.87,0.74,1.0,0.39,0.75,0.0,0.0,0.02,10
0.22,0.98,0.02,0.66,0.0,0.17,0.43,0.0,0.85,0.26,1.0,0.73,0.61,1.0,0.12,0.86,1
0.0,1.0,0.03,0.44,0.33,0.0,0.75,0.02,1.0,0.48,0.74,0.9500000000000001,0.32,0.98,0.12,0.48,1
0.25,0.8,0.75,1.0,0.92,0.6900000000000001,0.72,0.35000000000000003,0.52,0.0,1.0,0.18,0.61,0.48,0.0,0.65,9
0.47000000000000003,0.88,0.98,1.0,0.81,0.93,0.31,0.76,0.61,0.54,1.0,0.31,0.56,0.07,0.0,0.0,6
0.0,0.71,0.71,0.9400000000000001,0.89,1.0,0.76,0.74,0.73,0.49,0.78,0.23,0.84,0.03,1.0,0.0,2
0.22,0.75,0.58,0.41000000000000003,0.38,0.0,0.0,0.08,0.55,0.39,1.0,0.74,0.6,1.0,0.07,0.76,9
0.8300000000000001,0.71,0.75,1.0,0.31,0.85,0.72,0.74,1.0,0.62,0.86,0.26,0.51,0.0,0.0,0.05,10
0.0,0.67,0.45,0.8,1.0,1.0,0.5,0.85,0.32,0.64,0.23,0.42,0.18,0.21,0.14,0.0,2
0.4,1.0,0.07,0.58,0.51,0.41000000000000003,0.13,0.0,0.0,0.25,0.05,0.75,0.35000000000000003,0.98,1.0,0.98,6
0.43,0.89,0.79,0.64,0.79,1.0,0.32,0.77,0.88,0.78,1.0,0.36,0.6900000000000001,0.0,0.0,0.03,10
0.09,0.77,0.0,0.28,0.33,0.0,0.74,0.16,1.0,0.56,0.77,0.9500000000000001,0.33,1.0,0.01,0.68,1
0.0,1.0,0.16,0.66,0.45,0.34,0.66,0.0,0.39,0.28,0.18,0.62,0.4,0.9400000000000001,1.0,0.99,6
0.26,0.75,0.59,0.41000000000000003,0.65,0.03,0.0,0.0,0.14,0.36,0.63,0.66,1.0,1.0,0.36,0.9,9
0.61,0.9500000000000001,0.2,0.91,0.0,0.42,0.25,0.0,0.79,0.12,1.0,0.58,0.67,1.0,0.2,0.99,1
0.0,0.6,0.37,0.78,0.79,0.96,1.0,1.0,0.79,0.75,0.59,0.5,0.4,0.25,0.22,0.0,2
0.73,1.0,0.23,0.8300000000000001,0.03,0.53,0.0,0.22,0.42,0.0,1.0,0.14,0.53,0.32,0.09,0.13,7
0.0,0.27,0.32,0.51,0.66,0.75,0.99,1.0,1.0,0.87,0.79,0.58,0.5700000000000001,0.29,0.4,0.0,2
0.55,1.0,0.21,0.73,0.07,0.42,0.17,0.1,0.66,0.0,1.0,0.24,0.55,0.4,0.0,0.32,7
0.62,0.99,0.0,0.92,0.32,0.5,1.0,0.24,0.67,0.0,0.01,0.19,0.38,0.64,0.48,1.0,9
0.08,0.44,0.3,0.84,1.0,1.0,0.97,0.59,0.66,0.19,0.67,0.0,0.61,0.38,0.0,0.6900000000000001,9
0.08,1.0,0.0,0.5700000000000001,0.22,0.09,0.72,0.0,1.0,0.43,0.78,0.9400000000000001,0.32,0.9500000000000001,0.07,0.48,1
0.89,0.9400000000000001,0.56,1.0,0.15,0.8300000000000001,0.34,0.56,0.89,0.54,1.0,0.19,0.55,0.0,0.0,0.1,6
0.55,1.0,0.22,0.9,0.0,0.54,0.12,0.16,0.58,0.04,1.0,0.2,0.56,0.25,0.18,0.0,7
1.0,1.0,0.46,0.9500000000000001,0.51,0.59,0.75,0.25,0.3,0.0,0.0,0.17,0.43,0.46,0.8300000000000001,0.78,9
0.0,1.0,0.13,0.72,0.87,0.78,0.58,0.97,0.49,0.8,1.0,0.58,0.7000000000000001,0.29,0.47000000000000003,0.0,10
0.6900000000000001,0.98,0.22,0.93,0.46,0.71,0.5700000000000001,1.0,0.85,0.65,1.0,0.22,0.56,0.0,0.0,0.05,10
1.0,1.0,0.55,0.79,0.19,0.53,0.0,0.25,0.26,0.0,0.89,0.08,0.75,0.34,0.07,0.37,7
0.54,0.89,1.0,1.0,0.71,0.91,0.42,0.64,0.63,0.5,0.8300000000000001,0.27,0.49,0.02,0.0,0.0,6
0.13,1.0,0.0,0.43,0.25,0.0,0.67,0.0,1.0,0.34,0.9500000000000001,0.87,0.55,1.0,0.15,0.92,1
0.25,0.93,0.0,0.55,0.22,0.0,0.76,0.05,1.0,0.59,0.61,1.0,0.15,0.67,0.11,0.07,1
0.31,0.74,0.71,1.0,0.74,0.79,0.62,0.35000000000000003,0.44,0.0,0.0,0.04,0.5,0.04,1.0,0.07,2
0.3,0.97,0.93,1.0,1.0,0.99,0.34,0.93,0.01,0.59,0.62,0.43,0.53,0.0,0.0,0.13,6
0.93,0.67,0.8300000000000001,1.0,0.35000000000000003,0.88,0.71,0.85,1.0,0.93,0.72,0.59,0.39,0.28,0.0,0.0,10
0.14,1.0,0.75,0.97,0.74,0.99,0.21,0.8,0.42,0.52,1.0,0.24,0.51,0.0,0.0,0.23,6
1.0,1.0,0.6,0.9400000000000001,0.33,0.62,0.22,0.29,0.47000000000000003,0.0,0.98,0.12,0.58,0.35000000000000003,0.0,0.27,7
0.55,0.9500000000000001,0.0,1.0,0.26,0.67,0.64,0.33,0.5,0.0,0.16,0.29,0.47000000000000003,0.63,1.0,0.9,9
0.48,0.98,0.16,0.6900000000000001,0.0,0.32,0.29,0.0,0.84,0.22,1.0,0.6,0.86,0.98,0.24,1.0,1
1.0,1.0,0.53,0.8,0.22,0.5,0.05,0.16,0.46,0.0,0.92,0.19,0.51,0.33,0.0,0.19,7
0.92,0.77,0.88,1.0,0.46,0.8300000000000001,0.79,0.6900000000000001,1.0,0.54,0.97,0.18,0.53,0.0,0.0,0.06,10
1.0,0.96,0.65,0.98,0.61,0.8,0.99,1.0,0.81,0.66,0.6,0.32,0.34,0.0,0.0,0.0,10
1.0,1.0,0.49,0.93,0.17,0.64,0.0,0.31,0.18,0.0,0.71,0.05,0.63,0.32,0.08,0.27,7
0.13,0.9500000000000001,0.62,1.0,0.72,0.61,0.58,0.19,0.37,0.0,0.0,0.31,0.47000000000000003,0.37,1.0,0.35000000000000003,8
0.39,0.88,0.47000000000000003,1.0,0.8200000000000001,0.81,0.59,0.54,0.24,0.32,0.0,0.07,0.48,0.0,1.0,0.01,3
0.0,0.6900000000000001,0.26,1.0,0.54,0.67,0.45,0.23,0.05,0.0,0.06,0.0,0.53,0.0,1.0,0.01,3
0.53,0.92,0.16,0.64,0.76,0.4,0.39,0.0,0.0,0.07,0.07,0.54,0.23,0.98,1.0,1.0,6
0.6900000000000001,0.9,0.33,0.61,0.75,0.16,0.12,0.0,0.0,0.38,0.77,0.59,1.0,1.0,0.2,0.9500000000000001,9
0.0,0.92,0.46,1.0,1.0,0.92,0.78,0.51,0.59,0.09,0.38,0.0,0.3,0.28,0.9500000000000001,0.3,8
0.0,0.46,0.45,0.56,0.85,0.75,1.0,1.0,0.98,0.71,0.93,0.42,0.8,0.14,0.8,0.0,2
0.53,0.87,0.14,0.8,0.07,0.29,0.5,0.0,1.0,0.26,0.99,0.76,0.49,1.0,0.0,0.77,1
0.24,1.0,0.0,0.61,0.04,0.17,0.5700000000000001,0.0,1.0,0.32,0.96,0.75,0.43,0.9400000000000001,0.11,0.5700000000000001,1
0.61,0.88,0.98,1.0,1.0,0.9500000000000001,0.62,0.89,0.32,0.64,0.56,0.33,0.38,0.03,0.0,0.0,6
0.53,0.81,0.66,1.0,0.86,0.7000000000000001,0.77,0.35000000000000003,0.43,0.09,0.0,0.08,0.51,0.11,1.0,0.0,3
0.0,0.53,0.3,0.8200000000000001,0.62,1.0,0.52,0.61,0.5,0.21,0.2,0.03,0.45,0.0,1.0,0.03,2
0.28,0.97,0.2,0.71,0.0,0.26,0.28,0.0,0.74,0.21,1.0,0.63,0.73,1.0,0.24,0.96,1
0.6900000000000001,1.0,0.42,0.81,0.22,0.52,0.2,0.21,0.6,0.0,1.0,0.15,0.51,0.28,0.0,0.16,7
0.38,0.76,0.0,0.91,0.39,0.45,0.75,0.0,0.24,0.12,0.58,0.58,1.0,1.0,0.37,0.9400000000000001,9
0.28,0.6,0.15,1.0,1.0,0.98,0.74,0.5,0.21,0.06,0.76,0.0,0.23,0.43,0.0,0.87,9
1.0,0.98,0.54,1.0,0.13,0.8300000000000001,0.11,0.49,0.53,0.55,0.73,0.27,0.46,0.0,0.0,0.05,6
0.12,0.52,0.65,0.54,1.0,0.23,0.47000000000000003,0.0,0.39,0.33,0.74,0.67,0.68,1.0,0.0,0.9,9
1.0,0.98,0.61,1.0,0.2,0.89,0.0,0.58,0.36,0.54,0.65,0.37,0.44,0.02,0.06,0.0,6
0.0,0.88,0.61,0.68,1.0,0.9,0.14,1.0,0.24,0.79,0.8,0.54,0.46,0.25,0.03,0.0,10
0.8300000000000001,1.0,0.09,0.87,0.5700000000000001,0.44,0.6,0.0,0.0,0.17,0.56,0.56,1.0,0.9500000000000001,0.1,1.0,9
0.99,1.0,0.51,0.99,0.56,0.77,1.0,0.9,0.96,0.67,0.78,0.38,0.45,0.14,0.0,0.0,10
0.51,0.58,0.8300000000000001,1.0,0.0,0.92,0.03,0.49,0.68,0.1,0.13,0.0,0.15,0.43,1.0,0.77,9
0.0,0.65,0.51,0.79,0.84,1.0,1.0,0.9400000000000001,0.92,0.7000000000000001,0.8300000000000001,0.46,0.73,0.22,0.78,0.0,2
0.97,1.0,0.51,0.77,0.19,0.48,0.0,0.18,0.44,0.0,1.0,0.16,0.65,0.31,0.12,0.14,7
0.87,1.0,0.36,0.71,0.85,0.35000000000000003,0.52,0.0,0.0,0.13,0.51,0.49,1.0,0.85,0.44,0.97,9
0.06,0.97,0.58,1.0,1.0,0.85,0.76,0.56,0.44,0.29,0.25,0.0,0.0,0.29,0.53,0.37,8
0.0,0.92,0.33,0.99,0.84,1.0,1.0,0.92,0.67,0.71,0.45,0.47000000000000003,0.3,0.21,0.27,0.0,8
0.32,0.84,0.79,0.64,0.85,1.0,0.35000000000000003,0.78,0.74,0.68,1.0,0.37,0.8200000000000001,0.0,0.0,0.0,10
0.0,0.71,0.01,0.21,0.47000000000000003,0.0,0.93,0.1,1.0,0.59,0.66,0.9500000000000001,0.19,1.0,0.1,0.59,1
0.96,0.43,0.63,0.0,0.01,0.07,0.0,0.5700000000000001,0.38,1.0,1.0,0.9400000000000001,0.81,0.45,0.36,0.07,1
0.55,1.0,0.39,0.85,0.12,0.49,0.17,0.12,0.78,0.0,1.0,0.27,0.41000000000000003,0.38,0.0,0.09,7
0.0,0.9500000000000001,0.03,0.97,0.6900000000000001,1.0,1.0,1.0,0.52,0.8,0.23,0.55,0.16,0.26,0.34,0.0,8
0.46,0.78,0.59,0.42,0.51,0.0,0.0,0.06,0.47000000000000003,0.39,1.0,0.6900000000000001,0.9,1.0,0.21,0.9400000000000001,9
0.45,0.84,0.73,1.0,1.0,0.98,0.8200000000000001,0.72,0.6900000000000001,0.43,0.61,0.14,0.31,0.0,0.0,0.02,4
0.88,0.97,0.28,0.91,0.26,0.43,1.0,0.05,0.0,0.0,0.37,0.51,0.9400000000000001,1.0,0.31,0.87,9
0.54,0.5700000000000001,0.7000000000000001,1.0,0.0,0.8300000000000001,0.37,0.41000000000000003,0.9,0.0,0.19,0.0,0.36,0.45,1.0,0.8200000000000001,9
0.1,0.73,0.0,0.38,0.26,0.0,0.75,0.12,1.0,0.52,0.89,0.9500000000000001,0.39,1.0,0.03,0.67,1
0.68,1.0,0.41000000000000003,0.9400000000000001,0.13,0.61,0.0,0.27,0.32,0.0,1.0,0.2,0.6,0.32,0.09,0.07,7
0.43,0.92,0.7000000000000001,1.0,0.68,0.66,0.39,0.37,0.0,0.18,0.17,0.34,0.56,0.13,1.0,0.0,3
0.05,0.85,0.44,1.0,0.72,0.71,0.52,0.33,0.21,0.0,0.0,0.34,0.5,0.41000000000000003,1.0,0.45,8
0.03,0.88,0.0,0.51,0.16,0.1,0.64,0.0,0.98,0.34,1.0,0.76,0.56,1.0,0.05,0.85,1
0.29,0.79,0.8,0.7000000000000001,0.75,1.0,0.16,0.79,0.91,0.78,1.0,0.46,0.81,0.1,0.0,0.0,10
0.08,0.65,0.03,1.0,0.46,0.99,0.35000000000000003,0.55,0.0,0.24,0.04,0.08,0.52,0.0,1.0,0.02,3
0.0,0.85,0.41000000000000003,1.0,0.62,0.73,0.5700000000000001,0.36,0.49,0.0,0.27,0.2,0.53,0.32,1.0,0.35000000000000003,8
1.0,1.0,0.54,0.8300000000000001,0.23,0.56,0.05,0.24,0.32,0.0,0.77,0.11,0.46,0.34,0.0,0.28,7
0.33,0.76,0.68,1.0,0.71,0.64,0.42,0.29,0.04,0.0,0.0,0.15,0.49,0.15,1.0,0.07,3
0.25,0.75,0.85,1.0,0.49,0.72,0.18,0.4,0.0,0.07,0.51,0.0,1.0,0.28,0.49,0.29,7
0.89,1.0,0.43,0.9,0.64,0.73,0.67,0.77,0.8200000000000001,0.44,1.0,0.12,0.54,0.0,0.0,0.04,10
0.54,1.0,0.96,0.93,0.81,0.72,0.77,0.54,1.0,0.3,0.8300000000000001,0.07,0.41000000000000003,0.0,0.0,0.08,4
0.14,0.81,0.0,0.56,0.48,0.6,1.0,0.3,0.5,0.0,0.18,0.52,0.18,0.97,0.97,1.0,6
0.0,0.92,0.35000000000000003,1.0,0.8200000000000001,0.8,0.75,0.4,0.67,0.0,0.41000000000000003,0.08,0.42,0.33,1.0,0.34,8
0.21,0.79,0.14,1.0,0.61,0.75,0.51,0.35000000000000003,0.0,0.12,0.16,0.1,0.79,0.0,1.0,0.3,3
1.0,1.0,0.5700000000000001,0.9400000000000001,0.29,0.76,0.48,0.63,0.8300000000000001,0.49,0.71,0.19,0.36,0.0,0.0,0.04,6
0.31,0.96,0.18,0.51,0.27,1.0,0.26,0.67,0.4,0.17,0.0,0.0,0.44,0.06,1.0,0.07,2
0.17,0.77,0.38,1.0,0.54,0.73,0.32,0.39,0.0,0.11,0.06,0.1,0.53,0.0,1.0,0.03,3
0.0,0.79,0.42,1.0,0.5700000000000001,0.68,0.5,0.31,0.53,0.0,0.24,0.32,0.44,0.5,1.0,0.53,8
0.35000000000000003,0.96,0.12,0.5,0.51,0.38,0.52,0.0,0.0,0.02,0.1,0.53,0.37,0.9500000000000001,1.0,1.0,6
0.2,0.6900000000000001,0.35000000000000003,1.0,1.0,0.9500000000000001,0.61,0.53,0.19,0.11,0.67,0.0,0.35000000000000003,0.38,0.0,0.8,9
0.0,0.66,0.5700000000000001,0.8,1.0,1.0,0.97,0.89,0.87,0.64,0.89,0.4,0.84,0.15,0.34,0.0,2
0.0,0.84,0.42,1.0,0.59,0.74,0.42,0.45,0.1,0.19,0.01,0.16,0.55,0.16,1.0,0.0,3
0.81,1.0,0.47000000000000003,0.96,0.14,0.62,0.06,0.22,0.53,0.0,1.0,0.19,0.46,0.34,0.0,0.12,7
0.23,0.89,0.68,1.0,1.0,0.88,0.68,0.67,0.63,0.45,0.9,0.25,0.5,0.08,0.0,0.0,4
0.0,0.6,0.09,0.62,0.54,0.81,0.99,1.0,1.0,0.8200000000000001,0.76,0.55,0.52,0.28,0.33,0.0,2
0.0,0.89,0.36,1.0,0.58,0.72,0.54,0.36,0.56,0.0,0.28,0.11,0.48,0.27,1.0,0.3,8
0.0,0.79,0.47000000000000003,0.96,1.0,1.0,0.8,0.74,0.39,0.51,0.05,0.26,0.25,0.04,0.8200000000000001,0.0,3
0.0,0.98,0.22,0.65,1.0,0.89,0.17,1.0,0.18,0.74,0.85,0.7000000000000001,0.58,0.3,0.01,0.0,10
0.58,0.67,0.24,0.85,0.86,1.0,0.92,0.7000000000000001,0.48,0.42,0.0,0.14,0.29,0.0,1.0,0.07,3
0.32,0.66,0.87,0.42,0.73,0.0,0.0,0.07,0.37,0.43,1.0,0.72,0.92,1.0,0.3,0.76,9
0.53,0.9,0.9500000000000001,1.0,1.0,0.74,0.74,0.49,0.4,0.28,0.0,0.1,0.26,0.0,0.78,0.04,3
0.0,0.78,0.33,1.0,0.7000000000000001,0.79,0.53,0.43,0.1,0.23,0.1,0.32,0.5700000000000001,0.2,1.0,0.0,3
0.8,1.0,0.24,0.98,0.28,0.7000000000000001,0.92,0.91,0.9400000000000001,0.86,1.0,0.5,0.7000000000000001,0.18,0.0,0.0,10
0.0,0.78,0.35000000000000003,1.0,0.74,0.86,0.42,0.55,0.5700000000000001,0.31,1.0,0.08,0.58,0.0,0.08,0.08,4
0.86,1.0,0.32,0.92,0.01,0.55,0.0,0.16,0.6,0.0,1.0,0.31,0.31,0.34,0.07,0.01,7
0.23,0.93,0.3,0.64,0.9,0.36,0.59,0.0,0.12,0.12,0.0,0.54,0.13,0.91,1.0,1.0,6
0.15,0.7000000000000001,0.2,0.32,0.54,0.0,0.96,0.24,1.0,0.66,0.68,1.0,0.16,0.92,0.0,0.52,1
0.4,0.81,0.6900000000000001,1.0,0.97,0.8,0.66,0.55,1.0,0.41000000000000003,1.0,0.15,0.53,0.0,0.0,0.0,4
0.0,0.96,0.31,1.0,0.81,0.93,0.76,0.48,0.56,0.01,0.44,0.0,0.49,0.32,1.0,0.35000000000000003,8
1.0,0.85,0.58,1.0,0.1,0.97,0.28,0.76,0.77,0.73,0.54,0.53,0.21,0.28,0.0,0.0,10
0.64,0.77,0.86,1.0,1.0,0.79,0.8300000000000001,0.54,0.79,0.28,0.9,0.05,0.36,0.0,0.0,0.01,4
0.25,0.9,0.42,1.0,0.15,0.63,0.0,0.26,0.42,0.0,1.0,0.03,0.8,0.28,0.59,0.06,7
1.0,1.0,0.49,0.93,0.21,0.62,0.0,0.32,0.12,0.0,0.88,0.08,0.93,0.34,0.16,0.22,7
0.0,0.96,0.47000000000000003,1.0,0.71,0.7000000000000001,0.67,0.35000000000000003,0.58,0.0,1.0,0.01,0.74,0.17,0.19,0.18,8
0.35000000000000003,0.77,0.06,0.5,0.03,0.08,0.58,0.0,1.0,0.29,0.9400000000000001,0.7000000000000001,0.52,1.0,0.0,0.84,1
0.41000000000000003,0.8,0.6,1.0,1.0,0.97,0.98,0.73,0.9400000000000001,0.48,0.75,0.26,0.42,0.09,0.0,0.0,4
0.09,0.91,0.71,1.0,0.91,0.68,0.68,0.34,0.41000000000000003,0.0,0.0,0.15,0.15,0.32,1.0,0.34,8
0.8300000000000001,0.61,0.96,0.97,0.5,1.0,0.54,0.66,1.0,0.62,0.92,0.21,0.49,0.0,0.0,0.03,10
0.16,0.9,0.0,0.46,0.67,0.42,0.88,0.02,0.29,0.0,0.07,0.49,0.18,0.93,1.0,1.0,6
0.0,0.8300000000000001,0.21,1.0,0.62,0.93,0.5700000000000001,0.46,0.51,0.0,0.29,0.1,0.56,0.21,1.0,0.28,8
0.43,0.9500000000000001,0.2,0.65,0.45,0.25,0.09,0.0,0.0,0.27,0.2,0.71,0.55,0.91,1.0,1.0,6
0.18,0.76,0.5,0.86,1.0,1.0,0.93,0.8,0.7000000000000001,0.6,0.48,0.4,0.23,0.2,0.0,0.0,2
0.0,0.45,0.29,0.67,0.62,0.89,1.0,1.0,0.84,0.75,0.65,0.5,0.53,0.26,0.49,0.0,2
0.87,1.0,0.54,0.64,0.0,0.31,0.09,0.25,0.96,0.33,1.0,0.65,0.7000000000000001,0.38,0.41000000000000003,0.0,5
0.0,0.42,0.22,0.5700000000000001,0.6900000000000001,0.79,1.0,1.0,0.6900000000000001,0.75,0.38,0.51,0.14,0.26,0.03,0.0,2
0.27,1.0,0.08,0.73,0.0,0.45,0.11,0.17,0.51,0.0,1.0,0.03,0.8200000000000001,0.2,0.37,0.09,7
0.06,0.79,0.49,1.0,1.0,0.97,0.79,0.67,0.4,0.43,0.0,0.18,0.32,0.01,0.91,0.0,3
0.28,0.74,0.68,1.0,0.97,0.87,0.61,0.5700000000000001,1.0,0.38,0.96,0.08,0.44,0.0,0.0,0.13,4
0.58,0.84,0.91,1.0,1.0,0.84,0.77,0.6,0.87,0.35000000000000003,0.8,0.1,0.41000000000000003,0.01,0.0,0.0,4
0.0,0.8200000000000001,0.44,0.98,1.0,1.0,0.93,0.75,0.53,0.55,0.78,0.35000000000000003,0.58,0.13,0.07,0.0,4
0.12,0.9,0.67,1.0,0.71,0.7000000000000001,0.26,0.44,0.71,0.47000000000000003,1.0,0.19,0.5,0.0,0.0,0.14,4
1.0,1.0,0.44,0.99,0.06,0.73,0.15,0.48,0.65,0.6,0.85,0.26,0.49,0.0,0.0,0.12,6
0.85,0.76,0.67,0.68,0.16,0.78,0.59,1.0,1.0,0.85,0.79,0.53,0.41000000000000003,0.26,0.0,0.0,10
0.51,0.85,0.8300000000000001,1.0,1.0,0.9,0.81,0.66,0.73,0.4,0.73,0.16,0.39,0.02,0.0,0.0,4
0.8,1.0,0.52,0.63,0.07,0.35000000000000003,0.0,0.32,0.67,0.34,1.0,0.53,0.77,0.36,0.53,0.0,5
0.72,0.72,0.51,1.0,0.04,0.75,0.44,0.38,0.52,0.0,0.0,0.17,0.41000000000000003,0.53,1.0,0.81,9
0.39,0.96,0.5700000000000001,0.59,1.0,0.9400000000000001,0.34,1.0,0.61,0.66,0.78,0.66,0.71,0.15,0.0,0.0,10
0.26,1.0,0.06,0.8,0.0,0.48,0.63,0.43,1.0,0.6900000000000001,0.98,0.6,0.86,0.27,0.8300000000000001,0.0,5
0.0,0.62,0.33,0.81,0.7000000000000001,0.99,1.0,1.0,0.85,0.75,0.67,0.5,0.51,0.25,0.37,0.0,2
0.55,0.89,0.85,1.0,1.0,0.81,0.78,0.6,0.6900000000000001,0.35000000000000003,0.64,0.09,0.33,0.0,0.0,0.03,4
0.0,0.8200000000000001,0.09,0.59,0.56,0.34,0.41000000000000003,0.0,0.1,0.3,0.03,0.67,0.42,0.96,1.0,1.0,6
0.0,0.76,0.3,0.48,0.53,0.09,0.11,0.0,0.47000000000000003,0.34,0.97,0.66,1.0,1.0,0.38,0.85,9
0.0,0.8200000000000001,0.34,1.0,0.78,0.9,0.49,0.62,0.8,0.49,1.0,0.18,0.62,0.0,0.18,0.13,4
0.0,0.63,0.37,0.44,0.42,0.06,0.01,0.0,0.25,0.36,0.65,0.67,1.0,1.0,0.46,0.8,9
0.78,0.99,0.21,0.85,0.0,0.5,0.05,0.14,0.59,0.0,1.0,0.27,1.0,0.65,0.79,1.0,1
1.0,0.8300000000000001,0.25,1.0,0.16,0.67,0.58,0.28,0.12,0.0,0.0,0.33,0.65,0.65,0.89,0.91,9
0.0,0.93,0.41000000000000003,1.0,0.5700000000000001,0.65,0.47000000000000003,0.26,0.21,0.0,0.02,0.35000000000000003,0.51,0.38,1.0,0.36,8
0.0,1.0,0.52,0.9400000000000001,0.74,0.6,0.71,0.23,0.55,0.0,0.09,0.21,0.43,0.31,1.0,0.31,8
0.8300000000000001,0.9500000000000001,0.06,1.0,0.2,0.65,1.0,0.38,0.8300000000000001,0.0,0.0,0.12,0.12,0.55,0.36,0.9500000000000001,9
0.36,1.0,0.03,0.88,0.0,0.64,0.54,0.55,1.0,0.67,0.73,0.45,0.46,0.23,0.29,0.0,5
0.18,0.74,0.49,1.0,0.53,0.67,0.31,0.31,0.0,0.0,0.13,0.11,0.59,0.02,1.0,0.08,3
0.62,0.8300000000000001,0.62,0.75,0.81,1.0,0.74,0.86,1.0,0.53,0.9,0.18,0.37,0.0,0.0,0.16,10
0.13,0.78,0.49,1.0,0.65,0.76,0.38,0.48,0.04,0.23,0.0,0.09,0.54,0.14,1.0,0.0,3
1.0,1.0,0.64,0.98,0.36,0.99,0.34,0.68,0.59,0.6,0.62,0.36,0.32,0.17,0.0,0.0,6
0.81,0.85,0.34,1.0,0.4,0.66,0.6,0.3,0.26,0.0,0.0,0.22,0.47000000000000003,0.51,1.0,0.78,9
0.0,0.87,0.42,1.0,1.0,0.9400000000000001,0.87,0.73,0.67,0.53,0.64,0.32,0.6900000000000001,0.11,0.22,0.0,4
0.73,1.0,0.24,0.85,0.0,0.39,0.22,0.0,0.7000000000000001,0.2,1.0,0.62,0.78,0.99,0.31,0.76,1
0.53,0.85,0.6,1.0,0.5700000000000001,0.67,0.32,0.39,0.0,0.15,0.29,0.05,0.6900000000000001,0.0,1.0,0.24,3
0.0,0.8200000000000001,0.46,0.75,0.97,1.0,0.27,0.97,0.45,0.81,1.0,0.79,0.88,0.39,0.78,0.0,10
0.96,0.36,0.8300000000000001,0.81,0.42,1.0,0.09,0.65,0.0,0.2,0.42,0.0,0.88,0.2,1.0,0.62,1
0.12,0.64,0.5700000000000001,0.46,0.46,0.0,0.0,0.03,0.44,0.41000000000000003,1.0,0.74,0.9,1.0,0.25,0.79,9
0.49,0.8,0.46,0.6900000000000001,0.65,0.27,0.3,0.0,0.0,0.33,0.49,0.67,1.0,1.0,0.27,0.99,9
0.0,0.92,0.28,1.0,0.67,0.74,0.7000000000000001,0.35000000000000003,0.48,0.0,0.05,0.24,0.45,0.34,1.0,0.34,8
0.04,0.64,0.27,1.0,0.31,0.8300000000000001,0.26,0.39,0.0,0.08,0.05,0.03,0.52,0.02,1.0,0.0,2
0.18,0.75,0.51,1.0,0.65,0.72,0.41000000000000003,0.35000000000000003,0.08,0.03,0.0,0.0,0.5,0.06,1.0,0.15,3
0.0,0.8200000000000001,0.33,1.0,0.77,0.89,0.87,0.5700000000000001,0.72,0.25,0.53,0.0,0.51,0.27,1.0,0.24,8
0.11,0.72,0.45,1.0,1.0,0.98,0.9,0.6,0.49,0.31,0.0,0.1,0.15,0.02,0.74,0.0,3
1.0,1.0,0.5,0.91,0.19,0.66,0.0,0.4,0.0,0.13,0.48,0.0,0.9400000000000001,0.15,0.44,0.21,7
0.38,0.67,0.5,1.0,0.73,0.67,0.41000000000000003,0.26,0.0,0.02,0.09,0.12,0.54,0.01,1.0,0.0,3
0.48,1.0,0.2,0.88,0.0,0.72,0.04,0.54,0.21,0.39,0.52,0.28,0.79,0.15,1.0,0.0,5
0.18,0.89,1.0,1.0,0.53,0.93,0.1,0.64,0.53,0.77,0.96,0.52,0.68,0.21,0.0,0.0,6
1.0,1.0,0.8300000000000001,0.93,0.67,0.78,0.54,0.62,0.38,0.47000000000000003,0.29,0.31,0.12,0.15,0.0,0.0,2
0.75,0.6900000000000001,0.79,1.0,0.14,0.88,0.71,0.7000000000000001,0.92,0.84,1.0,0.36,0.58,0.0,0.0,0.09,10
0.22,1.0,0.01,0.55,0.1,0.1,0.6,0.0,1.0,0.31,0.97,0.77,0.51,0.99,0.0,0.8300000000000001,1
0.02,0.59,0.0,0.86,0.41000000000000003,1.0,1.0,1.0,0.88,0.79,0.59,0.55,0.38,0.28,0.35000000000000003,0.0,8
0.45,0.97,0.09,0.67,0.0,0.26,0.36,0.0,0.8200000000000001,0.14,1.0,0.53,0.79,0.93,0.32,1.0,1
0.78,1.0,0.2,0.92,0.0,0.58,0.06,0.22,0.53,0.0,0.97,0.23,1.0,0.59,0.89,0.9500000000000001,1
0.0,0.9400000000000001,0.35000000000000003,1.0,0.6,0.71,0.55,0.29,0.49,0.0,0.29,0.39,0.5,0.5700000000000001,1.0,0.5700000000000001,8
0.54,0.89,0.75,1.0,0.9,0.75,0.6900000000000001,0.48,1.0,0.3,0.8300000000000001,0.08,0.4,0.0,0.0,0.08,4
0.85,0.8300000000000001,1.0,0.76,0.81,1.0,0.5,0.67,0.93,0.6900000000000001,0.9500000000000001,0.21,0.47000000000000003,0.0,0.0,0.23,10
0.06,0.91,0.55,1.0,0.58,0.9,0.49,0.64,0.88,0.42,1.0,0.12,0.51,0.0,0.0,0.04,4
0.0,0.77,0.56,0.9,1.0,1.0,0.9400000000000001,0.8,0.75,0.6,0.56,0.4,0.38,0.2,0.31,0.0,2
1.0,1.0,0.53,0.89,0.19,0.63,0.0,0.31,0.13,0.0,0.63,0.01,0.75,0.29,0.29,0.43,7
0.0,0.52,0.34,0.63,0.66,0.8200000000000001,1.0,1.0,0.9400000000000001,0.78,0.78,0.52,0.62,0.26,0.55,0.0,2
0.13,0.88,0.0,0.53,0.17,0.13,0.67,0.0,1.0,0.31,0.91,0.72,0.51,1.0,0.05,0.86,1
0.74,1.0,0.38,0.91,0.15,0.62,0.0,0.3,0.13,0.0,0.6900000000000001,0.0,1.0,0.26,0.46,0.32,7
0.7000000000000001,0.86,0.89,0.8,0.71,1.0,0.8,0.81,1.0,0.5,0.78,0.2,0.4,0.06,0.0,0.0,10
0.02,0.9,0.6,1.0,1.0,0.72,0.72,0.36,0.4,0.0,0.88,0.12,0.79,0.29,0.0,0.31,8
0.14,0.91,0.38,0.75,0.6900000000000001,0.39,0.35000000000000003,0.0,0.0,0.18,0.08,0.66,0.35000000000000003,1.0,1.0,0.96,6
0.13,0.75,0.44,1.0,0.52,0.65,0.32,0.3,0.0,0.0,0.0,0.11,0.5,0.05,1.0,0.05,3
0.76,0.76,0.48,1.0,0.0,0.8,0.37,0.58,1.0,0.74,0.84,0.5700000000000001,0.46,0.29,0.19,0.0,10
0.31,1.0,0.15,0.84,0.02,0.65,0.0,0.45,0.2,0.29,0.48,0.21,0.79,0.14,1.0,0.0,5
0.41000000000000003,1.0,0.38,0.84,0.16,0.52,0.11,0.17,0.54,0.0,1.0,0.19,0.55,0.32,0.0,0.23,7
1.0,0.72,0.58,1.0,0.0,0.77,0.46,0.39,0.62,0.0,0.24,0.21,0.6900000000000001,0.58,0.6900000000000001,0.91,9
0.0,0.81,0.29,1.0,0.64,0.8200000000000001,0.67,0.4,0.5,0.0,0.23,0.32,0.6,0.43,1.0,0.51,8
1.0,1.0,0.46,0.89,0.13,0.64,0.0,0.34,0.25,0.07,0.8,0.0,0.8,0.24,0.26,0.26,7
1.0,1.0,0.8200000000000001,0.91,0.65,0.75,0.5,0.59,0.35000000000000003,0.43,0.18,0.28,0.09,0.12,0.0,0.0,2
1.0,1.0,0.56,0.97,0.32,0.73,0.54,0.62,0.92,0.46,0.78,0.09,0.36,0.0,0.0,0.16,6
0.62,0.93,0.16,0.74,0.0,0.35000000000000003,0.21,0.0,0.77,0.07,1.0,0.43,0.8300000000000001,0.81,0.33,1.0,1
0.39,0.74,0.65,1.0,0.65,0.6,0.38,0.21,0.0,0.0,0.23,0.22,0.62,0.04,1.0,0.04,3
1.0,0.81,0.23,1.0,0.0,0.65,0.56,0.3,0.45,0.0,0.25,0.34,0.89,0.68,0.9400000000000001,0.98,9
0.12,0.79,0.09,0.48,0.36,0.18,0.3,0.0,0.12,0.31,0.0,0.62,0.34,0.88,1.0,1.0,6
0.11,0.99,0.5700000000000001,1.0,0.66,0.54,0.41000000000000003,0.08,0.51,0.0,1.0,0.29,0.59,0.41000000000000003,0.0,0.51,8
0.0,0.39,0.38,0.5700000000000001,0.6900000000000001,0.79,1.0,1.0,0.9,0.74,0.71,0.49,0.53,0.24,0.34,0.0,2
1.0,0.99,0.66,1.0,0.36,0.8,0.38,0.5,0.79,0.41000000000000003,0.6900000000000001,0.16,0.32,0.0,0.0,0.07,6
1.0,1.0,0.76,0.79,0.49,0.58,0.29,0.34,0.2,0.1,0.58,0.0,0.49,0.17,0.0,0.05,7
0.15,0.81,0.0,0.68,0.14,0.97,0.77,1.0,1.0,0.9500000000000001,0.8,0.62,0.68,0.28,0.63,0.0,8
0.27,0.7000000000000001,0.59,1.0,0.27,0.66,0.14,0.26,0.48,0.0,1.0,0.19,0.59,0.4,0.0,0.3,7
0.58,1.0,0.49,0.99,0.23,0.74,0.0,0.51,0.55,0.46,1.0,0.46,0.8200000000000001,0.26,0.62,0.0,5
0.4,0.92,0.77,1.0,0.9,0.85,0.75,0.56,1.0,0.29,0.79,0.06,0.4,0.01,0.0,0.0,4
0.54,0.71,0.92,0.76,0.6900000000000001,1.0,0.65,0.77,1.0,0.55,0.8300000000000001,0.23,0.43,0.07,0.0,0.0,10
0.35000000000000003,0.78,0.62,1.0,0.92,0.78,0.6900000000000001,0.49,0.77,0.49,1.0,0.2,0.56,0.0,0.0,0.14,4
0.15,1.0,0.02,0.79,0.0,0.5700000000000001,0.48,0.49,1.0,0.56,0.97,0.43,0.87,0.21,0.98,0.0,5
0.26,0.9400000000000001,0.67,1.0,1.0,0.89,0.66,0.68,0.92,0.39,0.84,0.14,0.41000000000000003,0.07,0.0,0.0,4
0.87,1.0,0.36,0.8200000000000001,0.03,0.52,0.0,0.17,0.5,0.0,1.0,0.13,0.55,0.31,0.0,0.2,7
0.0,0.8300000000000001,0.28,1.0,0.59,0.88,0.42,0.5700000000000001,0.22,0.28,0.31,0.0,0.7000000000000001,0.01,1.0,0.02,3
0.0,0.76,0.47000000000000003,0.71,0.96,0.96,0.28,1.0,0.17,0.77,0.9,0.74,1.0,0.37,1.0,0.0,10
1.0,1.0,0.48,0.81,0.19,0.54,0.07,0.25,0.39,0.0,0.92,0.1,0.64,0.34,0.0,0.33,7
0.14,0.78,0.07,0.33,0.4,0.0,0.84,0.15,1.0,0.61,0.72,1.0,0.26,1.0,0.0,0.6,1
0.0,0.5700000000000001,0.24,0.71,0.64,0.9400000000000001,1.0,1.0,0.92,0.75,0.8,0.5,0.76,0.24,0.84,0.0,2
0.0,0.91,0.39,1.0,0.72,0.9,0.79,0.6900000000000001,0.92,0.5,1.0,0.31,0.89,0.12,0.52,0.0,4
0.29,0.74,0.53,1.0,1.0,0.99,0.75,0.71,0.81,0.51,0.81,0.2,0.38,0.0,0.0,0.15,4
1.0,0.97,0.73,1.0,0.34,0.88,0.38,0.59,0.8300000000000001,0.5,0.85,0.18,0.45,0.0,0.0,0.03,6
0.0,0.8300000000000001,0.34,1.0,0.49,0.68,0.28,0.3,0.0,0.01,0.25,0.0,0.62,0.07,1.0,0.07,3
1.0,1.0,0.65,0.78,0.29,0.5700000000000001,0.0,0.34,0.5700000000000001,0.39,0.77,0.51,0.58,0.26,0.51,0.0,5
0.08,0.98,0.53,1.0,0.6900000000000001,0.63,0.5,0.24,0.46,0.0,1.0,0.19,0.58,0.37,0.0,0.46,8
0.0,0.75,0.36,1.0,0.81,0.93,0.97,0.51,0.96,0.05,0.73,0.0,0.53,0.21,1.0,0.25,8
1.0,0.72,0.72,1.0,0.27,0.81,0.58,0.65,0.81,0.64,0.8,0.23,0.39,0.0,0.0,0.14,10
0.02,1.0,0.53,0.99,0.63,0.66,0.42,0.33,0.18,0.0,0.0,0.22,0.38,0.37,1.0,0.41000000000000003,8
0.52,0.89,0.15,0.63,0.0,0.21,0.33,0.0,0.73,0.16,1.0,0.54,0.88,0.96,0.48,1.0,1
0.0,0.6,0.45,0.8300000000000001,0.66,1.0,0.56,0.64,0.62,0.27,0.44,0.0,0.36,0.01,1.0,0.01,2
0.42,0.85,0.24,0.51,0.75,0.38,0.52,0.04,0.0,0.0,0.17,0.49,0.5,0.85,1.0,1.0,6
0.78,1.0,0.26,1.0,0.0,0.64,0.03,0.24,0.46,0.0,0.93,0.18,1.0,0.59,0.87,0.97,1
0.02,0.85,0.29,1.0,0.37,0.71,0.23,0.41000000000000003,0.0,0.15,0.17,0.0,0.58,0.02,1.0,0.08,3
0.05,0.96,0.66,1.0,0.72,0.65,0.54,0.24,0.31,0.0,0.0,0.38,0.41000000000000003,0.53,1.0,0.51,8
0.0,0.98,0.55,0.98,1.0,1.0,0.72,0.63,0.52,0.23,0.4,0.0,0.31,0.35000000000000003,0.86,0.4,8
0.26,0.71,0.48,1.0,0.74,0.74,0.46,0.37,0.05,0.12,0.0,0.11,0.5,0.08,1.0,0.0,3
0.08,0.9500000000000001,0.97,1.0,0.43,0.9400000000000001,0.02,0.6900000000000001,0.47000000000000003,0.64,1.0,0.38,0.72,0.0,0.0,0.19,6
0.67,1.0,0.28,0.75,0.02,0.48,0.0,0.19,0.46,0.0,1.0,0.15,0.67,0.39,0.07,0.41000000000000003,7
0.0,0.9,0.5,1.0,1.0,0.9400000000000001,0.84,0.52,0.62,0.13,0.42,0.0,0.4,0.4,0.92,0.44,8
0.0,0.87,0.52,1.0,0.96,0.8200000000000001,0.45,0.58,0.39,0.42,1.0,0.28,0.73,0.04,0.08,0.0,4
0.0,0.9500000000000001,0.39,1.0,0.58,0.7000000000000001,0.45,0.3,0.35000000000000003,0.0,0.18,0.38,0.58,0.47000000000000003,1.0,0.49,8
0.58,1.0,0.15,0.81,0.0,0.34,0.32,0.0,0.81,0.06,1.0,0.49,0.77,0.92,0.29,0.9400000000000001,1
0.11,1.0,0.0,0.8200000000000001,0.06,0.52,0.65,0.5700000000000001,1.0,0.8300000000000001,0.77,0.6,0.54,0.31,0.36,0.0,5
0.26,0.93,0.17,0.75,0.65,0.46,0.44,0.0,0.0,0.18,0.21,0.7000000000000001,0.42,0.98,1.0,1.0,6
0.76,1.0,0.0,0.9,0.48,0.62,0.93,0.29,0.54,0.0,0.13,0.27,0.44,0.64,1.0,0.9400000000000001,9
0.23,0.97,0.0,0.52,0.11,0.04,0.61,0.0,1.0,0.36,0.99,0.84,0.5,1.0,0.05,0.77,1
0.0,0.81,0.39,0.97,0.96,1.0,0.91,0.78,0.9500000000000001,0.52,1.0,0.25,0.54,0.09,0.0,0.0,4
0.0,1.0,0.66,0.98,0.55,0.65,0.24,0.33,0.14,0.0,0.75,0.25,1.0,0.47000000000000003,0.13,0.48,8
0.65,0.89,0.26,1.0,0.0,0.7000000000000001,0.51,0.63,0.84,0.7000000000000001,1.0,0.31,0.7000000000000001,0.03,0.17,0.0,10
0.47000000000000003,0.79,0.16,0.68,0.0,0.3,0.27,0.0,0.74,0.12,1.0,0.46,0.9400000000000001,0.86,0.51,1.0,1
0.0,0.81,0.26,1.0,0.62,1.0,0.67,0.74,0.59,0.5,0.47000000000000003,0.24,0.61,0.03,1.0,0.0,3
0.37,0.61,0.0,0.7000000000000001,0.22,0.92,0.6,1.0,0.91,0.85,1.0,0.5700000000000001,0.91,0.28,0.8,0.0,10
0.0,0.3,0.24,0.54,0.52,0.77,0.78,1.0,1.0,0.99,0.88,0.66,0.74,0.33,0.64,0.0,2
0.0,0.55,0.33,0.8300000000000001,0.6,1.0,0.53,0.67,0.46,0.34,0.3,0.01,0.4,0.01,1.0,0.0,2
0.06,1.0,0.6,0.98,0.62,0.56,0.35000000000000003,0.15,0.45,0.0,1.0,0.26,0.6900000000000001,0.4,0.0,0.38,8
0.98,0.96,0.52,0.96,0.74,0.64,0.97,1.0,0.97,0.7000000000000001,1.0,0.28,0.62,0.0,0.0,0.14,10
0.0,0.52,0.39,0.67,0.76,0.84,1.0,1.0,0.89,0.75,0.78,0.49,0.65,0.24,0.52,0.0,2
0.0,0.98,0.51,0.98,1.0,1.0,0.74,0.65,0.5,0.28,0.4,0.0,0.44,0.39,0.96,0.47000000000000003,8
0.39,1.0,0.1,0.76,0.0,0.41000000000000003,0.52,0.25,0.89,0.45,1.0,0.67,0.78,0.33,0.5700000000000001,0.0,5
1.0,1.0,0.68,0.89,0.5,0.67,0.32,0.46,0.23,0.23,0.25,0.0,0.48,0.02,0.0,0.02,7
0.15,0.58,0.0,0.19,0.33,0.0,0.71,0.18,1.0,0.52,0.93,0.93,0.54,1.0,0.15,0.85,1
0.52,1.0,0.2,0.71,0.0,0.4,0.61,0.39,1.0,0.47000000000000003,0.76,0.68,0.76,0.34,0.78,0.0,5
0.39,0.76,0.64,1.0,0.89,0.81,0.66,0.5,1.0,0.34,0.91,0.06,0.41000000000000003,0.0,0.0,0.18,4
0.37,0.9,0.19,0.5700000000000001,0.66,0.43,0.4,0.05,0.0,0.0,0.21,0.5,0.52,0.9,1.0,1.0,6
0.39,0.9,0.04,0.68,0.0,0.2,0.41000000000000003,0.0,0.84,0.24,1.0,0.7000000000000001,0.67,1.0,0.23,0.8,1
0.14,0.68,0.56,1.0,0.75,0.97,0.68,0.6,0.64,0.22,0.0,0.04,0.18,0.0,1.0,0.03,2
0.28,0.89,0.64,1.0,1.0,0.92,0.79,0.71,0.59,0.51,0.68,0.27,0.39,0.09,0.0,0.0,4
0.46,1.0,0.22,0.66,0.0,0.32,0.6900000000000001,0.38,1.0,0.45,0.56,0.65,0.53,0.28,0.51,0.0,5
1.0,1.0,0.55,0.93,0.12,0.66,0.0,0.29,0.3,0.0,0.84,0.15,0.72,0.48,0.1,0.46,7
0.03,0.9,0.54,1.0,1.0,0.9,0.8200000000000001,0.7000000000000001,0.64,0.49,0.72,0.28,0.62,0.09,0.0,0.0,4
0.31,1.0,0.01,0.7000000000000001,0.0,0.29,0.35000000000000003,0.0,0.8200000000000001,0.23,1.0,0.62,0.85,0.99,0.31,0.93,1
0.0,0.86,0.51,1.0,0.81,0.8300000000000001,0.47000000000000003,0.58,0.8,0.45,1.0,0.2,0.58,0.0,0.01,0.01,4
0.0,0.72,0.29,1.0,0.71,0.8200000000000001,0.74,0.43,0.5700000000000001,0.05,0.23,0.0,0.45,0.28,1.0,0.35000000000000003,8
0.93,0.6900000000000001,0.79,1.0,0.18,0.84,0.5700000000000001,0.6,0.9400000000000001,0.73,1.0,0.34,0.7000000000000001,0.01,0.0,0.0,10
0.41000000000000003,0.96,0.19,0.61,0.66,0.43,0.42,0.02,0.0,0.0,0.18,0.51,0.49,0.89,1.0,1.0,6
0.2,0.88,0.0,0.52,0.14,0.14,0.63,0.0,0.97,0.31,1.0,0.71,0.64,1.0,0.16,0.84,1
0.23,0.88,0.68,1.0,0.97,0.81,0.63,0.6,0.87,0.4,1.0,0.16,0.55,0.0,0.0,0.01,4
0.19,1.0,0.01,0.79,0.0,0.5700000000000001,0.39,0.46,0.87,0.51,0.87,0.41000000000000003,0.81,0.19,1.0,0.0,5
0.84,1.0,0.12,0.8,0.0,0.59,0.88,0.62,1.0,0.92,0.61,0.79,0.4,0.4,0.27,0.0,5
0.46,1.0,0.05,0.73,0.0,0.41000000000000003,0.61,0.41000000000000003,1.0,0.5700000000000001,0.84,0.6900000000000001,0.6900000000000001,0.35000000000000003,0.67,0.0,5
0.19,0.89,0.1,0.61,0.5,0.28,0.25,0.0,0.03,0.31,0.0,0.75,0.4,0.98,1.0,1.0,6
0.02,0.75,0.36,1.0,0.87,0.93,0.58,0.62,0.9400000000000001,0.49,1.0,0.19,0.5,0.0,0.0,0.16,4
0.8200000000000001,1.0,1.0,0.86,0.88,0.71,0.59,0.5700000000000001,0.35000000000000003,0.44,0.24,0.29,0.06,0.14,0.0,0.0,2
0.59,0.9400000000000001,0.08,1.0,0.17,0.65,0.9,0.36,0.76,0.0,0.0,0.1,0.48,0.46,1.0,0.8300000000000001,9
0.19,0.92,0.0,0.5700000000000001,0.64,0.39,0.64,0.0,0.05,0.11,0.13,0.62,0.3,1.0,1.0,0.99,6
0.78,0.9400000000000001,0.03,1.0,0.22,0.66,1.0,0.35000000000000003,0.62,0.0,0.0,0.25,0.44,0.66,0.41000000000000003,0.96,9
1.0,1.0,1.0,0.9,0.5,0.75,0.25,0.6,0.0,0.45,0.0,0.3,0.0,0.15,0.0,0.0,2
0.31,1.0,0.12,0.74,0.0,0.46,0.55,0.42,1.0,0.51,0.78,0.59,0.78,0.29,0.8300000000000001,0.0,5
0.0,0.86,0.29,1.0,0.62,0.9500000000000001,0.51,0.62,0.31,0.32,0.34,0.02,0.6900000000000001,0.0,1.0,0.06,3
1.0,1.0,0.66,0.8,0.35000000000000003,0.6,0.11,0.39,0.0,0.17,0.29,0.0,0.74,0.16,0.35000000000000003,0.2,7
0.0,1.0,1.0,0.91,0.0,0.76,0.0,0.6,0.0,0.45,0.0,0.3,0.0,0.15,1.0,0.0,2
0.41000000000000003,0.96,0.06,0.63,0.0,0.11,0.48,0.0,0.92,0.31,1.0,0.8200000000000001,0.51,1.0,0.18,0.62,1
0.48,0.68,0.5700000000000001,1.0,0.92,0.91,0.76,0.54,0.45,0.21,0.0,0.0,0.45,0.22,1.0,0.04,3
0.9400000000000001,0.9500000000000001,0.42,1.0,0.35000000000000003,0.71,0.86,0.84,1.0,0.66,1.0,0.25,0.55,0.02,0.0,0.0,10
0.0,0.73,0.43,1.0,0.44,0.9500000000000001,0.38,0.62,0.37,0.29,0.16,0.0,0.22,0.02,1.0,0.03,2
0.21,0.93,0.28,0.62,0.53,0.24,0.13,0.0,0.05,0.41000000000000003,0.0,0.84,0.47000000000000003,0.96,1.0,1.0,6
1.0,0.98,0.85,0.99,0.38,1.0,0.26,0.71,0.66,0.56,0.79,0.36,0.4,0.18,0.0,0.0,6
0.0,0.89,0.59,1.0,1.0,0.74,0.8200000000000001,0.35000000000000003,0.51,0.0,0.1,0.18,0.35000000000000003,0.42,1.0,0.48,8
0.35000000000000003,1.0,0.07,0.65,0.0,0.21,0.37,0.0,0.79,0.18,1.0,0.58,0.8300000000000001,0.97,0.37,1.0,1
0.07,0.51,0.31,0.9,0.93,1.0,0.99,0.58,0.59,0.21,0.0,0.0,0.35000000000000003,0.17,1.0,0.05,3
0.0,0.33,0.35000000000000003,0.52,0.67,0.75,0.97,1.0,1.0,0.9,0.8300000000000001,0.61,0.68,0.31,0.56,0.0,2
0.13,0.52,0.35000000000000003,0.92,0.4,1.0,0.43,0.5700000000000001,0.45,0.13,0.0,0.0,0.51,0.01,1.0,0.0,2
0.9,0.88,0.43,1.0,0.15,0.6900000000000001,0.67,0.66,0.86,0.66,1.0,0.27,0.59,0.03,0.0,0.0,10
0.25,0.64,0.54,1.0,0.53,0.9,0.49,0.45,0.32,0.03,0.0,0.0,0.51,0.01,1.0,0.02,2
0.37,0.9,0.73,1.0,1.0,0.9,0.64,0.72,0.8300000000000001,0.45,0.8300000000000001,0.16,0.43,0.03,0.0,0.0,4
0.29,0.76,0.5,1.0,0.7000000000000001,0.74,0.5,0.42,0.18,0.16,0.0,0.0,0.5,0.07,1.0,0.07,3
0.46,0.81,0.15,0.59,0.51,0.32,0.31,0.0,0.0,0.08,0.14,0.56,0.5,0.9,1.0,1.0,6
1.0,1.0,0.5700000000000001,0.85,0.21,0.58,0.0,0.29,0.13,0.0,0.66,0.08,0.5700000000000001,0.33,0.06,0.26,7
0.89,0.68,0.81,1.0,0.34,0.8,0.34,0.4,0.3,0.0,0.0,0.08,0.38,0.42,1.0,0.59,9
0.0,0.7000000000000001,0.33,1.0,0.8300000000000001,0.97,0.78,0.59,0.44,0.26,0.02,0.0,0.42,0.01,1.0,0.02,3
0.51,0.8200000000000001,0.84,1.0,0.99,0.79,0.8,0.55,1.0,0.29,0.79,0.04,0.36,0.0,0.0,0.19,4
0.26,0.7000000000000001,0.19,0.25,0.5700000000000001,0.0,0.9500000000000001,0.21,1.0,0.68,0.6900000000000001,1.0,0.24,0.88,0.0,0.48,1
1.0,1.0,0.6900000000000001,0.76,0.33,0.52,0.0,0.27,0.58,0.33,0.87,0.53,0.56,0.28,0.38,0.0,5
1.0,0.91,0.53,1.0,0.48,0.6900000000000001,0.93,0.88,0.93,0.65,0.87,0.24,0.49,0.0,0.0,0.14,10
0.34,0.87,0.63,1.0,1.0,0.93,0.6900000000000001,0.64,0.6900000000000001,0.37,0.86,0.13,0.44,0.0,0.0,0.0,4
0.89,0.8300000000000001,0.59,1.0,0.41000000000000003,0.63,0.59,0.23,0.2,0.0,0.0,0.29,0.49,0.54,1.0,0.73,9
1.0,0.96,0.46,1.0,0.79,0.89,0.8200000000000001,0.88,0.8200000000000001,0.5700000000000001,0.87,0.27,0.5700000000000001,0.05,0.0,0.0,10
0.07,0.7000000000000001,0.36,1.0,0.55,0.98,0.48,0.61,0.44,0.24,0.0,0.0,0.35000000000000003,0.06,1.0,0.05,2
0.29,0.8300000000000001,0.05,0.6,0.08,0.14,0.64,0.0,1.0,0.35000000000000003,0.89,0.81,0.33,1.0,0.0,0.8300000000000001,1
1.0,1.0,0.51,0.8200000000000001,0.17,0.55,0.0,0.24,0.32,0.0,0.8300000000000001,0.14,0.77,0.43,0.25,0.39,7
0.6900000000000001,0.99,0.13,1.0,0.0,0.65,0.54,0.68,0.7000000000000001,0.74,1.0,0.37,0.74,0.05,0.17,0.0,10
0.17,0.7000000000000001,0.0,0.32,0.24,0.0,0.67,0.14,0.97,0.48,1.0,0.9,0.59,1.0,0.28,0.71,1
0.0,0.35000000000000003,0.37,0.5,0.73,0.74,1.0,1.0,0.9,0.81,0.77,0.53,0.63,0.26,0.61,0.0,2
0.0,1.0,0.52,0.97,0.7000000000000001,0.8,0.8,0.61,0.9500000000000001,0.44,1.0,0.25,0.66,0.1,0.18,0.0,4
0.3,0.8200000000000001,0.0,0.7000000000000001,0.42,0.34,0.0,0.0,0.18,0.34,0.8,0.67,1.0,1.0,0.08,0.8200000000000001,9
0.21,1.0,0.15,0.75,0.0,0.45,0.58,0.42,0.92,0.5,0.88,0.61,0.89,0.3,1.0,0.0,5
0.24,0.92,0.81,1.0,0.26,0.79,0.19,0.54,0.8300000000000001,0.66,1.0,0.34,0.62,0.04,0.0,0.0,6
0.22,1.0,0.16,0.99,0.0,0.7000000000000001,0.11,0.4,0.78,0.38,1.0,0.61,0.97,0.3,0.9400000000000001,0.0,5
0.21,0.87,0.0,0.38,0.26,0.0,0.67,0.06,1.0,0.41000000000000003,0.92,0.9500000000000001,0.52,1.0,0.21,0.65,1
0.15,0.8300000000000001,0.56,1.0,0.8200000000000001,0.78,0.35000000000000003,0.58,0.62,0.47000000000000003,1.0,0.26,0.56,0.05,0.0,0.0,4
0.0,0.67,0.42,0.98,0.63,1.0,0.53,0.63,0.48,0.27,0.1,0.01,0.15,0.0,1.0,0.0,2
0.0,0.6900000000000001,0.2,1.0,0.56,0.86,0.41000000000000003,0.49,0.1,0.19,0.1,0.05,0.5700000000000001,0.0,1.0,0.16,3
0.0,0.74,0.16,0.8,0.5700000000000001,0.96,1.0,1.0,0.86,0.75,0.66,0.5,0.47000000000000003,0.25,0.39,0.0,2
0.17,0.92,0.5,1.0,0.63,0.68,0.46,0.34,0.21,0.0,0.0,0.22,0.4,0.35000000000000003,1.0,0.4,8
1.0,0.8300000000000001,0.5700000000000001,1.0,0.4,0.67,0.88,0.75,0.98,0.54,0.97,0.11,0.48,0.0,0.0,0.12,10
0.29,1.0,0.19,0.44,0.27,0.0,0.05,0.09,0.0,0.62,0.3,0.88,0.65,0.9500000000000001,1.0,0.97,6
0.38,1.0,0.12,0.86,0.0,0.6900000000000001,0.06,0.51,0.35000000000000003,0.4,0.68,0.31,0.91,0.17,1.0,0.0,5
0.0,0.9500000000000001,0.32,0.6900000000000001,0.68,0.34,0.45,0.0,0.3,0.25,0.7000000000000001,0.59,1.0,0.9500000000000001,0.3,1.0,9
0.63,1.0,0.24,0.88,0.0,0.73,0.04,0.5700000000000001,0.41000000000000003,0.45,0.76,0.32,0.92,0.16,1.0,0.0,5
1.0,1.0,0.29,0.98,0.39,0.65,0.88,0.34,0.81,0.01,0.0,0.0,0.27,0.34,0.84,0.62,9
0.0,0.67,0.28,0.9400000000000001,0.91,1.0,0.9,0.73,0.6900000000000001,0.53,1.0,0.25,0.61,0.0,0.11,0.05,4
0.33,1.0,0.19,0.85,0.0,0.68,0.0,0.49,0.24,0.34,0.5700000000000001,0.25,0.9,0.18,1.0,0.0,5
0.0,0.86,0.28,1.0,0.59,0.93,0.5700000000000001,0.66,0.38,0.4,0.34,0.13,0.66,0.04,1.0,0.0,3
0.46,0.73,0.64,1.0,1.0,0.89,0.8,0.5700000000000001,0.48,0.26,0.0,0.0,0.14,0.14,0.92,0.11,3
0.06,1.0,0.0,0.99,0.0,0.56,0.65,0.51,1.0,0.65,0.6,0.9400000000000001,0.52,0.47000000000000003,0.53,0.0,5
0.48,1.0,0.13,0.71,0.0,0.4,0.49,0.25,1.0,0.37,0.87,0.62,0.61,0.32,0.64,0.0,5
0.0,0.85,0.47000000000000003,0.96,1.0,1.0,0.93,0.8200000000000001,0.72,0.59,0.8200000000000001,0.33,0.68,0.09,0.19,0.0,4
0.14,0.56,0.27,1.0,0.42,0.6900000000000001,0.26,0.27,0.0,0.05,0.33,0.0,0.67,0.0,1.0,0.01,3
0.12,0.77,0.4,1.0,0.74,0.85,0.58,0.55,1.0,0.4,0.9400000000000001,0.14,0.49,0.02,0.0,0.0,4
0.46,0.78,0.79,1.0,1.0,0.77,0.68,0.51,0.28,0.35000000000000003,0.0,0.16,0.43,0.06,0.89,0.0,3
0.45,0.9,0.13,0.52,0.88,0.46,0.74,0.05,0.0,0.0,0.04,0.43,0.26,0.9,1.0,1.0,6
0.52,1.0,0.17,0.74,0.0,0.45,0.52,0.33,1.0,0.47000000000000003,0.99,0.6,0.79,0.3,0.65,0.0,5
1.0,1.0,0.6,0.87,0.3,0.59,0.0,0.38,0.51,0.31,0.84,0.54,0.71,0.32,0.74,0.0,5
0.44,1.0,0.28,0.8200000000000001,0.0,0.52,0.4,0.32,1.0,0.33,0.91,0.65,0.8,0.33,0.77,0.0,5
1.0,0.74,0.51,0.73,0.0,0.79,0.23,1.0,0.72,0.9500000000000001,1.0,0.66,1.0,0.32,0.85,0.0,10
0.0,0.7000000000000001,0.03,0.91,0.45,1.0,1.0,1.0,0.75,0.75,0.51,0.5,0.34,0.24,0.39,0.0,8
0.15,0.76,0.35000000000000003,0.99,0.88,1.0,1.0,0.9400000000000001,0.71,0.72,0.42,0.49,0.17,0.25,0.0,0.0,8
0.1,0.6,0.0,0.85,0.41000000000000003,0.9500000000000001,1.0,1.0,0.9500000000000001,0.78,0.67,0.52,0.43,0.27,0.37,0.0,8
0.0,0.71,0.2,0.92,0.6900000000000001,1.0,0.6900000000000001,0.77,0.71,0.54,1.0,0.34,0.8200000000000001,0.12,0.35000000000000003,0.0,4
0.6900000000000001,0.84,0.67,1.0,0.05,0.72,0.73,0.61,1.0,0.96,0.92,0.48,0.63,0.02,0.0,0.0,10
0.6,1.0,0.31,0.87,0.12,0.7000000000000001,0.0,0.53,0.12,0.36,0.47000000000000003,0.26,0.8300000000000001,0.16,1.0,0.0,5
0.97,1.0,0.77,0.99,0.31,0.68,0.0,0.34,0.14,0.0,1.0,0.02,0.9400000000000001,0.32,0.14,0.24,7
0.39,1.0,0.17,0.79,0.0,0.56,0.06,0.32,0.42,0.28,0.79,0.35000000000000003,1.0,0.24,0.9,0.0,5
1.0,1.0,0.65,1.0,0.4,0.89,0.4,0.62,0.74,0.51,0.63,0.3,0.3,0.17,0.0,0.0,6
0.07,0.9500000000000001,0.54,1.0,1.0,0.9500000000000001,0.76,0.76,0.49,0.56,0.47000000000000003,0.32,0.43,0.09,0.0,0.0,4
0.1,0.99,0.34,0.6900000000000001,1.0,0.36,0.8300000000000001,0.0,0.07,0.19,0.31,0.56,0.72,0.92,0.0,1.0,9
0.63,1.0,0.26,0.76,0.07,0.51,0.0,0.25,0.22,0.0,1.0,0.06,0.78,0.31,0.0,0.4,7
0.01,0.89,0.62,1.0,1.0,0.76,0.77,0.38,0.58,0.0,0.24,0.04,0.0,0.36,0.77,0.41000000000000003,8
0.16,0.89,0.13,0.41000000000000003,0.65,0.35000000000000003,0.26,0.0,0.0,0.29,0.02,0.8300000000000001,0.53,1.0,1.0,0.96,6
1.0,1.0,0.61,0.8300000000000001,0.25,0.58,0.05,0.29,0.2,0.01,0.75,0.0,0.5700000000000001,0.2,0.0,0.14,7
0.73,1.0,0.26,0.72,0.0,0.43,0.84,0.37,1.0,0.56,0.76,0.65,0.65,0.33,0.66,0.0,5
0.16,0.75,0.43,1.0,0.66,0.75,0.44,0.39,0.1,0.1,0.0,0.0,0.5,0.09,1.0,0.18,3
0.33,0.9,1.0,1.0,0.6,0.98,0.13,0.66,0.4,0.63,0.97,0.41000000000000003,0.68,0.06,0.0,0.0,6
1.0,1.0,0.62,0.96,0.27,0.75,0.05,0.49,0.0,0.2,0.3,0.0,0.66,0.17,0.3,0.34,7
0.0,0.98,0.6,1.0,1.0,0.78,0.74,0.38,0.46,0.0,0.62,0.01,0.8200000000000001,0.29,0.21,0.42,8
0.15,1.0,0.01,0.8200000000000001,0.0,0.63,0.18,0.47000000000000003,0.45,0.37,0.75,0.31,0.99,0.18,1.0,0.0,5
0.21,0.73,0.45,1.0,0.85,0.99,0.6900000000000001,0.67,1.0,0.47000000000000003,0.9,0.16,0.46,0.0,0.0,0.06,4
1.0,1.0,0.49,0.85,0.16,0.5700000000000001,0.0,0.28,0.23,0.0,0.89,0.05,0.9400000000000001,0.31,0.27,0.26,7
0.27,1.0,0.88,0.86,1.0,0.56,0.9,0.25,0.58,0.0,0.0,0.24,0.08,0.42,1.0,0.45,8
0.59,0.65,1.0,0.98,0.31,1.0,0.1,0.64,0.8300000000000001,0.67,0.85,0.52,0.6,0.13,0.0,0.0,10
0.99,1.0,0.46,0.86,0.12,0.59,0.0,0.28,0.27,0.0,0.89,0.02,1.0,0.29,0.38,0.3,7
0.86,1.0,0.39,0.77,0.04,0.51,0.0,0.25,0.29,0.0,1.0,0.11,0.89,0.36,0.18,0.51,7
0.8200000000000001,1.0,0.49,0.65,0.0,0.36,0.1,0.27,0.85,0.24,1.0,0.45,0.88,0.27,0.91,0.0,5
0.0,0.75,0.29,1.0,0.68,0.97,0.7000000000000001,0.61,0.43,0.29,0.18,0.02,0.59,0.0,1.0,0.03,3
0.43,1.0,0.31,0.73,0.0,0.45,0.2,0.25,0.79,0.24,1.0,0.46,0.91,0.31,0.98,0.0,5
1.0,0.9,0.9,1.0,0.54,0.73,0.31,0.43,0.29,0.12,0.88,0.08,0.58,0.18,0.0,0.0,7
0.59,0.8200000000000001,0.92,1.0,0.72,0.93,0.32,0.71,0.58,0.42,1.0,0.22,0.58,0.0,0.0,0.02,6
0.48,1.0,0.28,0.71,0.0,0.43,0.4,0.32,1.0,0.37,0.87,0.58,0.61,0.29,0.41000000000000003,0.0,5
0.47000000000000003,1.0,0.29,0.87,0.0,0.61,0.0,0.37,0.77,0.51,1.0,0.52,0.8,0.26,0.72,0.0,5
0.34,1.0,0.0,0.71,0.05,0.4,0.75,0.32,1.0,0.58,0.9400000000000001,0.64,0.8,0.32,0.64,0.0,5
1.0,1.0,0.6900000000000001,0.79,0.33,0.59,0.0,0.38,0.48,0.34,0.9,0.47000000000000003,0.71,0.24,0.71,0.0,5
0.37,1.0,0.0,0.8,0.16,0.52,1.0,0.55,0.8200000000000001,0.8200000000000001,0.52,0.8,0.53,0.39,0.58,0.0,5
0.0,0.61,0.2,0.91,0.73,1.0,0.88,0.76,0.61,0.58,1.0,0.32,0.78,0.02,0.25,0.0,4
0.38,0.6900000000000001,0.6,1.0,0.6,0.6,0.35000000000000003,0.24,0.0,0.07,0.28,0.15,0.65,0.04,1.0,0.0,3
1.0,1.0,1.0,0.87,0.55,0.68,0.05,0.5,0.45,0.38,0.68,0.41000000000000003,0.29,0.21,0.0,0.0,5
0.0,0.74,0.32,1.0,0.72,0.88,0.49,0.56,0.07,0.34,0.0,0.21,0.49,0.11,1.0,0.0,3
0.27,0.77,0.59,1.0,0.8200000000000001,0.75,0.58,0.43,0.23,0.15,0.0,0.0,0.49,0.1,1.0,0.09,3
0.49,0.76,0.63,1.0,0.67,0.77,0.34,0.53,0.0,0.29,0.08,0.13,0.53,0.01,1.0,0.0,3
0.72,1.0,0.48,0.88,0.0,0.6900000000000001,0.17,0.5700000000000001,0.77,0.46,1.0,0.44,0.63,0.23,0.32,0.0,5
0.36,1.0,0.22,0.8,0.0,0.5,0.49,0.39,1.0,0.54,0.75,0.62,0.58,0.31,0.59,0.0,5
0.86,1.0,0.38,0.8,0.06,0.51,0.0,0.18,0.47000000000000003,0.0,1.0,0.13,0.62,0.3,0.07,0.18,7
0.0,0.92,0.48,1.0,0.76,0.74,0.7000000000000001,0.41000000000000003,0.5700000000000001,0.09,0.38,0.0,0.46,0.2,1.0,0.2,8
0.0,0.8200000000000001,0.26,0.98,0.59,1.0,0.67,0.78,0.55,0.53,0.49,0.27,0.65,0.06,1.0,0.0,3
0.05,0.9,0.55,1.0,0.78,0.84,0.31,0.65,0.71,0.51,1.0,0.23,0.52,0.05,0.0,0.0,4
0.26,1.0,0.0,0.7000000000000001,0.44,0.54,1.0,0.53,0.77,0.78,0.46,0.6900000000000001,0.36,0.34,0.28,0.0,5
0.63,1.0,0.35000000000000003,0.79,0.0,0.55,0.42,0.39,0.87,0.48,0.85,0.51,0.8300000000000001,0.2,1.0,0.0,5
0.0,0.9400000000000001,0.63,1.0,1.0,0.96,0.81,0.49,0.8200000000000001,0.0,0.44,0.14,0.11,0.44,0.89,0.47000000000000003,8
0.61,1.0,0.32,0.7000000000000001,0.0,0.41000000000000003,0.18,0.28,0.77,0.29,1.0,0.49,0.9500000000000001,0.34,0.92,0.0,5
0.0,0.63,0.16,0.9,1.0,1.0,0.9,0.73,0.53,0.4,0.22,0.06,0.11,0.0,0.48,0.18,8
0.0,0.74,0.35000000000000003,1.0,1.0,0.96,0.9400000000000001,0.63,0.52,0.35000000000000003,0.0,0.11,0.05,0.0,0.77,0.06,3
0.3,0.81,0.87,1.0,1.0,0.98,0.37,0.86,0.46,0.54,0.99,0.32,0.59,0.02,0.0,0.0,6
0.12,0.61,0.0,0.2,0.44,0.0,0.92,0.23,1.0,0.64,0.7000000000000001,1.0,0.15,0.92,0.0,0.52,1
0.67,1.0,0.3,0.9,0.0,0.5700000000000001,0.41000000000000003,0.4,1.0,0.53,0.98,0.67,0.66,0.34,0.4,0.0,5
1.0,1.0,0.63,0.9400000000000001,0.2,0.73,0.13,0.44,0.7000000000000001,0.47000000000000003,0.89,0.19,0.46,0.0,0.0,0.07,6
0.21,0.8200000000000001,0.13,0.55,0.54,1.0,0.27,0.87,0.38,0.37,0.4,0.0,0.0,0.07,1.0,0.05,2
0.35000000000000003,0.98,0.76,1.0,0.8,0.72,0.67,0.54,1.0,0.34,0.77,0.09,0.35000000000000003,0.0,0.0,0.07,4
1.0,0.81,0.8300000000000001,0.96,0.26,1.0,0.0,0.88,0.16,0.54,0.6900000000000001,0.4,0.87,0.06,0.34,0.0,6
0.51,0.91,0.86,1.0,0.7000000000000001,0.66,0.43,0.34,0.08,0.06,0.0,0.11,0.49,0.1,1.0,0.0,3
0.33,0.76,0.48,1.0,1.0,0.97,0.74,0.5,0.44,0.04,0.77,0.0,0.39,0.4,0.0,0.79,9
1.0,0.97,0.4,1.0,0.0,0.65,0.35000000000000003,0.27,0.39,0.0,0.4,0.38,0.87,0.73,0.87,1.0,9
0.75,1.0,0.0,0.89,0.7000000000000001,0.61,1.0,0.26,0.32,0.0,0.07,0.31,0.63,0.63,0.9500000000000001,0.99,9
0.62,0.76,0.23,1.0,0.0,0.67,0.67,0.35000000000000003,0.89,0.0,0.22,0.22,0.56,0.6,1.0,0.96,9
0.21,0.8200000000000001,0.36,0.6,0.8200000000000001,0.32,0.8200000000000001,0.0,0.37,0.28,0.0,0.58,0.34,0.89,1.0,1.0,6
0.0,0.61,0.24,0.71,0.62,0.9,1.0,1.0,0.86,0.74,0.68,0.49,0.51,0.23,0.41000000000000003,0.0,2
0.26,0.52,0.16,0.08,0.63,0.0,1.0,0.34,0.99,0.81,0.54,1.0,0.06,0.8200000000000001,0.0,0.38,1
0.17,1.0,0.08,0.53,0.61,0.47000000000000003,0.42,0.0,0.03,0.17,0.0,0.8,0.44,0.96,1.0,0.9400000000000001,6
0.0,0.87,0.46,1.0,0.88,0.85,0.73,0.43,0.65,0.0,0.36,0.18,0.46,0.42,1.0,0.5,8
0.5700000000000001,0.96,0.03,1.0,0.27,0.74,0.62,0.9,0.86,0.71,1.0,0.31,0.63,0.0,0.0,0.03,10
1.0,1.0,0.67,0.9,0.39,0.7000000000000001,0.14,0.47000000000000003,0.0,0.19,0.22,0.0,0.37,0.21,0.03,0.3,7
1.0,0.81,0.55,1.0,0.0,0.8300000000000001,0.33,0.65,0.85,0.85,0.8300000000000001,0.64,0.64,0.32,0.62,0.0,10
0.9400000000000001,0.79,0.6900000000000001,1.0,0.48,0.71,0.85,0.7000000000000001,1.0,0.54,0.85,0.18,0.44,0.0,0.0,0.09,10
0.02,0.44,0.0,0.58,0.43,0.79,0.86,1.0,1.0,0.93,0.77,0.63,0.56,0.32,0.5,0.0,2
0.86,1.0,0.43,0.8300000000000001,0.71,0.66,1.0,0.87,0.8300000000000001,0.67,0.76,0.4,0.48,0.17,0.0,0.0,10
0.79,0.89,1.0,1.0,0.41000000000000003,0.96,0.0,0.74,0.53,0.66,0.9500000000000001,0.51,0.74,0.24,0.39,0.0,10
0.48,1.0,0.16,0.79,0.0,0.46,0.12,0.12,0.55,0.0,1.0,0.1,0.75,0.29,0.33,0.16,7
0.01,0.9,0.0,0.54,0.2,0.16,0.68,0.0,1.0,0.31,0.99,0.71,0.61,1.0,0.26,0.75,1
1.0,1.0,0.58,0.88,0.24,0.61,0.01,0.31,0.14,0.0,0.67,0.01,0.48,0.27,0.0,0.19,7
0.56,1.0,1.0,0.98,0.27,0.97,0.24,0.66,0.78,0.48,0.9500000000000001,0.11,0.32,0.0,0.0,0.26,6
0.16,0.88,0.58,1.0,0.96,0.8200000000000001,0.72,0.55,1.0,0.34,0.98,0.07,0.48,0.0,0.0,0.1,4
0.0,0.89,0.44,1.0,0.91,0.89,0.77,0.53,0.63,0.17,0.8300000000000001,0.0,1.0,0.15,0.5,0.2,8
0.39,0.8300000000000001,0.63,1.0,0.78,0.78,0.71,0.61,1.0,0.39,0.78,0.11,0.36,0.0,0.0,0.17,4
0.12,0.78,0.07,0.36,0.33,0.02,0.8300000000000001,0.0,1.0,0.38,0.85,0.78,0.43,1.0,0.0,0.8,1
0.17,0.91,0.63,1.0,0.66,0.75,0.56,0.53,1.0,0.36,0.9400000000000001,0.1,0.4,0.0,0.0,0.09,4
0.0,0.37,0.14,0.7000000000000001,0.27,1.0,0.26,0.64,0.24,0.28,0.03,0.0,0.18,0.05,1.0,0.12,2
0.26,0.64,0.39,1.0,0.44,0.92,0.43,0.52,0.39,0.12,0.0,0.0,0.47000000000000003,0.02,1.0,0.08,2
0.07,0.9,0.55,1.0,0.93,0.8200000000000001,0.79,0.54,0.41000000000000003,0.31,0.0,0.1,0.4,0.0,1.0,0.0,4
0.43,1.0,0.13,0.73,0.54,0.39,0.39,0.0,0.0,0.07,0.13,0.61,0.46,1.0,1.0,1.0,6
0.36,0.91,0.62,0.98,1.0,1.0,0.44,0.9400000000000001,0.01,0.65,0.46,0.44,0.51,0.0,0.0,0.02,6
1.0,0.98,0.75,0.96,0.22,1.0,0.0,0.8300000000000001,0.38,0.66,0.8,0.42,0.56,0.06,0.05,0.0,6
0.42,0.85,0.85,1.0,1.0,0.68,0.76,0.32,0.45,0.0,0.5,0.01,0.38,0.4,0.0,0.65,9
0.0,0.9400000000000001,0.32,1.0,0.77,0.98,1.0,0.81,0.8300000000000001,0.6,0.6,0.4,0.38,0.2,0.22,0.0,8
1.0,1.0,0.62,0.89,0.23,0.61,0.0,0.29,0.2,0.0,0.91,0.07,0.84,0.33,0.11,0.31,7
0.0,0.74,0.27,1.0,0.54,0.77,0.37,0.42,0.05,0.14,0.02,0.17,0.51,0.09,1.0,0.0,3
0.68,0.9,1.0,1.0,1.0,0.8,0.79,0.59,0.71,0.35000000000000003,0.73,0.11,0.39,0.0,0.0,0.03,4
0.51,1.0,0.16,0.73,0.0,0.27,0.28,0.0,0.7000000000000001,0.15,1.0,0.51,0.8300000000000001,0.89,0.4,0.9500000000000001,1
1.0,0.62,0.47000000000000003,0.55,0.0,0.73,0.21,1.0,0.73,0.91,0.79,0.5700000000000001,0.55,0.25,0.16,0.0,10
0.0,0.2,0.5700000000000001,0.51,0.9400000000000001,0.89,0.38,1.0,0.44,0.61,1.0,0.3,0.76,0.0,0.12,0.14,9
0.0,0.88,0.37,1.0,0.78,0.81,0.76,0.41000000000000003,0.78,0.0,0.31,0.17,0.47000000000000003,0.37,1.0,0.43,8
0.23,0.97,0.2,0.61,0.66,0.44,0.41000000000000003,0.0,0.08,0.24,0.0,0.8200000000000001,0.44,0.98,1.0,1.0,6
0.0,0.72,0.5,0.85,1.0,1.0,0.91,0.81,0.77,0.6,0.55,0.38,0.38,0.18,0.34,0.0,2
0.3,0.71,0.04,0.6,0.0,0.11,0.54,0.0,1.0,0.32,0.97,0.8,0.45,1.0,0.06,0.66,1
1.0,0.9,0.75,1.0,0.42,0.81,0.63,0.51,0.97,0.29,0.85,0.04,0.42,0.0,0.0,0.04,6
0.14,0.81,0.0,0.4,0.19,0.01,0.65,0.0,0.99,0.3,1.0,0.73,0.65,1.0,0.24,0.81,1
0.8200000000000001,0.9400000000000001,1.0,1.0,0.96,0.79,0.9,0.55,0.99,0.3,0.74,0.11,0.37,0.06,0.0,0.0,4
0.36,1.0,0.23,0.78,0.5700000000000001,0.38,0.31,0.0,0.0,0.16,0.11,0.71,0.51,0.9400000000000001,1.0,0.8200000000000001,6
0.63,1.0,0.31,0.66,0.0,0.31,0.28,0.22,0.9400000000000001,0.3,1.0,0.68,0.8200000000000001,0.38,0.81,0.0,5
1.0,0.8,0.55,1.0,0.18,0.75,0.77,0.67,0.93,0.71,0.87,0.35000000000000003,0.66,0.02,0.0,0.0,10
0.06,1.0,0.04,0.9500000000000001,0.0,0.71,0.02,0.47000000000000003,0.45,0.3,1.0,0.44,0.78,0.24,0.8200000000000001,0.0,5
0.14,0.89,0.5700000000000001,1.0,0.9,0.78,0.49,0.55,0.7000000000000001,0.39,1.0,0.12,0.52,0.0,0.0,0.09,4
0.9500000000000001,0.68,0.75,1.0,0.43,0.74,0.84,0.66,1.0,0.52,0.87,0.12,0.39,0.0,0.0,0.21,10
0.77,1.0,0.48,0.9,0.24,0.3,0.56,0.0,1.0,0.43,0.9,0.9400000000000001,0.34,0.72,0.0,0.21,1
0.24,1.0,0.0,0.6900000000000001,0.08,0.35000000000000003,0.55,0.34,1.0,0.4,0.9500000000000001,0.79,0.9,0.39,0.8,0.0,5
0.45,1.0,0.02,0.72,0.0,0.49,0.81,0.55,1.0,0.79,0.88,0.66,0.59,0.33,0.33,0.0,5
0.42,1.0,0.22,0.65,0.0,0.4,0.91,0.4,1.0,0.64,0.88,0.72,0.91,0.36,0.93,0.0,5
0.84,1.0,0.35000000000000003,0.84,0.05,0.55,0.0,0.21,0.44,0.0,1.0,0.07,0.63,0.18,0.09,0.07,7
0.01,0.85,0.4,1.0,0.91,0.78,0.41000000000000003,0.52,0.47000000000000003,0.45,1.0,0.2,0.56,0.0,0.0,0.15,4
0.23,0.74,0.42,0.38,0.51,0.0,0.0,0.07,0.26,0.42,0.81,0.6900000000000001,1.0,0.97,0.25,1.0,9
0.07,0.32,0.37,0.53,0.73,0.75,1.0,1.0,0.73,0.78,0.48,0.52,0.23,0.26,0.0,0.0,2
0.39,1.0,0.0,0.79,0.01,0.48,0.55,0.38,1.0,0.58,0.81,0.55,0.49,0.29,0.25,0.0,5
0.46,0.92,0.0,0.75,0.48,0.39,0.44,0.0,0.07,0.19,0.52,0.5700000000000001,1.0,0.92,0.37,1.0,9
0.0,0.6900000000000001,0.52,0.6,1.0,0.77,0.74,1.0,0.23,0.89,0.47000000000000003,0.6900000000000001,0.55,0.36,0.51,0.0,10
0.14,0.81,0.0,0.41000000000000003,0.34,0.0,0.87,0.03,1.0,0.56,0.7000000000000001,1.0,0.2,0.99,0.07,0.49,1
0.18,0.61,0.37,1.0,0.17,0.65,0.0,0.33,0.61,0.39,1.0,0.55,0.66,0.37,0.37,0.0,5
0.81,0.75,0.62,1.0,0.0,0.86,0.16,0.59,0.78,0.74,1.0,0.66,0.92,0.32,0.6900000000000001,0.0,10
1.0,1.0,0.33,0.9500000000000001,0.0,0.6,0.47000000000000003,0.28,0.48,0.0,0.05,0.21,0.4,0.59,0.87,0.92,9
0.31,0.9,0.0,0.5,0.17,0.0,0.64,0.0,0.96,0.43,1.0,0.99,0.58,1.0,0.21,0.63,1
0.81,1.0,0.35000000000000003,0.78,0.0,0.47000000000000003,0.6900000000000001,0.52,1.0,0.66,0.72,0.91,0.62,0.44,0.6,0.0,5
0.4,0.6900000000000001,0.61,1.0,0.86,0.68,0.6,0.26,0.18,0.0,0.0,0.18,0.49,0.23,1.0,0.16,3
0.4,0.8200000000000001,0.58,1.0,0.79,0.77,0.5700000000000001,0.62,1.0,0.44,0.8300000000000001,0.16,0.37,0.0,0.0,0.11,4
0.09,0.88,0.46,1.0,0.6,0.78,0.31,0.55,0.0,0.34,0.1,0.13,0.56,0.07,1.0,0.0,3
0.78,1.0,0.47000000000000003,0.78,0.19,0.49,0.08,0.18,0.48,0.0,1.0,0.15,0.62,0.35000000000000003,0.0,0.34,7
0.45,0.86,0.32,0.66,0.93,0.87,0.12,1.0,0.8,0.79,1.0,0.46,0.88,0.13,0.0,0.0,10
0.34,1.0,0.0,0.7000000000000001,0.01,0.17,0.4,0.0,0.8,0.15,1.0,0.61,0.66,0.9,0.26,0.81,1
1.0,1.0,0.51,1.0,0.11,0.81,0.09,0.51,0.5700000000000001,0.55,0.73,0.22,0.37,0.0,0.0,0.14,6
0.6900000000000001,1.0,0.23,0.78,0.46,0.49,0.92,0.71,1.0,0.74,0.9400000000000001,0.32,0.56,0.02,0.0,0.0,10
0.0,0.91,0.44,1.0,0.79,0.74,0.64,0.37,0.53,0.0,0.27,0.23,0.4,0.38,1.0,0.39,8
1.0,1.0,0.59,0.9,0.29,0.62,0.04,0.31,0.15,0.0,0.64,0.1,0.52,0.37,0.0,0.29,7
0.26,0.8200000000000001,0.68,1.0,1.0,0.8200000000000001,0.72,0.52,0.7000000000000001,0.46,0.9,0.2,0.48,0.0,0.0,0.09,4
0.24,0.88,0.71,1.0,0.85,0.77,0.53,0.53,0.8300000000000001,0.37,1.0,0.14,0.52,0.0,0.0,0.05,4
0.0,0.38,0.3,0.62,0.48,0.87,0.76,1.0,0.79,0.74,0.76,0.49,0.76,0.24,1.0,0.0,2
0.01,0.52,0.23,0.75,0.74,1.0,0.52,0.6900000000000001,0.51,0.36,0.45,0.04,0.0,0.0,1.0,0.07,2
0.53,0.6900000000000001,0.49,0.91,1.0,1.0,0.86,0.66,0.52,0.36,0.0,0.18,0.15,0.09,0.74,0.0,3
0.0,0.91,0.35000000000000003,1.0,0.67,0.72,0.61,0.35000000000000003,0.45,0.0,0.21,0.13,0.4,0.27,1.0,0.29,8
0.0,0.68,0.08,1.0,0.33,0.9,0.37,0.5,0.25,0.11,0.45,0.0,0.72,0.06,1.0,0.13,3
1.0,1.0,0.75,0.9,0.44,0.67,0.19,0.41000000000000003,0.0,0.13,0.26,0.0,0.49,0.18,0.02,0.18,7
0.6900000000000001,1.0,0.52,0.5,1.0,0.65,0.64,0.93,0.8200000000000001,0.7000000000000001,0.96,0.49,0.61,0.0,0.0,0.04,10
0.0,0.8,0.5700000000000001,1.0,1.0,0.8300000000000001,0.78,0.45,0.47000000000000003,0.09,0.16,0.0,0.19,0.32,0.86,0.39,8
0.38,0.8200000000000001,0.8,1.0,0.88,0.72,0.39,0.5,0.84,0.47000000000000003,1.0,0.14,0.47000000000000003,0.0,0.0,0.13,4
0.0,1.0,0.61,0.97,0.81,0.75,0.6,0.38,0.4,0.0,0.15,0.18,0.37,0.37,1.0,0.38,8
0.04,0.58,0.0,0.22,0.46,0.0,0.99,0.17,1.0,0.54,0.72,0.88,0.2,1.0,0.07,0.66,1
0.06,0.85,0.55,1.0,0.7000000000000001,0.81,0.32,0.55,0.68,0.43,1.0,0.2,0.56,0.0,0.0,0.01,4
0.0,0.81,0.3,1.0,1.0,0.9400000000000001,0.85,0.68,0.49,0.33,0.3,0.0,0.2,0.4,0.8,0.49,8
0.66,0.9400000000000001,0.0,0.92,0.38,0.48,0.9,0.05,0.11,0.0,0.36,0.45,1.0,0.84,0.18,1.0,9
0.5,0.93,0.04,1.0,0.38,0.58,1.0,0.17,0.25,0.0,0.0,0.43,0.54,0.87,0.06,0.89,9
0.44,0.81,0.72,1.0,1.0,0.84,0.74,0.59,0.37,0.38,0.0,0.17,0.07,0.0,0.65,0.03,3
0.0,0.48,0.26,0.6900000000000001,0.64,0.89,1.0,1.0,0.8,0.76,0.61,0.51,0.48,0.25,0.56,0.0,2
0.58,1.0,0.18,0.84,0.0,0.41000000000000003,0.11,0.0,0.58,0.0,1.0,0.2,0.96,0.61,0.64,0.96,1
0.0,0.84,0.51,1.0,0.7000000000000001,0.6900000000000001,0.56,0.34,0.37,0.0,0.24,0.07,0.31,0.32,1.0,0.34,8
0.16,0.68,0.0,0.37,0.28,0.0,0.8,0.23,1.0,0.67,0.6900000000000001,1.0,0.16,0.78,0.03,0.35000000000000003,1
0.0,0.79,0.26,1.0,0.55,0.76,0.37,0.31,0.16,0.0,0.11,0.4,0.55,0.52,1.0,0.62,8
0.0,0.71,0.51,0.8300000000000001,0.92,1.0,1.0,0.9,0.88,0.67,0.81,0.45,0.77,0.22,0.8300000000000001,0.0,2
1.0,1.0,0.72,0.92,0.35000000000000003,0.64,0.05,0.33,0.0,0.0,0.53,0.03,0.79,0.28,0.24,0.36,7
0.0,0.9500000000000001,0.25,0.97,0.79,1.0,1.0,0.92,0.67,0.72,0.46,0.49,0.35000000000000003,0.25,0.37,0.0,8
0.0,0.88,0.42,1.0,0.74,0.9,0.56,0.44,0.34,0.0,0.26,0.31,0.51,0.55,1.0,0.5700000000000001,8
0.15,0.9400000000000001,0.58,1.0,1.0,0.7000000000000001,0.71,0.34,0.31,0.0,0.14,0.3,0.0,0.5700000000000001,0.91,0.5700000000000001,8
0.0,0.38,0.29,0.6,0.6,0.8,0.96,1.0,1.0,0.78,0.96,0.52,0.93,0.26,0.93,0.0,2
0.86,0.78,0.53,1.0,0.32,0.6900000000000001,0.56,0.32,0.36,0.0,0.0,0.18,0.49,0.48,1.0,0.77,9
0.8300000000000001,0.96,0.2,0.81,0.67,0.41000000000000003,0.54,0.0,0.0,0.27,0.65,0.62,1.0,1.0,0.15,0.93,9
0.13,1.0,0.17,0.79,0.0,0.52,0.56,0.55,1.0,0.65,0.93,0.53,0.77,0.27,0.73,0.0,5
0.15,0.52,0.29,0.87,0.31,1.0,0.31,0.64,0.29,0.27,0.0,0.01,0.4,0.0,1.0,0.01,2
0.12,0.78,0.43,1.0,1.0,0.97,0.78,0.66,0.38,0.4,0.0,0.13,0.38,0.0,1.0,0.03,3
0.0,0.45,0.35000000000000003,0.66,0.74,0.9,1.0,1.0,0.78,0.75,0.52,0.5,0.3,0.25,0.24,0.0,2
0.92,0.88,0.6900000000000001,1.0,0.6,0.61,1.0,0.8200000000000001,0.97,0.73,0.7000000000000001,0.34,0.38,0.0,0.0,0.0,10
0.08,1.0,0.0,0.78,0.08,0.42,0.58,0.43,0.97,0.6900000000000001,1.0,0.73,0.92,0.37,0.87,0.0,5
0.74,1.0,0.51,0.87,0.25,0.54,0.18,0.19,0.62,0.0,1.0,0.21,0.49,0.37,0.0,0.26,7
0.36,0.63,0.52,1.0,0.52,0.48,0.29,0.06,0.0,0.0,0.3,0.15,0.65,0.03,1.0,0.01,3
0.47000000000000003,0.74,0.68,1.0,0.65,0.53,0.37,0.17,0.0,0.0,0.21,0.18,0.6,0.14,1.0,0.11,3
0.5,0.84,0.85,1.0,1.0,0.64,0.73,0.27,0.32,0.0,0.0,0.18,0.45,0.31,0.81,0.0,3
0.0,0.93,0.43,1.0,0.68,0.75,0.6,0.38,0.62,0.0,1.0,0.24,0.8300000000000001,0.41000000000000003,0.34,0.45,8
0.47000000000000003,0.88,0.45,1.0,0.71,0.76,0.52,0.4,0.19,0.1,0.0,0.13,0.51,0.12,1.0,0.0,3
0.0,0.55,0.35000000000000003,0.67,0.71,0.8200000000000001,1.0,1.0,0.91,0.76,0.81,0.5,0.68,0.24,0.56,0.0,2
0.26,0.8200000000000001,0.39,1.0,0.73,0.76,0.63,0.45,0.29,0.2,0.0,0.13,0.53,0.17,1.0,0.0,3
0.11,0.75,0.33,0.84,0.89,1.0,1.0,0.9,0.76,0.68,0.49,0.45,0.24,0.22,0.0,0.0,2
1.0,0.97,0.58,1.0,0.18,0.76,0.0,0.47000000000000003,0.12,0.16,0.62,0.0,0.85,0.18,0.28,0.24,7
0.38,0.54,1.0,0.8200000000000001,0.64,1.0,0.34,0.65,0.6,0.27,0.17,0.0,0.0,0.32,0.59,0.62,9
0.62,1.0,0.0,0.96,0.4,0.62,1.0,0.3,0.43,0.0,0.06,0.27,0.38,0.73,0.13,0.99,9
0.19,0.86,0.63,1.0,0.89,0.8,0.51,0.5700000000000001,0.72,0.37,1.0,0.14,0.49,0.0,0.0,0.02,4
0.2,1.0,0.24,0.85,0.0,0.52,0.2,0.39,0.79,0.34,0.9400000000000001,0.53,0.91,0.18,1.0,0.0,5
0.08,0.81,0.42,0.98,0.92,1.0,1.0,0.79,0.63,0.6,0.65,0.36,0.44,0.14,0.0,0.0,4
0.0,0.9,0.62,1.0,1.0,0.8200000000000001,0.78,0.48,0.63,0.13,0.52,0.0,0.24,0.31,0.85,0.44,8
0.86,1.0,0.38,0.93,0.07,0.62,0.01,0.28,0.41000000000000003,0.0,1.0,0.12,0.54,0.28,0.0,0.07,7
0.12,0.93,0.48,0.62,0.9500000000000001,0.96,0.21,1.0,0.46,0.7000000000000001,1.0,0.64,0.77,0.07,0.0,0.0,10
0.15,0.71,0.38,1.0,0.73,0.89,0.59,0.56,0.3,0.28,0.0,0.0,0.49,0.05,1.0,0.17,3
0.0,0.45,0.26,0.66,0.62,0.84,1.0,1.0,0.8,0.75,0.5700000000000001,0.5,0.36,0.25,0.18,0.0,2
0.24,1.0,0.07,0.72,0.0,0.42,0.06,0.13,0.6,0.09,1.0,0.29,0.43,0.23,0.09,0.0,7
0.1,0.77,0.54,1.0,1.0,0.78,0.75,0.37,0.36,0.02,0.0,0.0,0.21,0.26,0.89,0.3,8
0.09,1.0,0.01,0.8200000000000001,0.0,0.48,0.66,0.46,1.0,0.77,0.81,0.58,0.59,0.23,0.48,0.0,5
0.66,0.98,0.24,0.78,0.0,0.35000000000000003,0.24,0.0,0.74,0.2,1.0,0.61,0.79,1.0,0.29,0.92,1
0.53,0.79,0.0,0.92,0.19,0.58,0.8,0.27,0.5700000000000001,0.0,0.26,0.34,0.8,0.68,1.0,1.0,9
0.8200000000000001,0.85,1.0,1.0,0.49,0.68,0.0,0.36,0.2,0.0,0.9400000000000001,0.03,0.53,0.27,0.35000000000000003,0.08,7
1.0,1.0,0.55,0.91,0.21,0.65,0.0,0.34,0.17,0.03,0.66,0.0,0.6900000000000001,0.25,0.19,0.25,7
0.06,0.78,0.0,0.37,0.19,0.0,0.76,0.03,1.0,0.4,0.99,0.8,0.51,1.0,0.07,0.73,1
0.15,0.62,0.56,1.0,1.0,0.88,0.74,0.43,0.41000000000000003,0.0,0.88,0.08,0.65,0.5,0.0,0.6,9
0.52,0.87,1.0,1.0,0.92,0.9500000000000001,0.44,0.77,0.71,0.51,0.9400000000000001,0.22,0.47000000000000003,0.0,0.0,0.05,6
0.98,1.0,0.4,0.87,0.09,0.55,0.0,0.21,0.47000000000000003,0.0,1.0,0.22,0.39,0.31,0.07,0.04,7
0.9,0.79,0.3,0.61,0.04,0.89,0.55,1.0,0.8,0.63,1.0,0.26,0.74,0.0,0.0,0.08,10
0.03,0.71,0.0,0.9500000000000001,0.45,1.0,1.0,0.99,0.79,0.78,0.48,0.53,0.31,0.24,0.54,0.0,8
0.79,0.87,0.98,0.81,0.71,1.0,0.72,0.73,1.0,0.66,0.91,0.21,0.48,0.0,0.0,0.13,10
0.62,1.0,0.25,0.91,0.0,0.49,0.07,0.02,0.55,0.0,0.92,0.3,1.0,0.78,0.63,1.0,1
0.07,0.59,0.29,1.0,0.31,0.91,0.32,0.46,0.31,0.01,0.0,0.0,0.54,0.01,1.0,0.0,2
0.0,0.66,0.39,0.8300000000000001,1.0,1.0,1.0,0.8200000000000001,0.84,0.62,0.68,0.41000000000000003,0.58,0.2,0.5,0.0,2
1.0,0.9400000000000001,0.72,1.0,0.49,0.93,0.44,0.64,0.68,0.53,0.55,0.29,0.29,0.13,0.0,0.0,6
0.87,0.67,0.66,1.0,0.0,0.79,0.49,0.45,1.0,0.1,0.4,0.0,0.37,0.4,0.81,0.78,9
0.0,0.55,0.2,0.68,0.65,0.88,1.0,1.0,0.76,0.75,0.51,0.5,0.28,0.25,0.11,0.0,2
0.14,0.96,0.87,1.0,0.21,0.96,0.22,0.58,0.7000000000000001,0.65,1.0,0.28,0.54,0.0,0.0,0.17,6
0.32,1.0,0.19,0.78,0.0,0.48,0.49,0.35000000000000003,1.0,0.47000000000000003,0.98,0.6,0.75,0.3,0.59,0.0,5
0.6900000000000001,0.78,0.31,0.98,0.21,0.62,0.61,0.21,0.0,0.0,0.1,0.4,0.79,0.72,1.0,1.0,9
0.31,0.89,0.0,0.5700000000000001,0.04,0.14,0.61,0.0,1.0,0.33,0.9500000000000001,0.77,0.47000000000000003,1.0,0.16,0.72,1
0.32,1.0,0.18,0.63,0.52,0.3,0.23,0.0,0.0,0.37,0.08,0.79,0.52,0.9400000000000001,1.0,0.99,6
0.28,0.91,0.49,0.71,1.0,0.35000000000000003,0.55,0.0,0.0,0.24,0.32,0.63,0.8200000000000001,1.0,0.45,1.0,9
0.11,0.55,0.13,0.1,0.51,0.0,0.85,0.29,1.0,0.7000000000000001,0.72,1.0,0.3,0.9,0.0,0.58,1
1.0,0.67,0.7000000000000001,1.0,0.24,0.88,0.0,0.46,0.09,0.0,0.5700000000000001,0.02,0.92,0.34,0.91,0.75,1
0.59,1.0,0.0,0.78,0.33,0.53,1.0,0.56,0.67,0.89,0.46,0.73,0.37,0.36,0.29,0.0,5
0.97,0.87,0.56,0.74,0.34,0.9500000000000001,0.8300000000000001,1.0,1.0,0.68,0.88,0.36,0.53,0.08,0.0,0.0,10
1.0,0.81,0.6,1.0,0.33,0.68,0.8200000000000001,0.62,0.9400000000000001,0.8,0.87,0.36,0.52,0.0,0.0,0.02,10
1.0,0.86,0.43,1.0,0.0,0.74,0.45,0.38,0.66,0.0,0.36,0.25,0.63,0.64,0.9,0.9400000000000001,9
0.13,0.72,0.01,0.33,0.27,0.0,0.75,0.1,1.0,0.44,0.88,0.8300000000000001,0.43,1.0,0.0,0.8200000000000001,1
0.53,1.0,0.0,0.77,0.1,0.45,1.0,0.43,0.87,0.66,0.47000000000000003,0.77,0.35000000000000003,0.39,0.31,0.0,5
0.0,0.89,0.15,1.0,0.56,0.97,0.39,0.64,0.12,0.33,0.12,0.02,0.5700000000000001,0.0,1.0,0.11,3
0.0,0.86,0.43,1.0,0.97,0.91,1.0,0.5700000000000001,0.71,0.26,0.39,0.0,0.31,0.35000000000000003,0.85,0.3,8
0.0,0.6900000000000001,0.22,0.93,0.55,1.0,0.65,0.73,0.46,0.41000000000000003,0.33,0.08,0.65,0.0,1.0,0.04,3
0.0,0.92,0.4,1.0,1.0,0.86,0.91,0.45,0.65,0.06,0.3,0.0,0.21,0.3,0.92,0.36,8
0.74,0.73,0.31,0.61,0.47000000000000003,0.91,0.93,1.0,1.0,0.68,0.8300000000000001,0.35000000000000003,0.5,0.08,0.0,0.0,10
0.59,0.49,0.48,0.85,1.0,1.0,0.9500000000000001,0.58,0.55,0.23,0.0,0.02,0.21,0.13,0.8200000000000001,0.0,3
0.26,0.88,0.0,0.58,0.04,0.17,0.54,0.0,0.96,0.28,1.0,0.6900000000000001,0.63,1.0,0.12,0.86,1
0.04,0.85,0.64,1.0,0.96,0.72,0.68,0.34,0.44,0.0,1.0,0.31,0.87,0.44,0.0,0.41000000000000003,8
0.0,0.71,0.47000000000000003,0.85,1.0,1.0,1.0,0.81,0.84,0.61,0.66,0.41000000000000003,0.47000000000000003,0.2,0.31,0.0,2
0.0,0.93,0.64,1.0,1.0,0.8,0.91,0.5,0.8,0.2,0.68,0.0,0.22,0.2,0.87,0.28,8
0.0,0.92,0.5700000000000001,1.0,1.0,0.77,0.77,0.38,0.46,0.0,0.25,0.09,0.25,0.48,0.92,0.58,8
0.0,0.49,0.37,0.66,0.71,0.87,1.0,1.0,0.87,0.75,0.75,0.5,0.61,0.25,0.51,0.0,2
0.38,0.85,0.73,1.0,1.0,0.86,0.68,0.65,0.87,0.42,0.81,0.15,0.42,0.0,0.0,0.12,4
0.64,0.86,0.79,1.0,1.0,0.87,0.73,0.63,0.93,0.41000000000000003,0.8300000000000001,0.13,0.43,0.0,0.0,0.05,4
0.0,0.78,0.23,1.0,0.52,0.88,0.39,0.62,0.25,0.37,0.11,0.12,0.47000000000000003,0.0,1.0,0.04,3
0.8200000000000001,1.0,0.64,0.89,0.31,0.67,0.0,0.45,0.62,0.37,1.0,0.46,0.78,0.23,0.71,0.0,5
1.0,0.8300000000000001,0.62,1.0,0.22,0.73,0.0,0.44,0.03,0.13,0.7000000000000001,0.0,0.9500000000000001,0.22,0.08,0.21,7
0.0,0.74,0.18,1.0,0.5,0.9400000000000001,0.45,0.62,0.32,0.32,0.24,0.04,0.62,0.0,1.0,0.01,3
1.0,1.0,0.53,0.79,0.19,0.5,0.0,0.18,0.36,0.0,0.74,0.25,0.52,0.53,0.02,0.38,7
0.0,0.68,0.17,0.84,0.81,1.0,1.0,0.81,0.86,0.6,0.72,0.4,0.58,0.2,0.5,0.0,2
0.0,0.92,0.31,1.0,0.6,0.88,0.47000000000000003,0.54,0.24,0.25,0.33,0.0,0.66,0.02,1.0,0.08,3
0.72,0.72,0.9,1.0,0.0,0.9400000000000001,0.05,0.59,0.91,0.65,1.0,0.68,0.6,0.34,0.25,0.0,10
0.03,0.58,0.2,1.0,0.41000000000000003,0.8,0.22,0.38,0.0,0.08,0.33,0.04,0.66,0.03,1.0,0.0,3
0.0,0.79,0.34,1.0,0.64,0.87,0.5700000000000001,0.59,1.0,0.48,0.92,0.16,0.5,0.0,0.09,0.11,4
0.31,0.9500000000000001,0.02,0.68,0.64,0.58,0.62,0.1,0.0,0.0,0.1,0.52,0.31,1.0,1.0,1.0,6
0.3,0.9,0.0,0.56,0.02,0.18,0.46,0.0,0.87,0.28,1.0,0.66,0.78,1.0,0.21,1.0,1
0.28,0.8300000000000001,0.06,0.56,0.73,0.48,0.8300000000000001,0.1,0.15,0.0,0.0,0.42,0.32,0.9,1.0,1.0,6
0.39,1.0,0.17,0.84,0.0,0.63,0.08,0.42,0.42,0.33,0.79,0.3,1.0,0.18,0.78,0.0,5
0.17,0.9400000000000001,0.97,1.0,0.45,0.9400000000000001,0.2,0.67,0.47000000000000003,0.73,1.0,0.42,0.68,0.0,0.0,0.16,6
1.0,0.98,0.67,1.0,0.29,0.76,0.02,0.44,0.0,0.08,0.45,0.0,0.54,0.32,0.11,0.5,7
0.03,0.91,0.61,1.0,0.47000000000000003,0.97,0.05,0.74,0.48,0.52,1.0,0.32,0.56,0.12,0.0,0.0,6
0.26,0.92,0.64,1.0,1.0,0.9400000000000001,0.79,0.73,0.61,0.5,0.64,0.25,0.37,0.07,0.0,0.0,4
1.0,1.0,0.64,0.8,0.36,0.6,0.12,0.38,0.0,0.16,0.28,0.0,0.74,0.15,0.12,0.1,7
0.24,1.0,0.0,0.8200000000000001,0.0,0.49,0.65,0.51,1.0,0.8200000000000001,0.81,0.63,0.49,0.32,0.21,0.0,5
0.96,1.0,0.6,0.8200000000000001,0.18,0.54,0.0,0.33,0.63,0.26,0.99,0.49,0.9400000000000001,0.34,1.0,0.0,5
0.29,1.0,0.09,0.8200000000000001,0.0,0.63,0.06,0.44,0.39,0.35000000000000003,0.77,0.33,1.0,0.19,0.96,0.0,5
0.3,0.75,0.54,1.0,1.0,0.99,0.74,0.72,0.79,0.46,0.88,0.18,0.43,0.0,0.0,0.12,4
0.0,0.8200000000000001,0.35000000000000003,1.0,0.58,0.85,0.42,0.5700000000000001,0.21,0.29,0.15,0.0,0.58,0.02,1.0,0.11,3
0.86,1.0,0.49,0.77,0.28,0.51,0.26,0.24,0.51,0.0,1.0,0.13,0.63,0.34,0.0,0.31,7
0.0,0.77,0.27,1.0,0.54,0.89,0.33,0.6,0.11,0.32,0.16,0.03,0.58,0.0,1.0,0.03,3
0.55,1.0,0.48,0.93,0.0,0.72,0.34,0.58,1.0,0.52,0.97,0.48,0.58,0.25,0.32,0.0,5
0.64,1.0,0.38,0.98,0.0,0.75,0.23,0.61,0.85,0.46,1.0,0.48,0.6900000000000001,0.24,0.43,0.0,5
