-0.28868828724570267,-0.7199064106953584,-0.23995445037790822,-0.3964467247313707,0.1772607908877049,-0.7502106189514561,-0.056297165938718474,-0.27708918985937453,-0.3818164170962882,-0.6017981973078776,1
-0.23594715784504544,-0.7199064106953584,-0.23851095802375072,-0.4038675102383094,0.34059350709016734,0.5625211463526824,-0.037912422414238485,-0.27394038857905,-0.37437536394846044,-0.6077754027678314,1
-0.23594715784504544,-0.6240170216849645,-0.2249008872559799,-0.34548854099273585,-0.45917358603913233,-0.2579362069624041,-0.02589719633131063,-0.2637067844179954,-0.35152070070870356,-0.5958209918479238,1
-0.28868828724570267,-0.7199064106953584,-0.23995445037790822,-0.3964467247313707,0.013928074685242164,-0.24621538762933143,-0.027344813931663377,-0.27787639017945565,-0.380221905707468,-0.6197298136877388,1
-0.23594715784504544,-0.7547752794264108,-0.24346007466657646,15.483397282820727,0.7404770536548172,0.9317269553444725,-0.05745526001900068,-0.2810251914597801,-0.3850054398739287,-0.6137526082277851,1
-0.28868828724570267,-0.7111891935125954,-0.23892338441065286,-0.3900769517640414,1.0220851850383736,1.259909896670507,-0.054704786578330444,-0.2707915872987255,-0.37278085255964016,-0.5838665809280164,1
-0.23594715784504544,-0.7460580622436477,-0.24222279550587,-0.41979194265663283,0.27300755555811407,-0.4513297259581034,-0.05383621601811879,-0.280237991139699,-0.3850054398739287,-0.6137526082277851,1
-0.28868828724570267,-0.7286236278781215,-0.24098551634516358,-0.4028164976987001,-0.20009410516626072,-2.6489833509092295,0.05473510400833782,-0.280237991139699,-0.38872596644784263,-0.6316842246076464,1
-0.28868828724570267,-0.7373408450608846,-0.24201658231241893,-0.4091862706660295,0.1772607908877049,-1.5530867432669342,0.05473510400833782,-0.280237991139699,-0.3871314550590224,-0.6316842246076464,1
-0.28868828724570267,-0.7634924966091738,-0.24510978021418503,-0.4282955895680175,2.4301258419561544,1.259909896670507,0.025782752001282723,-0.2818123917798613,-0.38872596644784263,-0.6316842246076464,1
-0.28868828724570267,-0.7547752794264108,-0.24407871424692967,-0.4219258166006882,0.9263384203679638,-0.30481948429469485,0.025782752001282723,-0.2818123917798613,-0.3881944626515692,-0.6316842246076464,1
-0.28868828724570267,-0.7286236278781215,-0.24098551634516358,-0.4028164976987001,0.3631221576008518,-0.30481948429469485,0.09816363201892046,-0.27787639017945565,-0.38234792089256164,-0.6316842246076464,1
-0.28868828724570267,-0.7199064106953584,-0.23995445037790822,-0.3964467247313707,0.34059350709016734,0.4218713143558108,-0.01764577600929992,-0.27630198953929336,-0.37809589052237436,-0.6197298136877388,1
-0.23594715784504544,-0.7199064106953584,-0.23851095802375072,-0.4038675102383094,0.20542160402606055,0.5625211463526824,-0.028502908011945584,-0.28732279402042915,-0.00232270655706982,-0.6137526082277851,1
-0.28868828724570267,-0.7111891935125954,-0.23892338441065286,-0.3900769517640414,0.03645672519592668,-1.8168051782610697,0.12711598402597554,-0.27630198953929336,-0.3839424322813819,-0.6316842246076464,1
-0.23594715784504544,-0.7199064106953584,-0.23851095802375072,-0.4038675102383094,0.20542160402606055,0.9786102326767633,-0.028502908011945584,-0.2747275888991311,-0.37278085255964016,-0.6137526082277851,1
-0.28868828724570267,-0.6152998045022015,-0.22758165877084385,-0.3200094491234184,-0.7689425305610441,-2.2563359032512946,-0.010407688007536147,-0.2707915872987255,-0.373843860152187,-0.6137526082277851,1
-0.28868828724570267,-0.7373408450608846,-0.24201658231241893,-0.4091862706660295,0.1772607908877049,-1.3186703566054805,-0.01764577600929992,-0.280237991139699,-0.386599951262749,-0.6257070191476927,1
-0.3414294166463599,-0.7286236278781215,-0.24222279550587,-0.39326183824770605,0.27300755555811407,-1.6702949365976612,0.05473510400833782,-0.280237991139699,-0.3876629588552958,-0.6316842246076464,1
-0.3414294166463599,-0.7286236278781215,-0.24222279550587,-0.39326183824770605,0.5039262232926297,0.04094468603094929,-0.010407688007536147,-0.2794507908196179,-0.3839424322813819,-0.6257070191476927,1
-0.3414294166463599,-0.6240170216849645,-0.23232456222021852,-0.29771524373776564,-0.6675636032629638,-1.5062034659346435,-0.052822883697871865,-0.27394038857905,-0.373843860152187,-0.5958209918479238,1
-0.28868828724570267,-0.7199064106953584,-0.23995445037790822,-0.3964467247313707,0.34059350709016734,0.591823194685364,-0.05383621601811879,-0.27630198953929336,-0.37756438672610093,-0.6017981973078776,1
-0.28868828724570267,-0.7460580622436477,-0.24304764827967432,-0.4155560436333588,0.7404770536548172,0.08782796336324002,0.05473510400833782,-0.280237991139699,-0.38553694367020214,-0.6316842246076464,1
0.13324074795955512,-0.562996501405623,-0.18015262427709713,-0.37978976842180445,-0.7576782053057018,-2.924422605236437,0.0671846153713715,-0.2282827700143447,-0.3446111513571492,-0.5958209918479238,1
0.13324074795955512,-0.562996501405623,-0.18015262427709713,-0.37978976842180445,-0.0987151778681801,-0.6154211966211203,-0.003169600005772373,-0.1983691578512619,-0.27657866543415205,-0.5240945263284786,1
-0.1832060284443882,-0.6414514560504907,-0.2240760344821756,-0.36822863048610166,-0.26768005669831396,-0.8322563542829648,-0.052822883697871865,-0.25977078281758975,-0.3557727310788909,-0.5539805536282475,1
-0.1832060284443882,0.1169464388498973,-0.09849219967047236,0.027589061703744856,-0.4141162850177633,-0.5509566902892212,-0.06454858626072918,-0.12043632616323043,-0.12935211386641604,0.08558043058680505,1
0.027758489158240685,-0.7024719763298323,-0.22675680599703957,-0.4149827640662992,-0.14377247888954944,-0.9318833186140827,-0.040807657614944,-0.261345183457752,-0.36108776904162504,-0.5778893754680625,1
0.027758489158240685,-0.7111891935125954,-0.22902515112500135,-0.417881010766434,1.1910500638685069,1.259909896670507,-0.016198158408947172,-0.24796277801637284,-0.34726867033851627,-0.5778893754680625,1
0.027758489158240685,-0.7111891935125954,-0.22902515112500135,-0.417881010766434,0.22795025453674475,-1.8050843589279966,0.4311156801000541,-0.25977078281758975,-0.37171784496709337,-0.6316842246076464,1
0.027758489158240685,-0.7111891935125954,-0.22902515112500135,-0.417881010766434,1.3149576416772717,1.259909896670507,-0.004761979366160408,-0.24638837737621058,-0.34726867033851627,-0.5838665809280164,1
0.027758489158240685,-0.47582432957799214,-0.16777983267003277,-0.33969204759246613,0.07588186358962458,-0.7502106189514561,-0.0012876971253137932,-0.17239154728858475,-0.25957054395340273,-0.4942084990287099,1
-0.3941705460470171,0.2041186106775281,-0.17726563956878214,0.7586160562992991,0.23358241716441588,-1.8343864072606784,0.11119219042209526,-0.17868914984923376,-0.30900039700683035,-0.5778893754680625,2
-0.3941705460470171,-0.26661111719167824,-0.2106721769078559,0.1853364892396565,0.5996729879630389,-1.8168051782610697,1.1259721282693764,-0.22198516745369568,-0.3493946855236099,-0.6316842246076464,2
-0.44691167544767435,-0.6065825873194384,-0.23892338441065286,-0.1225464871362082,1.726105513497264,-0.644723244953802,0.30083009606830613,-0.26685558569831985,-0.3796904019111946,-0.6316842246076464,2
-0.44691167544767435,0.09951200448437114,-0.20551684707157908,1.1673325387479874,0.9657635587616623,-0.24621538762933143,0.06776366241151262,-0.20230515945166755,-0.3143154349695645,-0.5778893754680625,2
-0.024982640242416542,-0.4496726780297029,-0.16881089863728815,-0.3200094491234184,0.32369701920715394,0.9493081843440815,-0.04486098689593171,-0.16058354248736786,-0.20269963775214733,-0.32684674615000453,1
-0.07772376964307377,-0.5978653701366753,-0.20819761858644303,-0.3667317338387793,0.34059350709016734,-0.07626350729977753,-0.04659812801635502,-0.22434676841393905,-0.3164414501546582,-0.4762768826488486,1
-0.024982640242416542,0.0733603529360819,-0.045082982566644544,-0.12891626010353754,0.05898537570661119,0.2929423016920113,-0.057889545299106504,0.003941324409587477,0.040729100941076804,0.3605318817446781,1
-0.07772376964307377,-0.345066071836546,-0.15437597509571305,-0.2640828424702666,0.7179484031441327,1.0137726906759807,-0.05108574257744856,-0.11256432296241917,-0.16496286821673486,-0.1415533768914379,1
-0.3414294166463599,0.9102132024813376,-0.08715047403066337,1.103634809074694,-0.5943454891032391,-3.0006079309014093,0.402163328092999,-0.12752112904396057,-0.28136219960061276,-0.6017981973078776,2
-0.44691167544767435,-0.5891481529539122,-0.23809853163684855,-0.0906976222995614,2.148517710572598,-0.20519251996357704,0.3876871520894714,-0.2621323837778331,-0.3765013791335541,-0.6316842246076464,2
-0.024982640242416542,-0.20559059691233667,-0.1110712044709878,-0.23083262758080736,-0.5380238628265278,-0.7267689802853115,-0.06194287458009421,-0.14641393672590758,-0.16230534923536777,-0.0817813222919003,1
-0.07772376964307377,0.0036226154739772577,-0.0801392254533269,-0.1225464871362082,-0.6112419769862525,0.005782228031730593,-0.0584685923392476,-0.12201072680339269,-0.05547308618441134,-0.057872500452085245,1
-0.07772376964307377,-0.5891481529539122,-0.20634169984538336,-0.3631965098419115,-0.4535414234114609,0.1933153373608935,-0.054125739538189346,-0.2432395760958861,-0.30793738941428356,-0.5001857044886636,1
-0.07772376964307377,0.02105704983950342,-0.07642738797120759,-0.11547603914247256,-0.4648057486668032,0.5859627850188284,-0.062087636340129496,-0.1015435184812834,-0.004448721742163481,0.09753484150671257,1
-0.07772376964307377,-0.676320324781543,-0.2249008872559799,-0.39858059867542606,0.4250759465052343,1.1485621130063164,-0.06527239506090556,-0.25032437897661625,-0.3377016020055948,-0.4702996771888948,1
-0.07772376964307377,-0.3363488546537829,-0.1525200563546534,-0.26054761847339875,-0.40848412239009185,0.005782228031730593,-0.0561524041786832,-0.18105075080947713,-0.2021681339558739,-0.29098351339028194,1
-0.07772376964307377,-0.08354955635365355,-0.09869841286392345,-0.15793057596972282,-0.20009410516626072,0.544939917353074,-0.06078478049981201,-0.09918191752104003,-0.058130605165778414,0.07362601966689752,1
-0.130464899043731,0.04720870138779266,-0.09044988512588054,-0.06282986556749544,-0.3690589839963943,0.8907040876787181,-0.0644038245006939,-0.10705392072185128,-0.015610301463905199,0.1393752797263889,1
-0.024982640242416542,-0.31891442028825673,-0.13787891961962725,-0.2722361518684482,-0.41974844764543445,0.19917574702743052,-0.06411430098062335,-0.16530674440785462,-0.16336835682791462,-0.11764455505162287,1
-0.07772376964307377,0.02105704983950342,-0.07642738797120759,-0.11547603914247256,-0.4310127729007767,0.33982557902430205,-0.060350495219706195,-0.09760751688087778,-0.02305135461173301,0.06764881420694376,1
0.027758489158240685,-0.039963470439838146,-0.05436257627194282,-0.19493895690990637,-0.6281384648692659,0.6387064720176554,-0.06585144210104665,-0.09918191752104003,0.05029616927399828,0.22305615616574156,1
-0.07772376964307377,-0.0573979048053643,-0.09313065664074448,-0.14732490397911938,-0.47607007392214573,0.37498803702352074,-0.062377159860200045,-0.12122352648331156,-0.05706759757323158,0.025808375987267422,1
-0.07772376964307377,-0.22302503127786283,-0.12839311272087792,-0.2145578576492808,-0.3915876345070788,1.0840976066744168,-0.0638247774605528,-0.1527115392865566,-0.09693038229373771,-0.06982691137199278,1
0.027758489158240685,0.10822922166713422,-0.01580070909659223,-0.14570061187245043,-0.8196319942100841,-0.09970514596592289,-0.06787810674154052,-0.09130991432022877,0.06411526797710708,0.3366230599048631,1
0.08049961855889791,-0.2927627687399675,-0.10859664614957493,-0.29239648331004564,-0.633770627496937,0.24605902435972124,-0.06078478049981201,-0.1527115392865566,-0.09852489368255796,-0.1295989659715304,1
-0.07772376964307377,-0.04868068762260122,-0.09127473789968482,-0.14378967998225162,-0.8252641568377552,0.8907040876787181,-0.0638247774605528,-0.1558603405668811,-0.01773631664899886,-0.0817813222919003,1
-0.07772376964307377,-0.31019720310549365,-0.14695230013147445,-0.2499419464827954,-0.4310127729007767,1.007912281009445,-0.06860191554171689,-0.17632754888899038,-0.14689173914343875,-0.063849705912039,1
-0.07772376964307377,-0.42352102648141365,-0.17107924376524994,-0.29593170730691337,-0.3972197971347499,-0.05868227830016851,-0.06252192162023533,-0.2015179591315864,-0.24203091867638005,-0.29098351339028194,1
-0.024982640242416542,-0.0573979048053643,-0.07601496158430544,-0.17668955735850775,-0.5774490012202257,0.24605902435972124,-0.059626686419529805,-0.11413872360258143,-0.029429400167013994,-0.01005485677245515,1
-0.024982640242416542,-0.7460580622436477,-0.23892338441065286,-0.4282955895680175,0.03645672519592668,-2.2563359032512946,0.12711598402597554,-0.27630198953929336,-0.38553694367020214,-0.6316842246076464,1
0.08049961855889791,-0.6850375419643061,-0.21995177061315416,-0.4118297264474711,0.013928074685242164,1.259909896670507,-0.06643048914118777,-0.2495371786565351,-0.32388250330248597,-0.4583452662689873,1
0.08049961855889791,-0.3973693749331244,-0.1382913460065294,-0.3242453481466924,-0.6056098143585814,-0.10556555563245924,-0.0555733571385421,-0.17947635016931487,-0.17878196691984366,-0.29098351339028194,1
-0.024982640242416542,-0.4845415467607552,-0.17705942637533106,-0.3327489950580771,-0.40285195976242105,0.5859627850188284,-0.06527239506090556,-0.20860276201231653,-0.2340583617322788,-0.2850063079303282,1
-0.07772376964307377,-0.11841842508470586,-0.10612208782816206,-0.17210332082203067,-0.3465303334857098,0.5683815560192194,-0.06339049218044697,-0.12279792712347382,-0.07354421525770745,0.04373999236712871,1
0.08049961855889791,-0.6588858904160169,-0.21252809564891556,-0.4038675102383094,-0.06492220210215333,1.0137726906759807,-0.05658668945878902,-0.2408779751356427,-0.3084688932105569,-0.4822540881088023,1
0.08049961855889791,-0.7199064106953584,-0.22985000389880567,-0.4224672473029112,-0.8703214578591243,-1.1838809342751453,-0.037912422414238485,-0.27394038857905,-0.36799731839317945,-0.6077754027678314,1
0.08049961855889791,-0.3973693749331244,-0.1382913460065294,-0.3242453481466924,-0.41974844764543445,-0.25207579729586777,-0.05658668945878902,-0.16609394472793573,-0.18569151627139804,-0.2371886642506981,1
-0.024982640242416542,-0.2317422484606259,-0.11725760027451998,-0.24038728703180137,-0.7633103679333728,-0.4689109549577124,-0.0655619185809761,-0.17239154728858475,-0.15805331886518045,-0.11764455505162287,1
-0.07772376964307377,-0.5019759811262814,-0.18778251243478683,-0.32778057214356016,-0.5492881880818701,-1.1194164279432457,-0.05774478353907123,-0.22670836937418246,-0.3031538552478228,-0.4284592389692185,1
-0.4996528048483316,-0.3973693749331244,-0.23809853163684855,0.9603149173097832,-0.6675636032629638,1.259909896670507,-0.05817906881917705,-0.2794507908196179,-0.3706548373745465,-0.6077754027678314,2
-0.44691167544767435,-0.6065825873194384,-0.23892338441065286,-0.1225464871362082,2.0077136448808197,0.527358688353465,0.3297824480753612,-0.2652811850581576,-0.37543837154100723,-0.6316842246076464,2
-0.44691167544767435,-0.6065825873194384,-0.23892338441065286,-0.1225464871362082,2.2893217762643765,0.3808484466900564,0.3587348000824163,-0.2637067844179954,-0.37596987533728066,-0.6316842246076464,2
0.13324074795955512,-0.6937547591470692,-0.2203641970000563,-0.4165433584432949,-0.38595547187940765,0.1347112406955301,0.004068487995991401,-0.25740918185734635,-0.3382331058018682,-0.6017981973078776,1
0.027758489158240685,-0.031246253257075064,-0.05209423114398102,-0.19204071020977154,0.25047890504742926,0.3984296756896655,-0.045150510416002265,0.019685330811209996,0.03488255918206924,0.11546645788657385,1
0.027758489158240685,-0.6065825873194384,-0.20180500958945977,-0.38313389922965235,-1.1294009387319959,-0.20519251996357704,-0.0413867046550851,-0.25898358249750864,-0.3063428780254633,-0.5719121700081088,1
-0.07772376964307377,-0.7373408450608846,-0.23789231844339748,-0.4233271666535006,0.053353213078939754,0.8672624490125721,-0.0490590779369547,-0.2747275888991311,-0.37171784496709337,-0.6017981973078776,1
-0.130464899043731,-0.7547752794264108,-0.24222279550587,-0.4290918111889337,0.27300755555811407,-2.156708938920177,0.05473510400833782,-0.280237991139699,-0.38872596644784263,-0.6316842246076464,1
-0.3941705460470171,0.2041186106775281,-0.17726563956878214,0.7586160562992991,-0.06492220210215333,-2.3852649159150943,0.34787766807977066,-0.19285875561069402,-0.32600851848757967,-0.6137526082277851,2
4.616236747015419,-0.7547752794264108,-0.1865452332740804,-0.4400478206927402,0.6278338011013946,-1.7523406719291699,1.9511141604704465,-0.1771147492090715,-0.3180359615434784,-0.6316842246076464,4
-0.44691167544767435,-0.36250050620207214,-0.22737544557739278,0.32333762057684706,1.4444973821137077,-0.6330024256207293,0.3442586240788888,-0.2408779751356427,-0.3594932576528048,-0.6257070191476927,2
0.027758489158240685,-0.21430781409509975,-0.0997294788311788,-0.2528401931829303,0.12093916461099362,0.5390795076865377,-0.05224383665773076,-0.06848110503787612,-0.06078812414714549,0.0018995541474523747,1
-0.07772376964307377,-0.458389895212466,-0.17850291872948856,-0.3101044521592212,0.8869132819742666,0.6621481106838009,-0.043992416335720055,-0.15034993832631321,-0.23512136932482566,-0.30891512977014324,1
-0.07772376964307377,-0.5978653701366753,-0.20819761858644303,-0.3667317338387793,-0.4366449355284475,-0.13486760396514094,-0.0672990597013994,-0.24481397673604835,-0.317504457747205,-0.4284592389692185,1
-0.130464899043731,-0.7111891935125954,-0.23397426776782712,-0.4091862706660295,-0.7576782053057018,-2.678285399241911,-0.01764577600929992,-0.27630198953929336,-0.38287942468883507,-0.6197298136877388,1
-0.024982640242416542,0.09079478730160806,-0.040958718697623096,-0.1225464871362082,0.3800186454838652,0.7324730266822369,-0.05340193073801297,0.05510934521486067,0.089627450198231,0.3904179090444469,1
-0.07772376964307377,-0.5019759811262814,-0.18778251243478683,-0.32778057214356016,-0.37469114662406544,-0.02351982030095111,-0.060060971699635646,-0.2196235664934523,-0.27445265024905835,-0.38661880074954214,1
0.027758489158240685,0.09951200448437114,-0.01806905422455403,-0.14859885857258529,0.16599646563236234,0.6035440140184374,-0.05007241025720163,0.05983254713534742,0.13055324251128397,0.3186914435250018,1
0.027758489158240685,0.25642191377410656,0.022761158078758358,-0.09649411569983113,-0.6056098143585814,0.07610714403016669,-0.06281144514030587,-0.019674685192846302,0.16138046269514206,0.4442127581840308,1
-0.024982640242416542,0.31744243405344813,0.012656711599655798,-0.039739438560926515,0.3180648565794828,0.4511733626884925,-0.05123050433748383,0.13382937722297328,0.18317211834235206,0.5577796619231522,1
-0.07772376964307377,-0.6676031075987799,-0.22304496851492026,-0.39504537467855827,-0.7295173921673462,-1.8929905039260417,-0.022422914090464013,-0.26606838537823874,-0.3653397994118124,-0.6017981973078776,1
-0.07772376964307377,-0.12713564226746896,-0.10797800656922171,-0.17563854481889843,-0.633770627496937,-1.0490915119448094,-0.058323830579212324,-0.15192433896647548,-0.17665595173475,-0.16546219873125295,1
0.027758489158240685,0.25642191377410656,0.022761158078758358,-0.09649411569983113,-0.7464138800503595,-0.22277374896318605,-0.06469334802076446,-0.044865095435442336,0.12576970834482323,0.4203039363442157,1
-0.024982640242416542,-0.3973693749331244,-0.1564381070302238,-0.3009001302214303,0.13783565249400667,0.39256926602312914,-0.04442670161582589,-0.15192433896647548,-0.1947270808080461,-0.30891512977014324,1
-0.07772376964307377,-0.43223824366417674,-0.1729351625063096,-0.29949878016861786,-0.07055436472982446,1.0665163776748083,-0.05687621297885958,-0.18734835337012615,-0.20907768330742832,-0.3029379243101895,1
-0.130464899043731,-0.36250050620207214,-0.16798604586348387,-0.2499419464827954,-0.37469114662406544,0.7559146653483823,-0.06454858626072918,-0.19679475721109965,-0.20748317191860807,-0.24316586971065188,1
-0.07772376964307377,-0.3973693749331244,-0.16551148754207098,-0.28532603531631007,0.5151905485479723,0.8907040876787181,-0.04891431617691943,-0.14483953608574535,-0.19685309599313977,-0.2551202806305594,1
-0.07772376964307377,-0.3712177233848352,-0.15994373131889203,-0.2747203633257066,-0.5323917001988571,-0.22277374896318605,-0.054994310098401,-0.19679475721109965,-0.2260858047881776,-0.3507555679898196,1
-0.07772376964307377,-0.43223824366417674,-0.1729351625063096,-0.29949878016861786,-0.27894438195365623,0.7852167136810639,-0.056007642418647925,-0.19758195753118077,-0.21811324784407637,-0.3447783625298658,1
-0.44691167544767435,-0.6240170216849645,-0.23974823718445715,-0.154395351972855,1.9908171569978066,-0.3692839906265946,0.28635392006477856,-0.26764278601840097,-0.380221905707468,-0.6316842246076464,2
-0.4996528048483316,-0.6327342388677276,-0.24366628786002753,0.10039556672031943,2.233000149987665,1.259909896670507,-0.04297908401547313,-0.27787639017945565,-0.3850054398739287,-0.6137526082277851,2
-0.4996528048483316,-0.7111891935125954,-0.24552220660108717,-0.18624421680950182,3.5565583674903793,1.259909896670507,0.025782752001282723,-0.2818123917798613,-0.3897889740403895,-0.6316842246076464,2
-0.44691167544767435,-0.17943894536404742,-0.21871449145244773,0.6577507013616385,1.4332330568583653,0.7090313880160909,0.06559223601098348,-0.22041076681353344,-0.3276030298763999,-0.5898437863879701,2
-0.44691167544767435,-0.37993494056759824,-0.22820029835119707,0.2914887557402003,1.2304752022622054,-0.14072801363167795,0.17054451203655818,-0.24560117705612947,-0.35683573867143775,-0.6197298136877388,2
0.027758489158240685,-0.10970120790194278,-0.07250933729563722,-0.2180930816461486,-0.13250815363420718,0.5214982786869293,-0.054849548338365715,-0.05824750087682148,-0.0007281951682495745,0.07960322512685128,1
-0.07772376964307377,-0.42352102648141365,-0.17107924376524994,-0.29593170730691337,-0.3803233092517365,0.591823194685364,-0.062377159860200045,-0.2007307588115053,-0.22023926302917002,-0.29098351339028194,1
-0.4996528048483316,-0.2840455515572044,-0.23541776012198462,1.3743501601861916,0.4926618980372878,1.259909896670507,-0.03632004305385046,-0.26764278601840097,-0.3637452880229921,-0.5958209918479238,2
-0.4996528048483316,-0.6937547591470692,-0.24510978021418503,-0.1225464871362082,2.9933421047232667,1.259909896670507,0.04025892800481027,-0.2810251914597801,-0.38872596644784263,-0.6316842246076464,2
0.18598187736021235,0.8317582478364699,0.28692025888958245,-0.020184235551225352,-0.6450349527522793,-0.7853730769506748,-0.05716573649893013,0.2290806159527895,0.5026058999026746,1.089750947859037,1
-0.024982640242416542,0.5440900808052882,0.06627214189693469,0.04306761001435517,-0.40285195976242105,-0.04110104930055949,-0.05861335409928289,0.06770455033615869,0.23419648278459992,0.6055973056027824,1
-0.44691167544767435,0.23027026222581734,-0.1993304512680469,1.4061990250228384,1.3938079184646675,0.0995487826963127,0.16880737091613487,-0.17554034856890924,-0.2951812983037216,-0.5898437863879701,2
-0.07772376964307377,0.2912907825051589,-0.018893906998358318,-0.005756699780224367,-0.036761388963797687,1.1778641613389982,-0.05209907489769548,0.02755733401202126,0.18582963732371915,0.2768510053053254,1
-0.44691167544767435,-0.6327342388677276,-0.2401606635713593,-0.1703197843911784,1.236107364889876,1.089958016340953,0.006529437916591083,-0.2723659879388878,-0.3765013791335541,-0.6197298136877388,2
-0.4996528048483316,-0.676320324781543,-0.2446973538272829,-0.05884875746291458,1.2079465517515202,1.259909896670507,-0.039360040014591244,-0.2825995920999424,-0.3876629588552958,-0.6257070191476927,1
-0.23594715784504544,-0.5455620670400968,-0.213765374809622,-0.29771524373776564,-1.2082512155193916,-1.7816427202618512,-0.049782886737131084,-0.26842998633848214,-0.3525837083012504,-0.5838665809280164,1
-0.1832060284443882,-0.6501686732332538,-0.22551952683633314,-0.3727830181577421,-0.25078356881530056,-0.13486760396514094,-0.04529527217603754,-0.261345183457752,-0.35152070070870356,-0.5719121700081088,1
-0.1832060284443882,-0.2753283343744413,-0.16344935560756024,-0.17713544146622084,-0.9379074093911778,-0.19933211029704134,-0.0561524041786832,-0.22355956809385794,-0.23193234654718517,-0.4284592389692185,1
-0.1832060284443882,-0.37993494056759824,-0.18077126385745035,-0.23175624466107006,-1.2026190528917207,-1.1604392956089993,-0.029661002092227787,-0.24874997833645396,-0.2935867869149013,-0.5659349645481551,1
-0.4996528048483316,-0.5455620670400968,-0.2416041559255168,0.41888421508678747,1.2642681780282314,1.259909896670507,-0.03212195201282747,-0.27551478921921224,-0.3796904019111946,-0.6137526082277851,1
-0.4996528048483316,-0.4060865921158875,-0.23830474483029962,0.9284660524731364,3.032767243116965,1.259909896670507,0.05111606000745594,-0.25740918185734635,-0.37118634117081994,-0.6137526082277851,2
0.44968752436349846,-0.7634924966091738,-0.239335810797555,-0.4376910046948283,2.520240443998892,0.18159451802782084,0.3587348000824163,-0.2637067844179954,-0.37756438672610093,-0.6316842246076464,4
-0.024982640242416542,-0.7634924966091738,-0.24304764827967432,-0.43466536253534693,1.0220851850383736,-1.0842539699440277,0.06921128001186537,-0.2794507908196179,-0.3876629588552958,-0.6316842246076464,2
-0.44691167544767435,0.195401393494765,-0.20098015681565548,1.3425012953495448,0.7179484031441327,-1.6468532979315156,0.7134011121688413,-0.2007307588115053,-0.3339810754316809,-0.6257070191476927,2
-0.4996528048483316,-0.3886521577503613,-0.23789231844339748,0.99216378214643,2.1823106863386244,1.259909896670507,-0.007946738086936465,-0.261345183457752,-0.3701233335782731,-0.6017981973078776,2
-0.4996528048483316,-0.12713564226746896,-0.2317059226398653,1.947629727245834,2.5033439561158786,1.259909896670507,-0.009683879207359773,-0.2400907748155616,-0.35417821969007063,-0.5719121700081088,2
-0.44691167544767435,0.5876761667191036,-0.18242096940505895,2.0591007541740978,0.7742700294208439,-1.3714140436043076,0.29359200806654234,-0.16294514344761124,-0.30209084765527594,-0.6017981973078776,2
-0.4996528048483316,-0.5019759811262814,-0.24057308995826143,0.5781285392700215,1.9739206691147937,1.259909896670507,-0.00678864400665426,-0.2700043869786444,-0.3770328829298275,-0.6137526082277851,2
-0.07772376964307377,-0.5019759811262814,-0.18778251243478683,-0.32778057214356016,-0.4310127729007767,0.24019861469318424,-0.06787810674154052,-0.22198516745369568,-0.267543100897504,-0.30891512977014324,1
-0.024982640242416542,-0.6850375419643061,-0.22448846086907775,-0.40600138418236476,0.07588186358962458,1.259909896670507,-0.06831239202164634,-0.255047580897103,-0.3355755868205011,-0.4702996771888948,1
-0.024982640242416542,-0.22302503127786283,-0.11519546834000925,-0.23720240054813668,-0.4141162850177633,0.1347112406955301,-0.05745526001900068,-0.13932913384517745,-0.11925354173722115,-0.13557617143148415,1
-0.024982640242416542,-0.0573979048053643,-0.07601496158430544,-0.17668955735850775,-0.4141162850177633,-0.35170276162698555,-0.06078478049981201,-0.0952459159206344,-0.07407571905398086,0.08558043058680505,1
0.08049961855889791,-0.1445700766329951,-0.0665291546855561,-0.24729849070135376,-0.6281384648692659,-1.1369976569428546,-0.059047639379388714,-0.11098992232225692,-0.11872203794094774,-0.01005485677245515,1
-0.130464899043731,-0.6327342388677276,-0.21912691783934987,-0.3733562977248018,-0.08745085261283815,0.09368837302977572,-0.061074304019882564,-0.25032437897661625,-0.3361070906167745,-0.4942084990287099,1
-0.07772376964307377,-0.676320324781543,-0.2249008872559799,-0.39858059867542606,0.2166859292814028,0.5566607366861467,-0.0655619185809761,-0.2534731802569407,-0.34354814376460235,-0.4822540881088023,1
-0.07772376964307377,-0.06611512198812738,-0.09498657538180413,-0.1508601279759872,-0.14377247888954944,0.7500542556818452,-0.06078478049981201,-0.08894831335998539,-0.035807445722294974,0.1094892524266201,1
-0.130464899043731,-0.31891442028825673,-0.15973751812544096,-0.23003640595989117,0.008295912057571034,0.6797293396834092,-0.06454858626072918,-0.1645195440877735,-0.1910065542341322,-0.10569014413171535,1
0.027758489158240685,-0.0573979048053643,-0.058899266527866416,-0.20073545031017612,-0.5323917001988571,0.6738689300168735,-0.06527239506090556,-0.09130991432022877,0.04285511612617047,0.2350105670856491,1
-0.024982640242416542,-0.07483233917089047,-0.0801392254533269,-0.18305933032583713,-0.5042308870605013,0.14643206002860343,-0.059481924659494534,-0.11020272200217579,-0.04537451405521645,0.0018995541474523747,1
-0.07772376964307377,-0.06611512198812738,-0.09498657538180413,-0.1508601279759872,-0.22262275567694526,0.5039170496873197,-0.059481924659494534,-0.09682031656079665,-0.052284063406770845,0.04971719782708247,1
0.027758489158240685,0.09079478730160806,-0.020337399352515828,-0.15149710527272012,-0.5605525133372127,-0.11728637496553192,-0.06252192162023533,-0.05509869959649697,0.05348519205163877,0.2947826216851867,1
-0.07772376964307377,-0.06611512198812738,-0.09498657538180413,-0.1508601279759872,-0.6844600911459772,0.8789832683456454,-0.05977144817956509,-0.14483953608574535,-0.027303384981920333,-0.11764455505162287,1
-0.07772376964307377,0.06464313575331881,-0.06714779426590932,-0.09776807029329702,-0.2282549183046164,0.7969375330141361,-0.0644038245006939,-0.06297070279730824,0.033288047793248995,0.3306458544449093,1
-0.07772376964307377,-0.5019759811262814,-0.18778251243478683,-0.32778057214356016,-0.20009410516626072,0.44531295302195617,-0.06570668034101139,-0.21253876361272217,-0.2622280629347698,-0.2969607188502357,1
-0.130464899043731,-0.06611512198812738,-0.1118960572447921,-0.1145842709270465,0.16599646563236234,0.9727498230102263,-0.05369145425808352,-0.08265071079933638,-0.06238263553596573,-0.01603206223240891,1
0.08049961855889791,-0.6676031075987799,-0.21500265397032842,-0.40654281488458777,0.019560237312913606,1.1485621130063164,-0.05644192769875375,-0.24245237577580497,-0.31272092358074427,-0.4882312935687561,1
0.08049961855889791,-0.4060865921158875,-0.14076590432794225,-0.3269206527929707,-0.4253806102731056,0.035084276364412297,-0.05687621297885958,-0.16924274600826025,-0.1771874555310234,-0.24316586971065188,1
-0.130464899043731,-0.12713564226746896,-0.12344399607805216,-0.14245202765911244,0.2617432303027715,0.7324730266822369,-0.05571811889857737,-0.0920971146403099,-0.10383993164529211,-0.01005485677245515,1
0.027758489158240685,-0.04868068762260122,-0.05663092139990462,-0.19783720361004123,-0.6619314406352926,-0.6095607869545846,-0.0644038245006939,-0.10547952008168904,-0.05972511655459865,0.14535248518634267,1
0.44968752436349846,0.2912907825051589,0.23474832094646106,-0.23484558455022483,-1.5743417863180147,-4.078923309544096,2.9065417767032646,-0.1251595280837172,-0.28348821478570646,-0.6316842246076464,1
-0.130464899043731,-0.7286236278781215,-0.23727367886304426,-0.4171484868751911,0.7404770536548172,-0.8146751252833565,0.025782752001282723,-0.26921718665856326,-0.37756438672610093,-0.6197298136877388,1
-0.024982640242416542,-0.21430781409509975,-0.11313333640549852,-0.23401751406447202,0.43070810913290536,0.7383334363487726,-0.05267812193783659,-0.060609101837064853,-0.07939075701671501,0.031785581447221184,1
-0.07772376964307377,-0.458389895212466,-0.17850291872948856,-0.3101044521592212,1.2924289911665872,0.9434477746775446,-0.039504801774626515,-0.1314571306443662,-0.226617308584451,-0.2969607188502357,1
-0.07772376964307377,-0.6065825873194384,-0.21005353732750268,-0.37026695783564706,-0.16630112940023395,-0.07626350729977753,-0.06483810978079972,-0.2400907748155616,-0.3201619767285721,-0.4284592389692185,1
-0.3414294166463599,-0.7111891935125954,-0.24057308995826143,-0.37733740582938263,-0.1381403162618783,-0.02351982030095111,-0.06353525394048225,-0.2794507908196179,-0.3807534095037414,-0.6017981973078776,1
-0.024982640242416542,0.09079478730160806,-0.040958718697623096,-0.1225464871362082,0.4532367596435899,0.5214982786869293,-0.04920383969698998,0.06534294937591531,0.07049331353238805,0.312714238065048,1
-0.07772376964307377,-0.5019759811262814,-0.18778251243478683,-0.32778057214356016,-0.01986490108078461,-0.02351982030095111,-0.05774478353907123,-0.20545396073199204,-0.27445265024905835,-0.35673277344977333,1
-0.07772376964307377,-0.06611512198812738,-0.09498657538180413,-0.1508601279759872,-0.1775654546555759,0.18745492769435781,-0.06092954225984729,-0.0920971146403099,-0.07354421525770745,0.10351204696666633,1
-0.024982640242416542,0.09951200448437114,-0.03889658676311237,-0.11936160065254353,0.5489835243139991,0.6328460623511191,-0.04630860449628447,0.08266135641770007,0.08537541982804368,0.2947826216851867,1
0.08049961855889791,0.23027026222581734,0.03987685313519739,-0.13315215912681158,-0.6900922537736481,-0.45719013562463906,-0.06121906577991784,-0.018100284552684053,0.12895873112246373,0.3904179090444469,1
-0.07772376964307377,-0.031246253257075064,-0.08756290041756552,-0.13668738312367934,-0.3803233092517365,-0.8088147156168195,-0.057889545299106504,-0.10469231976160791,-0.1277576024775958,-0.01005485677245515,1
0.027758489158240685,0.22155304504305426,0.013687777566911162,-0.1080552536355339,-0.5774490012202257,-0.3634235809600583,-0.06411430098062335,-0.02282348647317081,0.09228496917959808,0.4860531964037071,1
-0.3414294166463599,-0.7634924966091738,-0.24552220660108717,-0.42511070308435284,2.8525380390314887,0.527358688353465,0.011306575997755175,-0.2825995920999424,-0.3903204778366629,-0.6316842246076464,4
-0.07772376964307377,-0.3973693749331244,-0.16551148754207098,-0.28532603531631007,0.5433513616863279,0.9317269553444725,-0.04153146641512037,-0.14326513544558309,-0.19525858460431952,-0.30891512977014324,1
-0.130464899043731,-0.37993494056759824,-0.171285456958701,-0.2579041626919571,-0.1156116657511938,0.7793563040145269,-0.0615085892999884,-0.18734835337012615,-0.21439272127016246,-0.24914307517060563,1
-0.130464899043731,-0.43223824366417674,-0.18118369024435252,-0.2817908113194422,0.12657132723866474,1.20716620967168,-0.05991620993960036,-0.18970995433036952,-0.22555430099190418,-0.27902910247037443,1
-0.130464899043731,-0.3886521577503613,-0.1729351625063096,-0.26188527079653795,-0.008600575825442039,0.6562877010172645,-0.054704786578330444,-0.18419955208980163,-0.2223652782142637,-0.314892335230097,1
-0.130464899043731,-0.42352102648141365,-0.17953398469674392,-0.27780970321486137,0.31243269395181167,1.0606559680082714,-0.05340193073801297,-0.17868914984923376,-0.22555430099190418,-0.30891512977014324,1
-0.130464899043731,-0.41480380929865057,-0.17788427914913535,-0.2738285951102805,-0.03112922633612687,1.0840976066744168,-0.0584685923392476,-0.1920715552906129,-0.22077076682544344,-0.3029379243101895,1
0.18598187736021235,2.174209693981984,0.7315159039700951,0.33015327765188957,-0.6788279285183061,-1.394855682270453,-0.054704786578330444,0.6368503817548128,0.9857428507152088,2.2373743961701593,1
2.9285206061943883,-0.7547752794264108,-0.20634169984538336,-0.43960193658502716,1.6247265861991838,0.7266126170157006,-0.05238859841776604,-0.1857739527299639,-0.2983703210813621,-0.33880115706991204,4
-0.024982640242416542,0.36102851996726354,0.022967371272209432,-0.023815006142603113,0.4926618980372878,0.3867088563565928,-0.04659812801635502,0.18184859674792195,0.1985857284342811,0.5518024564631985,1
4.352531100012133,-0.7460580622436477,-0.17046060418489672,-0.43966563431470046,0.28427188081345606,-1.2893683082727996,-0.04819050737674305,-0.16530674440785462,-0.2824252071931596,-0.314892335230097,4
1.768215759379929,-0.7547752794264108,-0.21995177061315416,-0.43886941269378427,1.2924289911665872,0.3281047596912294,-0.05427050129822462,-0.2259211690541013,-0.3350440830242277,-0.4463908553490798,4
-0.130464899043731,-0.6588858904160169,-0.2240760344821756,-0.38529962203854434,-0.8196319942100841,-0.7267689802853115,-0.03834670769434432,-0.26842998633848214,-0.35470972348634405,-0.5958209918479238,1
-0.07772376964307377,0.735868858826076,0.07575794879568404,0.1746989683842164,-1.0730793124552847,-0.28137784562854945,-0.06527239506090556,-0.06848110503787612,0.2193143764889443,0.3366230599048631,1
-0.130464899043731,-0.3886521577503613,-0.1729351625063096,-0.26188527079653795,-1.1969868902640495,-0.35170276162698555,-0.06295620690034115,-0.2440267764159672,-0.25531851358321545,-0.4583452662689873,1
-0.1832060284443882,-0.5455620670400968,-0.20819761858644303,-0.3181940638277295,-1.5067558347859613,-0.972906186279837,-0.03501718721353298,-0.2731531882589689,-0.33185506024658723,-0.6077754027678314,1
-0.130464899043731,0.2825735653223958,-0.04590783534044884,0.044660053256187535,-0.7971033436993997,-0.7912334866172105,-0.06918096258185799,-0.1133515232825003,-0.05706759757323158,0.2828282107652792,1
0.027758489158240685,0.05592591857055574,-0.029410779864363024,-0.16309009207325956,-0.21135843042160268,0.990331052009836,-0.02748957569169865,-0.012589882312116168,0.14118331843675228,-0.15350778781134544,1
1.979180276982558,2.723394376496058,3.731917868683202,-0.17430089249575925,-1.765835315658833,-4.0496212612114135,-0.030240049132368888,0.544747944305321,0.5701068820293982,0.8925031676805628,5
15.48090940355081,3.255144624644606,28.777747492476685,-0.39252931435646315,-1.720778014637464,-3.8913902002149325,-0.033424807853144944,6.716398453741348,8.684575339735627,12.9485265804073,5
-0.024982640242416542,-0.6065825873194384,-0.20592927345848122,-0.37733740582938263,0.3743864828561941,0.61526483335151,-0.048045745616707776,-0.2196235664934523,-0.29943332867390887,-0.4583452662689873,1
-0.07772376964307377,0.06464313575331881,-0.06714779426590932,-0.09776807029329702,0.5489835243139991,1.1016788356740257,-0.054994310098401,0.032280535932508014,0.057205718625552675,0.3665090872046319,1
-0.07772376964307377,-0.5978653701366753,-0.20819761858644303,-0.3667317338387793,-0.08181868998516703,0.544939917353074,-0.05123050433748383,-0.23536757289507482,-0.30581137422918986,-0.4882312935687561,1
-0.07772376964307377,-0.08354955635365355,-0.09869841286392345,-0.15793057596972282,-0.17193329202790508,0.990331052009836,-0.060495256979741466,-0.09682031656079665,-0.028897896370740576,0.07362601966689752,1
0.027758489158240685,-0.039963470439838146,-0.05436257627194282,-0.19493895690990637,-0.6675636032629638,-0.7091877512857018,-0.06498287154083501,-0.10390511944152679,-0.06397714692478598,0.16926130702615771,1
-0.07772376964307377,-0.11841842508470586,-0.10612208782816206,-0.17210332082203067,-0.03112922633612687,0.5214982786869293,-0.0584685923392476,-0.09288431496039103,-0.07620173423907453,0.04373999236712871,1
-0.07772376964307377,-0.4932587639435183,-0.1859265936937272,-0.3242453481466924,-0.6168741396139237,-0.06454268796670486,-0.06585144210104665,-0.22749556969426357,-0.2717951312676913,-0.3627099789097271,1
-0.07772376964307377,0.26513913095686964,-0.02446166322153728,-0.016394220635664387,-0.21135843042160268,0.43359213368888416,-0.06136382753995313,-0.006292279751467161,0.09919451853115248,0.4442127581840308,1
0.08049961855889791,0.2477046965913435,0.04482596977802313,-0.1278652475639282,-0.6506671153799504,-0.10556555563245924,-0.06179811282005894,-0.006292279751467161,0.18317211834235206,0.46214437456389207,1
-0.07772376964307377,0.029774267022266498,-0.07457146923014794,-0.1119408151456048,-0.25641573144297203,0.6035440140184374,-0.06020573345967092,-0.07556590791860625,0.000866316220570671,0.14535248518634267,1
-0.07772376964307377,-0.4060865921158875,-0.16736740628313063,-0.2888612593131778,0.04772105045126894,0.802797942680673,-0.05745526001900068,-0.17317874760866586,-0.20429414914096758,-0.24914307517060563,1
-0.1832060284443882,-0.7024719763298323,-0.2341804809612782,-0.4000774953227485,-0.20009410516626072,-1.7171782139299514,0.21397304004714085,-0.2715787876188066,-0.37756438672610093,-0.6316842246076464,1
-0.3941705460470171,-0.7199064106953584,-0.24284143508622325,-0.3667317338387793,1.4107044063476808,-0.972906186279837,0.09816363201892046,-0.27787639017945565,-0.3871314550590224,-0.6316842246076464,1
-0.23594715784504544,-0.6327342388677276,-0.22613816641668635,-0.35080730142045585,-0.5267595375711855,0.2284777953601122,-0.061074304019882564,-0.26606838537823874,-0.3493946855236099,-0.5539805536282475,1
-0.23594715784504544,-0.5281276326745706,-0.2112908164882091,-0.28710957174716223,-0.4253806102731056,0.7910771233476003,-0.06831239202164634,-0.24796277801637284,-0.30900039700683035,-0.43443644442917223,1
-0.28868828724570267,-0.37993494056759824,-0.19974287765494905,-0.14802557900552565,-0.5098630496881722,0.2929423016920113,-0.05803430705914178,-0.2377291738553182,-0.2919922755260811,-0.4643224717289411,1
-0.28868828724570267,-0.5194104154918076,-0.21623993313103484,-0.2499419464827954,-1.174458239753365,-0.7326293899518471,-0.06527239506090556,-0.26921718665856326,-0.3414221285795087,-0.5539805536282475,1
-0.3414294166463599,-0.6414514560504907,-0.23397426776782712,-0.313639676156089,0.12657132723866474,0.8965644973452538,-0.06585144210104665,-0.26842998633848214,-0.3621507766341719,-0.5480033481682938,1
-0.1832060284443882,-0.3886521577503613,-0.18221475621160788,-0.23627878346787395,-0.9491717346465199,-0.05868227830016851,-0.062377159860200045,-0.23851637417539934,-0.2643540781198635,-0.440413649889126,1
-0.1832060284443882,-0.5455620670400968,-0.20819761858644303,-0.3181940638277295,-0.7351495547950172,-0.2579362069624041,-0.04934860145702525,-0.2526859799368596,-0.3196304729322987,-0.5420261427083399,1
-0.024982640242416542,0.2825735653223958,0.004408183861612892,-0.052478984495585246,-0.5380238628265278,-1.4358785499362074,-0.06064001873977674,-0.02597228775349531,-0.0437800026663962,0.3426002653648168,1
0.027758489158240685,-0.35378328901930906,-0.13602300087856758,-0.29914844265541474,-0.14377247888954944,-0.6974669319526297,-0.027779099211769208,-0.14247793512550197,-0.20323114154842076,-0.3806415952895884,1
0.027758489158240685,-0.47582432957799214,-0.16777983267003277,-0.33969204759246613,-0.18882977991091815,-1.178020524608609,-0.020830534730075977,-0.186561153050045,-0.27445265024905835,-0.4762768826488486,1
-0.024982640242416542,-0.4496726780297029,-0.16881089863728815,-0.3200094491234184,0.36875432022852295,0.6269856526845827,-0.04819050737674305,-0.1582219415271245,-0.21386121747388906,-0.2969607188502357,1
-0.07772376964307377,-0.46710711239522906,-0.1803588374705482,-0.313639676156089,1.0333495102937158,0.8262395813468177,-0.03921527825455597,-0.14720113704598872,-0.23458986552855224,-0.3328239516099583,1
-0.024982640242416542,0.0733603529360819,-0.045082982566644544,-0.12891626010353754,0.4476045970159185,0.5625211463526824,-0.050361933777272175,0.057470946175104044,0.06464677177338049,0.3186914435250018,1
-0.07772376964307377,-0.5978653701366753,-0.20819761858644303,-0.3667317338387793,0.9038097698572799,1.0137726906759807,-0.04182098993519093,-0.20938996233239768,-0.29783881728508865,-0.4583452662689873,1
-0.024982640242416542,-0.35378328901930906,-0.14612744735767016,-0.2849756978031069,1.0277173476660448,0.9258665456779355,-0.04558479569610809,-0.07556590791860625,-0.14848625053225897,-0.1116673495916691,1
-0.4996528048483316,-0.35378328901930906,-0.2370674656695932,1.119559241493017,-0.4648057486668032,1.259909896670507,0.011306575997755175,-0.27708918985937453,-0.36799731839317945,-0.6257070191476927,1
-0.024982640242416542,-0.571713718588386,-0.1976807457204383,-0.36459785989472393,-0.5718168385925546,0.21089656636050252,-0.06020573345967092,-0.2377291738553182,-0.289334756544714,-0.4523680608090335,1
-0.07772376964307377,-0.46710711239522906,-0.1803588374705482,-0.313639676156089,0.2899040434411272,0.6094044236849737,-0.061074304019882564,-0.18105075080947713,-0.24096791108383322,-0.23121145879074434,1
-0.07772376964307377,-0.5978653701366753,-0.20819761858644303,-0.3667317338387793,0.13220348986633587,0.6680085203503372,-0.050361933777272175,-0.22985717065450695,-0.3036853590440962,-0.4762768826488486,1
-0.07772376964307377,-0.10098399071917971,-0.10241025034604274,-0.1650010239634584,-0.10997950312352267,0.45703377235502884,-0.05861335409928289,-0.0952459159206344,-0.0719497038688872,0.037762786907174946,1
0.027758489158240685,-0.19687337972957358,-0.0951927885752552,-0.24704369978266055,-0.21135843042160268,0.34568598869083905,-0.05702097473889486,-0.09603311624071552,-0.06344564312851256,0.0018995541474523747,1
-0.024982640242416542,-0.4932587639435183,-0.17912155830984178,-0.33593388154174175,-0.008600575825442039,0.46289418202156585,-0.06179811282005894,-0.19285875561069402,-0.24256242247265347,-0.2670746915504669,1
-0.024982640242416542,-0.08354955635365355,-0.08220135738783763,-0.18624421680950182,-0.3071051950920119,0.08196755369670368,-0.06020573345967092,-0.09052271400014765,-0.0544100785918645,0.0915576360467588,1
0.027758489158240685,0.06464313575331881,-0.027142434736401225,-0.16019184537312472,-0.40285195976242105,-0.6974669319526297,-0.05528383361847155,-0.03856749287479333,-0.016141805260178613,0.15132969064629642,1
-0.07772376964307377,-0.06611512198812738,-0.09498657538180413,-0.1508601279759872,0.11530700198332249,0.7910771233476003,-0.056297165938718474,-0.06218350247722711,-0.0331499267409279,0.09753484150671257,1
-0.07772376964307377,-0.17943894536404742,-0.11911351901557964,-0.19684988880010518,-0.14377247888954944,0.5332190980200007,-0.06469334802076446,-0.12043632616323043,-0.10490293923783894,0.0915576360467588,1
0.08049961855889791,-0.04868068762260122,-0.03930901315001451,-0.2180930816461486,-0.487334399177488,-0.04110104930055949,-0.062377159860200045,-0.06454510343747048,0.022657971867780693,0.2529421834655104,1
-0.07772376964307377,-0.06611512198812738,-0.09498657538180413,-0.1508601279759872,0.05898537570661119,0.5508003270196103,-0.056007642418647925,-0.06769390471779499,-0.04909504062913035,0.07362601966689752,1
-0.024982640242416542,-0.2317422484606259,-0.11725760027451998,-0.24038728703180137,-0.41974844764543445,0.6445668816841917,-0.05817906881917705,-0.14247793512550197,-0.09427286331237064,-0.13557617143148415,1
0.027758489158240685,0.10822922166713422,-0.01580070909659223,-0.14570061187245043,-0.44790926078379006,0.25777984369279394,-0.06295620690034115,-0.03305709063422545,0.1002575261236993,0.3963951145044007,1
-0.07772376964307377,-0.06611512198812738,-0.09498657538180413,-0.1508601279759872,0.09277835147263797,0.8789832683456454,-0.05687621297885958,-0.06454510343747048,-0.027303384981920333,0.10351204696666633,1
0.6079109125654701,-0.5542792842228599,-0.1292179654946822,-0.4033897772657597,-0.48170223654981653,0.7793563040145269,-0.062087636340129496,-0.16058354248736786,-0.11500151136703383,-0.13557617143148415,1
0.6079109125654701,-0.3712177233848352,-0.03394747012028662,-0.3730059602115987,-0.27894438195365623,-0.18761129096396803,-0.059192401139423985,-0.028333888713738688,0.020000452886413618,0.288805416225233,1
-0.024982640242416542,-0.31891442028825673,-0.13787891961962725,-0.2722361518684482,-0.1606689667725625,0.6738689300168735,-0.06368001570051753,-0.14641393672590758,-0.14051369358815777,-0.04591808953217772,1
-0.024982640242416542,-0.43223824366417674,-0.1646866347682667,-0.313639676156089,-0.17193329202790508,0.544939917353074,-0.06252192162023533,-0.18183795112955825,-0.20748317191860807,-0.21327984241088305,1
-0.130464899043731,-0.06611512198812738,-0.1118960572447921,-0.1145842709270465,-0.4535414234114609,1.242328667670898,-0.06121906577991784,-0.13932913384517745,-0.046437521647763276,-0.06982691137199278,1
-0.024982640242416542,-0.4845415467607552,-0.17705942637533106,-0.3327489950580771,-0.07055436472982446,0.10540919236284839,-0.06353525394048225,-0.19285875561069402,-0.24894046802793446,-0.24316586971065188,1
-0.07772376964307377,-0.07483233917089047,-0.09684249412286379,-0.154395351972855,-0.1156116657511938,0.8320999910133547,-0.05803430705914178,-0.08816111303990426,-0.034744438129748145,0.04971719782708247,1
0.027758489158240685,-0.6676031075987799,-0.21768342548519237,-0.4033897772657597,0.2899040434411272,1.1368412936732444,-0.057889545299106504,-0.2408779751356427,-0.3196304729322987,-0.4762768826488486,1
0.027758489158240685,-0.7111891935125954,-0.22902515112500135,-0.417881010766434,-0.6675636032629638,1.259909896670507,-0.054704786578330444,-0.2707915872987255,-0.34726867033851627,-0.5838665809280164,1
0.027758489158240685,-0.4060865921158875,-0.14963307164633838,-0.3165379228562239,-0.19446194253858962,0.527358688353465,-0.05427050129822462,-0.16373234376769236,-0.17399843275338292,-0.2551202806305594,1
-0.07772376964307377,-0.12713564226746896,-0.10797800656922171,-0.17563854481889843,0.15473214037702038,0.7559146653483823,-0.05803430705914178,-0.07792750887884962,-0.06610316210987964,0.08558043058680505,1
0.027758489158240685,-0.031246253257075064,-0.05209423114398102,-0.19204071020977154,-0.48170223654981653,-0.12314678463206827,-0.062377159860200045,-0.0771403085587685,-0.009763759704897632,0.19914733432592652,1
-0.07772376964307377,-0.7286236278781215,-0.23603639970233783,-0.41979194265663283,0.7404770536548172,-1.125276837609782,0.10540172002068424,-0.26685558569831985,-0.3770328829298275,-0.6257070191476927,1
-0.024982640242416542,-0.22302503127786283,-0.11519546834000925,-0.23720240054813668,0.819327330442213,1.0606559680082714,-0.04891431617691943,-0.029121089033819814,-0.06557165831360623,0.05569440328703623,1
-0.07772376964307377,-0.46710711239522906,-0.1803588374705482,-0.313639676156089,1.365647105326312,0.8262395813468177,-0.0413867046550851,-0.13224433096444732,-0.23458986552855224,-0.2850063079303282,1
-0.07772376964307377,-0.4845415467607552,-0.18407067495266752,-0.3207101241498246,-0.4535414234114609,-0.8439771736160382,-0.059626686419529805,-0.21883636617337118,-0.2898662603409874,-0.38661880074954214,1
-0.024982640242416542,0.0733603529360819,-0.045082982566644544,-0.12891626010353754,0.5320870364309854,0.9375873650110083,-0.05065145729734273,0.06927895097632093,0.09813151093860564,0.3605318817446781,1
-0.07772376964307377,0.2738563481396327,-0.022605744480477627,-0.012858996638796572,-0.07055436472982446,0.18745492769435781,-0.05817906881917705,0.01732372985096662,0.0789973742727627,0.414326730884262,1
0.027758489158240685,0.09079478730160806,-0.020337399352515828,-0.15149710527272012,0.4926618980372878,0.5683815560192194,-0.04601908097621391,0.10706456634021498,0.1215176779746359,0.3485774708247706,1
0.7661343007674418,0.2477046965913435,0.3611570085319686,-0.29070849347370337,-0.5661846759648835,-0.23449456829625875,-0.06078478049981201,0.3345654588436604,0.7742043397983897,1.7054031102342744,1
-0.024982640242416542,0.31744243405344813,0.012656711599655798,-0.039739438560926515,0.4926618980372878,0.5742419656857557,-0.04876955441688415,0.16453018970613717,0.19752272084173428,0.5697340728430598,1
-0.024982640242416542,-0.039963470439838146,-0.07189069771528399,-0.1703197843911784,-0.20009410516626072,-0.5216546419565394,-0.05702097473889486,-0.06533230375755161,-0.07939075701671501,0.10351204696666633,1
-0.07772376964307377,-0.4060865921158875,-0.16736740628313063,-0.2888612593131778,0.7911665173038573,1.0196331003425176,-0.03820194593430904,-0.13303153128452844,-0.19685309599313977,-0.30891512977014324,1
-0.024982640242416542,-0.43223824366417674,-0.1646866347682667,-0.313639676156089,0.3349613444624962,0.6445668816841917,-0.04587431921617864,-0.15349873960663774,-0.20376264534469415,-0.3029379243101895,1
-0.07772376964307377,-0.3973693749331244,-0.16551148754207098,-0.28532603531631007,0.5546156869416702,0.9317269553444725,-0.04457146337586116,-0.14247793512550197,-0.19525858460431952,-0.2850063079303282,1
-0.07772376964307377,-0.3712177233848352,-0.15994373131889203,-0.2747203633257066,-0.3296338456026964,-0.029380229967486803,-0.0561524041786832,-0.18498675240988277,-0.2186447516403498,-0.3029379243101895,1
-0.07772376964307377,-0.42352102648141365,-0.17107924376524994,-0.29593170730691337,0.3180648565794828,1.0372143293421268,-0.05079621905737801,-0.1645195440877735,-0.2053571567335144,-0.29098351339028194,1
-0.07772376964307377,-0.4409554608469398,-0.17479108124736925,-0.30303400416548565,-0.4253806102731056,0.8907040876787181,-0.06020573345967092,-0.2070283613721543,-0.2191762554366232,-0.33880115706991204,1
0.18598187736021235,2.1829269111647474,0.7344028886784101,0.332446395920128,-0.6168741396139237,-1.1311372472763177,-0.054560024818295166,0.681720799999437,1.1042681972841804,2.368872916289142,1
-0.07772376964307377,0.2912907825051589,-0.018893906998358318,-0.005756699780224367,0.14909997774934924,1.20716620967168,-0.04891431617691943,0.05589654553494179,0.18901866010135965,0.2828282107652792,1
-0.024982640242416542,0.36102851996726354,0.022967371272209432,-0.023815006142603113,0.3969151333668786,0.3515463983573747,-0.049638124977095806,0.16453018970613717,0.19433369806409378,0.5936428946828748,1
-0.1832060284443882,-0.3712177233848352,-0.17932777150329285,-0.2272018569894296,-0.5492881880818701,0.544939917353074,-0.05774478353907123,-0.21804916585329007,-0.2404364072875598,-0.3985732116694497,1
-0.1832060284443882,-0.6327342388677276,-0.2226325421280181,-0.36367424281446115,0.24484674241975846,0.8672624490125721,-0.05065145729734273,-0.2495371786565351,-0.3350440830242277,-0.5300717317884325,1
-0.130464899043731,-0.26661111719167824,-0.14983928483978945,-0.20614975733240606,-0.26204789407064283,0.5625211463526824,-0.05513907185843627,-0.1684555456881791,-0.17293542516083607,-0.26109748609051314,1
-0.130464899043731,-0.3712177233848352,-0.16963575141109244,-0.2539230545873763,-0.036761388963797687,0.5566607366861467,-0.061074304019882564,-0.18105075080947713,-0.21811324784407637,-0.23121145879074434,1
-0.130464899043731,-0.5019759811262814,-0.19438133462522117,-0.313639676156089,-0.18319761728324704,0.023363457031340268,-0.054415263058259895,-0.22041076681353344,-0.2866772375633469,-0.4284592389692185,1
-0.130464899043731,-0.6414514560504907,-0.22077662338695847,-0.37733740582938263,0.6109373132183815,0.7090313880160909,-0.054704786578330444,-0.2400907748155616,-0.33238656404286065,-0.4882312935687561,1
-0.1832060284443882,-0.6414514560504907,-0.2240760344821756,-0.36822863048610166,0.2899040434411272,-0.09970514596592289,-0.059047639379388714,-0.25111157929669736,-0.34833167793106307,-0.5061629099486173,1
-0.1832060284443882,0.09079478730160806,-0.10282267673294489,0.013957747553659998,0.23921457979208732,0.37498803702352074,-0.06353525394048225,-0.061396302157145984,-0.07832774942416819,0.3007598271451405,1
0.08049961855889791,-0.7111891935125954,-0.22737544557739278,-0.41979194265663283,0.4476045970159185,-0.7560710286179931,-0.027779099211769208,-0.2542603805770218,-0.3605562652453516,-0.5778893754680625,1
0.08049961855889791,-0.7111891935125954,-0.22737544557739278,-0.41979194265663283,1.3881757558369963,1.078237197007881,-0.004617217606125122,-0.24166517545572383,-0.3446111513571492,-0.5778893754680625,1
0.08049961855889791,-0.7111891935125954,-0.22737544557739278,-0.41979194265663283,0.6222016384737235,-1.6702949365976612,0.5758774401353296,-0.2518987796167785,-0.3685288221894529,-0.6316842246076464,1
0.08049961855889791,-0.7111891935125954,-0.22737544557739278,-0.41979194265663283,2.3850685409347854,1.259909896670507,0.13001121922668105,-0.2282827700143447,-0.34301663996832893,-0.6077754027678314,1
0.08049961855889791,-0.7199064106953584,-0.22985000389880567,-0.4224672473029112,1.0784068113150849,1.259909896670507,-0.014461017288523864,-0.25111157929669736,-0.3493946855236099,-0.5838665809280164,1
0.08049961855889791,-0.5804309357711491,-0.19025707075619971,-0.37998086161082434,0.27300755555811407,-0.9494645476136917,0.028822748962023522,-0.19758195753118077,-0.30262235145154937,-0.5539805536282475,1
0.18598187736021235,-0.6240170216849645,-0.19520618739902545,-0.4000774953227485,-1.1800904023810361,-1.0432311022782732,-0.04182098993519093,-0.25662198153726523,-0.31272092358074427,-0.5659349645481551,1
-0.024982640242416542,-0.3363488546537829,-0.1420031834886487,-0.27860592483577756,-0.3521624961133809,0.41015049502273815,-0.05687621297885958,-0.16530674440785462,-0.16230534923536777,-0.23121145879074434,1
-0.07772376964307377,-0.571713718588386,-0.20262986236326405,-0.3560942129833392,0.948867070878649,1.259909896670507,-0.048045745616707776,-0.19679475721109965,-0.2792361844155191,-0.3985732116694497,1
-0.024982640242416542,-0.5891481529539122,-0.20180500958945977,-0.3709676328620533,-0.18319761728324704,0.29880271135854763,-0.050361933777272175,-0.22985717065450695,-0.2962443058962684,-0.4762768826488486,1
1.3990278535753284,0.09951200448437114,0.5234467917779628,-0.35408773449863046,-0.487334399177488,-0.5275150516230758,-0.054704786578330444,0.5408119427049154,0.9857428507152088,1.944491328632425,1
-0.024982640242416542,-0.4845415467607552,-0.17705942637533106,-0.3327489950580771,0.2955362060687986,0.7090313880160909,-0.06092954225984729,-0.17554034856890924,-0.23033783515836492,-0.21327984241088305,1
0.027758489158240685,0.0733603529360819,-0.024874089608439426,-0.1572935986729899,-0.2902087072089985,-0.8322563542829648,-0.04949336321706053,-0.018887484872765176,-0.025708873593100087,0.0915576360467588,1
0.08049961855889791,-0.0573979048053643,-0.04178357147142738,-0.22073653742759028,-0.3803233092517365,0.1698736986947488,-0.06121906577991784,-0.05194989831617247,0.0370085743671629,0.2648965943854179,1
1.2408044653733568,0.21283582786029118,0.5521104256676619,-0.33424589170539953,-1.4842271842752768,-2.836516460238392,-0.052533360177801317,0.031493335612426884,0.22569242204422527,0.3007598271451405,1
-0.024982640242416542,0.0733603529360819,-0.045082982566644544,-0.12891626010353754,0.042088887823597806,0.44531295302195617,-0.059626686419529805,0.0015797234493440991,0.0545481996441856,0.4083495254243082,1
-0.07772376964307377,-0.3712177233848352,-0.15994373131889203,-0.2747203633257066,0.6954197526334485,0.9551685940106173,-0.054994310098401,-0.12437232776363606,-0.1809079821049373,-0.12362176051157663,1
-0.07772376964307377,-0.4932587639435183,-0.1859265936937272,-0.3242453481466924,0.5039262232926297,1.160282932339389,-0.058323830579212324,-0.18105075080947713,-0.23884189589873955,-0.2670746915504669,1
-0.024982640242416542,-0.10098399071917971,-0.08632562125685908,-0.19261398977683117,0.07024970096195345,0.4160109046892745,-0.05354669249804824,-0.05431149927641585,-0.03899646849993547,0.06764881420694376,1
0.08049961855889791,-0.7111891935125954,-0.22737544557739278,-0.41979194265663283,-0.4310127729007767,1.259909896670507,-0.04500574865596699,-0.26606838537823874,-0.34301663996832893,-0.5838665809280164,1
0.08049961855889791,-0.4060865921158875,-0.14076590432794225,-0.3269206527929707,-0.06492220210215333,0.37498803702352074,-0.05079621905737801,-0.14326513544558309,-0.16124234164282095,-0.23121145879074434,1
0.027758489158240685,-0.031246253257075064,-0.05209423114398102,-0.19204071020977154,-0.20572626779393155,0.1347112406955301,-0.05817906881917705,-0.040929093835036706,0.01202789594231239,0.2170789507057878,1
0.08049961855889791,0.49178677770870977,0.11411360277758355,-0.05352999703519457,-1.5630774610626723,-3.850367332549178,0.29605295798714204,-0.1621579431275301,-0.27445265024905835,-0.6017981973078776,5
-0.07772376964307377,-0.7199064106953584,-0.2341804809612782,-0.41625671865976505,-0.10997950312352267,-0.5978399676215119,-0.05817906881917705,-0.2707915872987255,-0.37118634117081994,-0.5778893754680625,1
-0.130464899043731,-0.5978653701366753,-0.21252809564891556,-0.3574318653064784,-0.3296338456026964,-0.24035497796279442,-0.06570668034101139,-0.24717557769629173,-0.3276030298763999,-0.4523680608090335,1
-0.07772376964307377,0.2738563481396327,-0.022605744480477627,-0.012858996638796572,0.17162862826003347,0.33982557902430205,-0.05528383361847155,0.053534944574698415,0.09387948056841833,0.4442127581840308,1
0.027758489158240685,0.2477046965913435,0.02049281295079656,-0.09939236239996596,-0.1156116657511938,0.07024673436363099,-0.05079621905737801,0.06770455033615869,0.1560654247324079,0.3605318817446781,1
-0.024982640242416542,-0.458389895212466,-0.17087303057179887,-0.3231943356070831,-0.08181868998516703,-0.4513297259581034,-0.043702892815649506,-0.18498675240988277,-0.254787009786942,-0.3925960062094959,1
0.027758489158240685,0.02105704983950342,-0.03848416037621022,-0.1746512300089624,-0.042393551591469125,0.3867088563565928,-0.0567314512188243,-0.0007818775108992789,0.06358376418083365,0.312714238065048,1
-0.024982640242416542,-0.5978653701366753,-0.2038671415239705,-0.37415251934571797,-0.036761388963797687,0.19917574702743052,-0.059481924659494534,-0.2282827700143447,-0.30262235145154937,-0.4224820335092647,1
-0.07772376964307377,-0.3712177233848352,-0.15994373131889203,-0.2747203633257066,0.013928074685242164,0.4687545916881016,-0.050217172017236904,-0.1645195440877735,-0.19951061497450684,-0.2969607188502357,1
-0.07772376964307377,-0.42352102648141365,-0.17107924376524994,-0.29593170730691337,0.7799021920485151,1.2130266193382162,-0.04254479873536731,-0.1409035344853397,-0.19951061497450684,-0.2969607188502357,1
-0.024982640242416542,-0.6240170216849645,-0.21005353732750268,-0.38370717879671196,0.8024308425591996,0.509777459353856,-0.047032413296460844,-0.2156875648930467,-0.3105949083956506,-0.4523680608090335,1
-0.07772376964307377,-0.3712177233848352,-0.15994373131889203,-0.2747203633257066,0.09277835147263797,0.7734958943479913,-0.05369145425808352,-0.15979634216728672,-0.18781753145649172,-0.24914307517060563,1
-0.07772376964307377,-0.42352102648141365,-0.17107924376524994,-0.29593170730691337,0.4250759465052343,1.1192600646736348,-0.048335269136778325,-0.1590091418472056,-0.20269963775214733,-0.2969607188502357,1
-0.07772376964307377,-0.3886521577503613,-0.16365556880101134,-0.2817908113194422,0.3180648565794828,0.8965644973452538,-0.049927648497166355,-0.1527115392865566,-0.19206956182667903,-0.2670746915504669,1
-0.130464899043731,-0.37993494056759824,-0.171285456958701,-0.2579041626919571,-0.28457654458132736,0.1933153373608935,-0.05977144817956509,-0.19600755689101854,-0.2340583617322788,-0.3029379243101895,1
-0.1832060284443882,-0.5106931983090445,-0.20242364916981298,-0.2999765131411676,-0.4141162850177633,0.4218713143558108,-0.06628572738115249,-0.2377291738553182,-0.2951812983037216,-0.40455041712940343,1
-0.23594715784504544,-0.6327342388677276,-0.22613816641668635,-0.35080730142045585,-0.3071051950920119,-0.5802587386219029,-0.05687621297885958,-0.2629195840979142,-0.35683573867143775,-0.5539805536282475,1
-0.130464899043731,-0.26661111719167824,-0.14983928483978945,-0.20614975733240606,-0.4310127729007767,0.6035440140184374,-0.06368001570051753,-0.17947635016931487,-0.17134091377201585,-0.18339381511111424,1
-0.1832060284443882,-0.6327342388677276,-0.2226325421280181,-0.36367424281446115,0.10404267672798022,0.4218713143558108,-0.05079621905737801,-0.2518987796167785,-0.33982761719068844,-0.5360489372483862,1
-0.130464899043731,-0.5368448498573337,-0.20098015681565548,-0.32956410857441243,-0.6168741396139237,0.34568598869083905,-0.062087636340129496,-0.24245237577580497,-0.2935867869149013,-0.4583452662689873,1
-0.130464899043731,-0.3886521577503613,-0.1729351625063096,-0.26188527079653795,-0.9153787588804931,0.023363457031340268,-0.06396953922058808,-0.22985717065450695,-0.2430939262689269,-0.3925960062094959,1
0.027758489158240685,0.2912907825051589,0.03183453859060555,-0.08490112889929166,-0.6675636032629638,-1.5882492012661522,-0.06179811282005894,-0.022036286153089682,-0.024645866000553258,0.3963951145044007,1
0.027758489158240685,-0.7024719763298323,-0.22675680599703957,-0.4149827640662992,0.5433513616863279,-0.09970514596592289,-0.034582901933427154,-0.2518987796167785,-0.35364671589379726,-0.5659349645481551,1
0.027758489158240685,-0.7111891935125954,-0.22902515112500135,-0.417881010766434,1.3149576416772717,1.259909896670507,-0.030963857932545264,-0.24638837737621058,-0.34726867033851627,-0.5599577590882012,1
0.027758489158240685,-0.24917668282615207,-0.108802859343026,-0.2644331799834697,-0.042393551591469125,-1.0022082346125187,-0.01706672896915882,-0.09760751688087778,-0.17506144034592974,-0.3507555679898196,1
10.628725498690343,3.263861841827369,20.03760750124642,-0.3713179703752564,-1.7827318035418465,-4.190271093208286,0.08137126785482851,3.6998468271904743,3.2648311291356134,1.92058250679261,5
-0.024982640242416542,-0.4496726780297029,-0.16881089863728815,-0.3200094491234184,0.357489994973181,0.9024249070117908,-0.049782886737131084,-0.1590091418472056,-0.20429414914096758,-0.2850063079303282,1
-0.07772376964307377,-0.46710711239522906,-0.1803588374705482,-0.313639676156089,1.0558781608044003,0.8086583523472087,-0.043558131055614235,-0.14641393672590758,-0.23512136932482566,-0.3029379243101895,1
-0.07772376964307377,0.0733603529360819,-0.06529187552484966,-0.09423284629642915,0.689787590005777,1.1075392453405628,-0.049782886737131084,0.05274774425461729,0.06252075658828683,0.2947826216851867,1
-0.07772376964307377,-0.5978653701366753,-0.20819761858644303,-0.3667317338387793,0.6672589394950929,0.4218713143558108,-0.042400036975332026,-0.2156875648930467,-0.30793738941428356,-0.4702996771888948,1
-0.024982640242416542,-0.35378328901930906,-0.14612744735767016,-0.2849756978031069,1.247371690145218,1.1544225226728528,-0.04500574865596699,-0.060609101837064853,-0.1383876784030641,-0.0817813222919003,1
-0.07772376964307377,-0.5804309357711491,-0.20448578110432372,-0.359629436980207,-0.38595547187940765,1.259909896670507,-0.06816763026161107,-0.23930357449548045,-0.28401971858197983,-0.3925960062094959,1
-0.024982640242416542,-0.5978653701366753,-0.2038671415239705,-0.37415251934571797,-0.1156116657511938,-0.16416965229782265,-0.04413717809575533,-0.23064437097458806,-0.3095319008031038,-0.5001857044886636,1
-0.07772376964307377,-0.09226677353641663,-0.10055433160498309,-0.16146579996659063,-0.14377247888954944,0.6680085203503372,-0.05817906881917705,-0.09603311624071552,-0.0544100785918645,0.025808375987267422,1
-0.024982640242416542,-0.20559059691233667,-0.1110712044709878,-0.23083262758080736,-0.25078356881530056,-0.029380229967486803,-0.05745526001900068,-0.11964912584314931,-0.12031654932976799,-0.06982691137199278,1
-0.07772376964307377,-0.4845415467607552,-0.18407067495266752,-0.3207101241498246,0.24484674241975846,0.6855897493499462,-0.062377159860200045,-0.1889227540102884,-0.2473459566391142,-0.24316586971065188,1
-0.07772376964307377,-0.06611512198812738,-0.09498657538180413,-0.1508601279759872,0.3349613444624962,0.8848436780121811,-0.0555733571385421,-0.03935469319487445,-0.026771881185646915,0.15730689610625018,1
-0.024982640242416542,-0.09226677353641663,-0.08426348932234835,-0.18942910329316648,-0.12124382837886462,-0.005938591301341438,-0.05745526001900068,-0.07241710663828174,-0.0650401545173328,0.0915576360467588,1
0.08049961855889791,0.0733603529360819,-0.0046651966502343056,-0.18092545638178179,-0.5718168385925546,-0.9260229089475464,-0.056297165938718474,-0.040929093835036706,-0.00232270655706982,0.16926130702615771,1
-0.024982640242416542,-0.0573979048053643,-0.07601496158430544,-0.17668955735850775,-0.06492220210215333,0.1640132890282118,-0.05702097473889486,-0.05509869959649697,-0.035275941926021556,0.1393752797263889,1
-0.024982640242416542,-0.6850375419643061,-0.22448846086907775,-0.40600138418236476,0.3293291818348254,1.259909896670507,-0.06802286850157578,-0.25111157929669736,-0.3355755868205011,-0.4523680608090335,1
-0.024982640242416542,-0.31891442028825673,-0.13787891961962725,-0.2722361518684482,-0.14377247888954944,0.15229246969513913,-0.061074304019882564,-0.14483953608574535,-0.16549437201300826,-0.09373573321180782,1
-0.07772376964307377,-0.06611512198812738,-0.09498657538180413,-0.1508601279759872,0.22231809190907362,0.8145187620137457,-0.05542859537850682,-0.05116269799609134,-0.03155541535210765,0.11546645788657385,1
-0.024982640242416542,-0.08354955635365355,-0.08220135738783763,-0.18624421680950182,-0.34089817085803864,0.31052353069162036,-0.06078478049981201,-0.09445871560055327,-0.03793346090738863,0.0915576360467588,1
0.08049961855889791,0.10822922166713422,0.005233036635417182,-0.1703197843911784,-0.4310127729007767,-0.12314678463206827,-0.05977144817956509,-0.007079480071548287,0.10291504510506638,0.38444070358449317,1
-0.07772376964307377,-0.06611512198812738,-0.09498657538180413,-0.1508601279759872,0.03082456256825555,0.4746150013546379,-0.0567314512188243,-0.0708427059981195,-0.0544100785918645,0.07960322512685128,1
0.6606520419661274,-0.5542792842228599,-0.1238564224649543,-0.4050459182372654,-0.5098630496881722,1.0254935100090534,-0.06396953922058808,-0.15743474120704334,-0.08895782534963649,-0.08775852775185405,1
0.6606520419661274,-0.3712177233848352,-0.02425545002808621,-0.37596790464140684,-0.30147303246434076,-0.22277374896318605,-0.05817906881917705,-0.019674685192846302,0.03541406297834265,0.288805416225233,1
-0.07772376964307377,-0.0573979048053643,-0.09313065664074448,-0.14732490397911938,-0.4310127729007767,0.7266126170157006,-0.054994310098401,-0.1165003245628248,-0.0331499267409279,-0.09971293867176158,1
-0.024982640242416542,-0.4845415467607552,-0.17705942637533106,-0.3327489950580771,0.10967483935565105,0.6211252430180457,-0.059626686419529805,-0.18419955208980163,-0.232995354139732,-0.26109748609051314,1
-0.07772376964307377,-0.06611512198812738,-0.09498657538180413,-0.1508601279759872,0.008295912057571034,0.8145187620137457,-0.05542859537850682,-0.07320430695836287,-0.03155541535210765,0.04373999236712871,1
0.08049961855889791,-0.6676031075987799,-0.21500265397032842,-0.40654281488458777,0.12657132723866474,1.1485621130063164,-0.056007642418647925,-0.2400907748155616,-0.31272092358074427,-0.4822540881088023,1
0.08049961855889791,-0.7111891935125954,-0.22737544557739278,-0.41979194265663283,-0.37469114662406544,1.259909896670507,-0.048045745616707776,-0.2652811850581576,-0.34301663996832893,-0.5778893754680625,1
0.08049961855889791,-0.41480380929865057,-0.14324046264935514,-0.32956410857441243,-0.0761865273574959,0.017503047364803275,-0.05079621905737801,-0.14720113704598872,-0.18303399729003098,-0.24316586971065188,1
-0.024982640242416542,-0.031246253257075064,-0.06982856578077326,-0.16713489790751374,-0.23951924355995832,0.34568598869083905,-0.06324573042041169,-0.06769390471779499,-0.008169248316077387,0.2648965943854179,1
-0.07772376964307377,-0.11841842508470586,-0.10612208782816206,-0.17210332082203067,0.06461753833428233,0.9668894133436899,-0.05817906881917705,-0.08343791111941751,-0.04856353683285694,0.06764881420694376,1
-0.07772376964307377,-0.7286236278781215,-0.23603639970233783,-0.41979194265663283,1.681048212475895,-0.15244883296474998,0.17054451203655818,-0.25977078281758975,-0.37224934876336674,-0.6257070191476927,1
-0.024982640242416542,-0.21430781409509975,-0.11313333640549852,-0.23401751406447202,0.5996729879630389,1.089958016340953,-0.05007241025720163,-0.044865095435442336,-0.058662108962051825,0.031785581447221184,1
-0.07772376964307377,-0.46710711239522906,-0.1803588374705482,-0.313639676156089,1.2248430396345336,0.9551685940106173,-0.04008384881476762,-0.13854193352509633,-0.23086933895463835,-0.30891512977014324,1
-0.07772376964307377,-0.5891481529539122,-0.20634169984538336,-0.3631965098419115,0.11530700198332249,0.33982557902430205,-0.062087636340129496,-0.22749556969426357,-0.30527987043291643,-0.3985732116694497,1
-0.07772376964307377,-0.039963470439838146,-0.08941881915862517,-0.14025445598538386,0.14909997774934924,0.35740680802391106,-0.05644192769875375,-0.05037549767601022,-0.05015804822167718,0.1393752797263889,1
-0.07772376964307377,-0.5019759811262814,-0.18778251243478683,-0.32778057214356016,0.07588186358962458,0.04094468603094929,-0.05875811585931816,-0.2015179591315864,-0.27285813886023813,-0.3328239516099583,1
0.027758489158240685,0.09079478730160806,-0.020337399352515828,-0.15149710527272012,0.5884086627076967,0.5683815560192194,-0.042400036975332026,0.12123417210167525,0.1215176779746359,0.3067370326050942,1
0.6606520419661274,0.2477046965913435,0.31249069487751546,-0.2776504588906782,-0.4253806102731056,-0.005938591301341438,-0.06020573345967092,0.3377142601239849,0.737530577855524,1.6635626720145982,1
0.027758489158240685,0.30872521687068505,0.03637122884652916,-0.07910463549902193,0.357489994973181,0.11126960202938539,-0.0461638427362492,0.17948699578767857,0.19327069047154696,0.5338708400833372,1
-0.024982640242416542,-0.4060865921158875,-0.1585002389647345,-0.30408501670509497,0.5039262232926297,0.9082853166783265,-0.03820194593430904,-0.13303153128452844,-0.17931347071611706,-0.30891512977014324,1
-0.024982640242416542,-0.36250050620207214,-0.14818957929218088,-0.28816058428677155,-0.21135843042160268,-0.25207579729586777,-0.05571811889857737,-0.16294514344761124,-0.204825652937241,-0.2371886642506981,1
-0.07772376964307377,-0.43223824366417674,-0.1729351625063096,-0.29949878016861786,0.644730288984408,1.2130266193382162,-0.04876955441688415,-0.15113713864639436,-0.20429414914096758,-0.2730518970104207,1
-0.07772376964307377,-0.3973693749331244,-0.16551148754207098,-0.28532603531631007,0.4532367596435899,0.5508003270196103,-0.047032413296460844,-0.14798833736606984,-0.20907768330742832,-0.27902910247037443,1
-0.07772376964307377,-0.3712177233848352,-0.15994373131889203,-0.2747203633257066,0.013928074685242164,0.2343382050266479,-0.050217172017236904,-0.1645195440877735,-0.2085461795111549,-0.2969607188502357,1
-0.07772376964307377,-0.41480380929865057,-0.1692233250241903,-0.29239648331004564,0.34059350709016734,1.1192600646736348,-0.050217172017236904,-0.16058354248736786,-0.1979161035856866,-0.2850063079303282,1
-0.024982640242416542,-0.41480380929865057,-0.16056237089924524,-0.3072699031887597,-0.2902087072089985,0.3808484466900564,-0.057889545299106504,-0.1834123517697205,-0.20429414914096758,-0.27902910247037443,1
0.7133931713667846,2.1829269111647474,1.4355277464120573,0.010167732638099036,-0.8872179457421375,-1.857828045926824,-0.05137526609751911,1.064300155558864,1.637366504946416,3.205681680682669,1
-0.024982640242416542,0.35231130278450046,0.020905239337698705,-0.02699989262626778,0.6616267768674213,0.4160109046892745,-0.043992416335720055,0.20940060795076137,0.19752272084173428,0.5518024564631985,1
-0.23594715784504544,-0.6676031075987799,-0.2310872830595121,-0.37201864540166263,-1.354687443838841,-1.2190433922743629,-0.06585144210104665,-0.280237991139699,-0.3701233335782731,-0.6017981973078776,1
-0.1832060284443882,-0.6240170216849645,-0.2211890497738606,-0.35915170400765734,-1.405376907487881,-1.951594600591405,-0.059047639379388714,-0.27630198953929336,-0.3637452880229921,-0.5958209918479238,1
-0.1832060284443882,-0.41480380929865057,-0.1865452332740804,-0.2499419464827954,-0.4253806102731056,0.4218713143558108,-0.05224383665773076,-0.22041076681353344,-0.26010204774967616,-0.440413649889126,1
-0.1832060284443882,-0.5106931983090445,-0.20242364916981298,-0.2999765131411676,-0.5718168385925546,-0.4161672679588847,-0.05890287761935344,-0.24245237577580497,-0.3116579159881974,-0.4762768826488486,1
-0.1832060284443882,-0.6414514560504907,-0.2240760344821756,-0.36822863048610166,-0.7182530669120039,-0.885000041281792,-0.054560024818295166,-0.26685558569831985,-0.3563042348751643,-0.5719121700081088,1
-0.1832060284443882,-0.5804309357711491,-0.21397158800307306,-0.3363797656494549,-1.5518131358073302,-1.4358785499362074,-0.07033905666214019,-0.27630198953929336,-0.34780017413478964,-0.5719121700081088,1
-0.1832060284443882,-0.7111891935125954,-0.2356239733154357,-0.40463188299438896,-1.1688260771256938,-1.5648075626000069,-0.06396953922058808,-0.2810251914597801,-0.3786273943186477,-0.6077754027678314,1
-0.1832060284443882,-0.7634924966091738,-0.24428492744038074,-0.4319263601593953,0.7404770536548172,0.8438208103464274,0.011306575997755175,-0.2825995920999424,-0.3871314550590224,-0.6316842246076464,1
-0.23594715784504544,-0.6850375419643061,-0.23356184138092495,-0.38265616625710264,-0.9660682225295335,0.36912762735698373,-0.07120762722235185,-0.27787639017945565,-0.36427679181926553,-0.5778893754680625,1
-0.1832060284443882,0.2738563481396327,-0.07250933729563722,0.10950434206360035,-0.5211273749435145,-1.0432311022782732,-0.06411430098062335,-0.10390511944152679,-0.1208480531260414,0.14535248518634267,1
0.027758489158240685,-0.5978653701366753,-0.19953666446149798,-0.38023565252951746,0.560247849569341,-0.38686521962620296,0.014201811198460687,-0.20309235977174867,-0.30581137422918986,-0.5480033481682938,1
0.027758489158240685,-0.7024719763298323,-0.22675680599703957,-0.4149827640662992,0.8249594930698841,-0.09970514596592289,0.033020840003046496,-0.24796277801637284,-0.35364671589379726,-0.6017981973078776,1
-0.024982640242416542,-0.7111891935125954,-0.23067485667260995,-0.4155560436333588,0.1772607908877049,-0.4982130032903941,-0.03212195201282747,-0.2629195840979142,-0.36427679181926553,-0.5898437863879701,1
0.027758489158240685,-0.7111891935125954,-0.22902515112500135,-0.417881010766434,2.018977970136162,1.195445390338608,0.06443414193070128,-0.2377291738553182,-0.34780017413478964,-0.6017981973078776,1
0.027758489158240685,-0.7199064106953584,-0.23129349625296317,-0.4207792574665689,0.560247849569341,-1.7816427202618512,0.4311156801000541,-0.25977078281758975,-0.37437536394846044,-0.6316842246076464,1
0.027758489158240685,-0.7111891935125954,-0.22902515112500135,-0.417881010766434,1.827484440795344,1.195445390338608,0.0571960539289375,-0.2400907748155616,-0.34780017413478964,-0.6017981973078776,1
-0.07772376964307377,-0.6065825873194384,-0.21005353732750268,-0.37026695783564706,0.5208227111756435,1.259909896670507,-0.052533360177801317,-0.22277236777377682,-0.2983703210813621,-0.4463908553490798,1
-0.07772376964307377,-0.46710711239522906,-0.1803588374705482,-0.313639676156089,0.7742700294208439,0.6797293396834092,-0.0490590779369547,-0.1590091418472056,-0.23884189589873955,-0.29098351339028194,1
0.027758489158240685,0.0733603529360819,-0.024874089608439426,-0.1572935986729899,0.1603643030046915,-0.04110104930055949,-0.05224383665773076,0.04881174265421166,0.051890680662818524,0.3426002653648168,1
-0.07772376964307377,-0.35378328901930906,-0.15623189383677272,-0.2676499153319711,1.258636015400561,1.2481890773374342,-0.047032413296460844,-0.08265071079933638,-0.16017933405027412,-0.1116673495916691,1
-0.07772376964307377,-0.10098399071917971,-0.10241025034604274,-0.1650010239634584,-0.22262275567694526,0.6504272913507275,-0.059626686419529805,-0.10626672040177017,-0.05972511655459865,0.01983117052731366,1
-0.130464899043731,-0.6588858904160169,-0.2240760344821756,-0.38529962203854434,-1.270205004423774,1.259909896670507,-0.05137526609751911,-0.27551478921921224,-0.3345125792279543,-0.6017981973078776,1
0.5551697831648129,0.14309809039818655,0.211858656473392,-0.2802620658072832,-1.309630142817472,-2.27977754191744,-0.06121906577991784,-0.05037549767601022,0.07421384010630196,0.2708737998453717,1
-0.130464899043731,-0.571713718588386,-0.20757897900608982,-0.34548854099273585,-0.40285195976242105,1.1075392453405628,-0.06932572434189327,-0.2432395760958861,-0.29464979450744816,-0.3985732116694497,1
-0.130464899043731,-0.46710711239522906,-0.18778251243478683,-0.29771524373776564,0.5433513616863279,0.5859627850188284,-0.059192401139423985,-0.1826251514496394,-0.25850753636085594,-0.26109748609051314,1
-0.07772376964307377,-0.676320324781543,-0.2249008872559799,-0.39858059867542606,0.2166859292814028,1.259909896670507,-0.06643048914118777,-0.2534731802569407,-0.33663859441304794,-0.4762768826488486,1
-0.130464899043731,-0.4496726780297029,-0.18448310133956966,-0.28975302752860393,-0.10997950312352267,-0.16416965229782265,-0.062087636340129496,-0.20466676041191093,-0.2717951312676913,-0.30891512977014324,1
-0.07772376964307377,-0.4845415467607552,-0.18407067495266752,-0.3207101241498246,-0.3296338456026964,0.6445668816841917,-0.06672001266125831,-0.2133259639328033,-0.24840896423166103,-0.2850063079303282,1
-0.07772376964307377,-0.676320324781543,-0.2249008872559799,-0.39858059867542606,0.2166859292814028,1.259909896670507,-0.0672990597013994,-0.2534731802569407,-0.33663859441304794,-0.4702996771888948,1
-0.07772376964307377,-0.2317422484606259,-0.13024903146193756,-0.2180930816461486,-0.3972197971347499,0.011642637698267585,-0.06092954225984729,-0.15507314024679997,-0.15699031127263363,-0.13557617143148415,1
-0.07772376964307377,0.1256636560326604,-0.05415636307849175,-0.0729896534503858,-0.487334399177488,0.6973105686830189,-0.062087636340129496,-0.080289109839093,0.05561120723673243,0.18121571794606522,1
0.027758489158240685,-0.12713564226746896,-0.07704602755156081,-0.22388957504641835,-0.5549203507095413,-0.6212816062876566,-0.05991620993960036,-0.11256432296241917,-0.0963988784974643,0.0018995541474523747,1
-0.130464899043731,-0.6327342388677276,-0.21912691783934987,-0.3733562977248018,-0.3352660082303675,-0.6388628352872663,-0.056297165938718474,-0.255047580897103,-0.3451426551534226,-0.5300717317884325,1
-0.07772376964307377,-0.06611512198812738,-0.09498657538180413,-0.1508601279759872,-0.3352660082303675,-0.04110104930055949,-0.062087636340129496,-0.10862832136201354,-0.08895782534963649,0.06764881420694376,1
-0.130464899043731,-0.6414514560504907,-0.22077662338695847,-0.37733740582938263,-1.1969868902640495,0.43359213368888416,-0.01764577600929992,-0.2723659879388878,-0.3355755868205011,-0.6137526082277851,5
-0.130464899043731,-0.676320324781543,-0.22737544557739278,-0.39326183824770605,0.5658800121970121,1.259909896670507,-0.06672001266125831,-0.2526859799368596,-0.34301663996832893,-0.4702996771888948,1
-0.130464899043731,-0.31891442028825673,-0.15973751812544096,-0.23003640595989117,-0.1775654546555759,0.6094044236849737,-0.06628572738115249,-0.17554034856890924,-0.19366407321549928,-0.11764455505162287,1
0.027758489158240685,-0.039963470439838146,-0.05436257627194282,-0.19493895690990637,-0.5661846759648835,0.6855897493499462,-0.06498287154083501,-0.09052271400014765,0.05401669584791219,0.22903336162569532,1
-0.024982640242416542,-0.676320324781543,-0.22242632893456704,-0.4028164976987001,-0.008600575825442039,1.259909896670507,-0.0672990597013994,-0.2534731802569407,-0.33026054885776696,-0.4702996771888948,1
-0.024982640242416542,-0.2317422484606259,-0.11725760027451998,-0.24038728703180137,-0.6619314406352926,0.6621481106838009,-0.06339049218044697,-0.16373234376769236,-0.0932098557198238,-0.12362176051157663,1
-0.07772376964307377,-0.6937547591470692,-0.2286127247380992,-0.40565104666916163,-1.2645728417961029,-1.5413659239338615,0.004068487995991401,-0.27787639017945565,-0.3690603259857263,-0.6257070191476927,5
0.08049961855889791,0.10822922166713422,0.005233036635417182,-0.1703197843911784,-0.6281384648692659,0.11126960202938539,-0.0644038245006939,-0.040141893514955576,0.12895873112246373,0.4262811418041695,1
0.08049961855889791,0.0036226154739772577,-0.02446166322153728,-0.2021686492278252,-1.0449184993169292,-0.40444644862581264,-0.062232398100164774,-0.13224433096444732,0.016811430108773125,-0.022009267692362673,1
0.08049961855889791,-0.5542792842228599,-0.1828333957919611,-0.37201864540166263,-0.8139998315824132,0.7148917976826279,-0.06643048914118777,-0.23300597193483144,-0.2436254300652003,-0.3806415952895884,1
0.08049961855889791,-0.42352102648141365,-0.145715020970768,-0.33220756435585413,-0.44790926078379006,-0.26379661662894044,-0.06020573345967092,-0.17632754888899038,-0.20057362256705366,-0.22523425333079058,1
-0.07772376964307377,-0.07483233917089047,-0.09684249412286379,-0.154395351972855,-0.45917358603913233,0.24019861469318424,-0.057889545299106504,-0.12358512744355493,-0.07407571905398086,-0.07580411683194653,1
-0.130464899043731,-0.5542792842228599,-0.20427956791087265,-0.33752632478357414,0.008295912057571034,0.9493081843440815,-0.06411430098062335,-0.22749556969426357,-0.289334756544714,-0.3806415952895884,1
-0.07772376964307377,-0.37993494056759824,-0.16179965005995167,-0.2782555873225744,-0.01986490108078461,0.36912762735698373,-0.06092954225984729,-0.16924274600826025,-0.20748317191860807,-0.189371020571068,1
-0.07772376964307377,-0.4845415467607552,-0.18407067495266752,-0.3207101241498246,-0.03112922633612687,0.45703377235502884,-0.06454858626072918,-0.2007307588115053,-0.25372400219439517,-0.26109748609051314,1
0.08049961855889791,-0.5542792842228599,-0.1828333957919611,-0.37201864540166263,-0.5211273749435145,0.2636402533593296,-0.05803430705914178,-0.22041076681353344,-0.25638152117576224,-0.40455041712940343,1
0.08049961855889791,-0.4060865921158875,-0.14076590432794225,-0.3269206527929707,-0.2282549183046164,0.023363457031340268,-0.052967645457907137,-0.15507314024679997,-0.1777189593272968,-0.24316586971065188,1
-0.130464899043731,-0.12713564226746896,-0.12344399607805216,-0.14245202765911244,0.02519239994058442,0.9961914616763716,-0.06179811282005894,-0.11177712264233805,-0.0894893291459099,0.04971719782708247,1
0.027758489158240685,-0.031246253257075064,-0.05209423114398102,-0.19204071020977154,-0.44790926078379006,-0.49235259362385775,-0.06136382753995313,-0.07320430695836287,-0.04165398748130254,0.187192923406019,1
-0.130464899043731,-0.7286236278781215,-0.23727367886304426,-0.4171484868751911,1.2079465517515202,0.1640132890282118,0.011306575997755175,-0.26606838537823874,-0.3733123563559136,-0.6137526082277851,1
-0.07772376964307377,-0.22302503127786283,-0.12839311272087792,-0.2145578576492808,0.689787590005777,1.1661433420059262,-0.052822883697871865,-0.06533230375755161,-0.0926783519235504,0.01983117052731366,1
-0.130464899043731,-0.46710711239522906,-0.18778251243478683,-0.29771524373776564,1.0727746486874132,0.9317269553444725,-0.04601908097621391,-0.16137074280744898,-0.24947197182420786,-0.3208695406900508,1
-0.130464899043731,-0.7111891935125954,-0.23397426776782712,-0.4091862706660295,-0.6675636032629638,-0.662304473953411,-0.06686477442129357,-0.27551478921921224,-0.37118634117081994,-0.5778893754680625,1
-0.130464899043731,-0.5978653701366753,-0.21252809564891556,-0.3574318653064784,0.07024970096195345,0.3515463983573747,-0.06281144514030587,-0.2377291738553182,-0.31856746533975183,-0.43443644442917223,1
-0.07772376964307377,0.08207757011884498,-0.06343595678379002,-0.0906976222995614,0.5208227111756435,0.7090313880160909,-0.05166478961758966,0.03542933721283252,0.03488255918206924,0.288805416225233,1
-0.07772376964307377,0.2738563481396327,-0.022605744480477627,-0.012858996638796572,-0.26204789407064283,-0.05282186863363282,-0.05991620993960036,-0.011802681992035043,0.05507970344045902,0.3724862926645856,1
-0.07772376964307377,0.09079478730160806,-0.06158003804273036,-0.08716239830269364,0.5320870364309854,0.7207522073491636,-0.04775622209663722,0.04015253913331927,0.04019759714480339,0.2170789507057878,1
0.027758489158240685,0.2477046965913435,0.02049281295079656,-0.09939236239996596,-0.442277098156119,0.07610714403016669,-0.06121906577991784,0.007877326009993108,0.15659692852868132,0.49203040186366087,1
-0.07772376964307377,0.31744243405344813,-0.013326150775179357,0.004848972210379025,0.5489835243139991,0.7148917976826279,-0.04891431617691943,0.12753177466232427,0.1528764019547674,0.4740987854837996,1
-0.130464899043731,-0.6588858904160169,-0.2240760344821756,-0.38529962203854434,-0.5661846759648835,-1.3538328146046992,-0.04659812801635502,-0.2644939847380765,-0.36108776904162504,-0.5778893754680625,1
-0.130464899043731,-0.16200451099852126,-0.1300428182684865,-0.15837646007743586,-0.22262275567694526,-0.05282186863363282,-0.06353525394048225,-0.1409035344853397,-0.1596478302540007,-0.027986473152316435,1
-0.130464899043731,-0.3973693749331244,-0.17458486805391818,-0.2658663789011188,0.4870297354096167,0.9610290036771543,-0.043702892815649506,-0.1621579431275301,-0.21651873645525613,-0.33880115706991204,1
-0.130464899043731,-0.36250050620207214,-0.16798604586348387,-0.2499419464827954,-0.2282549183046164,0.5859627850188284,-0.061074304019882564,-0.1889227540102884,-0.21332971367761563,-0.26109748609051314,1
-0.130464899043731,-0.43223824366417674,-0.18118369024435252,-0.2817908113194422,0.22795025453674475,1.242328667670898,-0.057889545299106504,-0.18498675240988277,-0.22449129339935736,-0.2850063079303282,1
-0.07772376964307377,-0.3886521577503613,-0.16365556880101134,-0.2817908113194422,0.4419724343882476,0.6504272913507275,-0.04326860753554368,-0.14562673640582646,-0.20110512636332709,-0.3029379243101895,1
-0.130464899043731,-0.3712177233848352,-0.16963575141109244,-0.2539230545873763,-0.25078356881530056,0.6504272913507275,-0.0584685923392476,-0.1920715552906129,-0.21492422506643588,-0.3029379243101895,1
-0.130464899043731,-0.41480380929865057,-0.17788427914913535,-0.2738285951102805,0.12093916461099362,0.9082853166783265,-0.054849548338365715,-0.18498675240988277,-0.2260858047881776,-0.314892335230097,1
2.190144794585187,3.23771019027908,4.696170761260418,-0.1586949487258023,-0.994229035667889,-3.147118172564818,0.07673889153369969,3.3385218802732375,2.7620285378609624,1.7532207539139046,5
1.4517689829759857,-0.17072172818128434,0.30135518243115755,-0.3823695264735728,-1.7433066651481486,-4.237154370540576,0.19414067892230807,-0.1645195440877735,-0.3063428780254633,-0.5898437863879701,5
1.3462867241746712,0.7184344244605498,1.0297001817003462,-0.2888612593131778,-1.354687443838841,-2.6255417122430837,-0.01996196416986433,0.33613985948382263,0.7146759146157672,0.3426002653648168,5
-0.1832060284443882,-0.7024719763298323,-0.2341804809612782,-0.4000774953227485,-1.270205004423774,-3.205722269230181,0.04025892800481027,-0.2810251914597801,-0.38606844746647556,-0.6316842246076464,5
0.9243576889694135,-0.5106931983090445,-0.06817886023316469,-0.4057784421285083,0.6954197526334485,-0.23449456829625875,0.01839990223948368,0.04802454233413053,-0.05015804822167718,-0.2969607188502357,3
0.9770988183700707,-0.5106931983090445,-0.061786251236181436,-0.40698869899230083,0.5320870364309854,-0.3458423519604492,0.010293243677508243,0.03936533881323815,-0.046969025444036694,-0.27902910247037443,3
