0.5183246073298429,0.0,1.0,0.0,1.0,0.75,0.5,0.0,0.45517241379310347,0.5772357723577235,0.5175438596491233,0.4711538461538458,0.3293250581846392,0.5,0.19999999999999996,0.2436548223350254,0.8,0.4642857142857142,0.6333333333333333,0.1875,0.35526315789473684,0.5510204081632655,0.2647058823529411,0.33333333333333326,0.2950096866858174,5
0.5183246073298429,0.0,1.0,0.0,1.0,0.75,0.0,0.0,0.4413793103448276,0.5772357723577235,0.5350877192982466,0.4711538461538458,0.5182311869666407,0.5,0.3999999999999999,0.38071065989847713,0.8,0.4642857142857142,0.6333333333333333,0.0625,0.4407894736842105,0.5510204081632655,0.08823529411764708,0.11111111111111105,0.41191796379183654,5
0.486910994764398,0.0,1.0,0.0,1.0,0.75,0.5,0.0,0.6620689655172414,0.8390243902439023,0.9736842105263159,0.6057692307692308,0.525989138867339,0.5,0.3999999999999999,0.38071065989847713,0.8,0.4642857142857142,0.6333333333333333,0.09375,0.4078947368421052,0.5510204081632655,0.11764705882352944,0.19444444444444442,0.42060257866256934,4
0.486910994764398,0.0,1.0,1.0,1.0,0.75,0.5,0.0,0.6620689655172414,0.8390243902439023,0.9736842105263159,0.625,0.6198603568657874,0.5,0.3999999999999999,0.3553299492385787,0.8,0.4214285714285715,0.6333333333333333,0.08125000000000004,0.6052631578947368,0.5510204081632655,0.05882352941176472,0.05555555555555558,0.6265281581936002,4
0.6649214659685865,0.058823529411764705,1.0,0.0,0.0,0.75,1.0,0.0,0.5034482758620689,0.5804878048780493,0.39473684210526283,0.4711538461538458,0.35182311869666405,0.5,0.19999999999999996,0.23857868020304568,0.8,0.6857142857142857,0.3476190476190477,0.11250000000000004,0.3486842105263158,0.6734693877551019,0.23529411764705888,0.30555555555555547,0.37784755160665373,5
0.6649214659685865,0.058823529411764705,1.0,0.0,1.0,0.75,1.0,0.0,0.5034482758620689,0.5804878048780493,0.39473684210526283,0.4711538461538458,0.35182311869666405,0.5,0.19999999999999996,0.23857868020304568,0.8,0.6857142857142857,0.3476190476190477,0.11250000000000004,0.3486842105263158,0.6734693877551019,0.23529411764705888,0.30555555555555547,0.3943817222259336,3
0.6439790575916231,0.058823529411764705,1.0,0.0,0.0,0.75,1.0,0.0,0.5034482758620689,0.5804878048780493,0.39473684210526283,0.4711538461538458,0.474010861132661,0.5,0.6000000000000001,0.5228426395939085,0.8,0.55,0.5333333333333334,0.125,0.48026315789473684,0.04081632653061229,0.17647058823529416,0.2777777777777777,0.5294942881956043,3
0.6439790575916231,0.058823529411764705,1.0,0.0,1.0,0.75,1.0,0.0,0.5034482758620689,0.5804878048780493,0.39473684210526283,0.4711538461538458,0.495345228859581,0.5,0.6000000000000001,0.5228426395939085,0.8,0.55,0.5333333333333334,0.125,0.48026315789473684,0.04081632653061229,0.17647058823529416,0.2777777777777777,0.5340036074554079,3
0.29319371727748694,0.11764705882352941,1.0,0.0,0.0,0.5,0.5,0.0,0.062068965517241725,0.0,0.0,0.36538461538461586,0.0,0.25,0.0,0.0,0.2,0.26428571428571446,0.4571428571428571,0.15625,0.0,0.3877551020408163,0.9411764705882353,0.9722222222222221,0.0011022780412853206,5
0.1727748691099476,0.11764705882352941,1.0,0.0,0.0,0.5,0.5,0.0,0.27241379310344804,0.2406504065040651,0.28947368421052655,0.25,0.14972847168347558,0.5,0.19999999999999996,0.14720812182741116,0.2,0.34999999999999987,0.49523809523809526,0.16249999999999998,0.14473684210526316,0.5102040816326532,0.6764705882352942,0.6944444444444444,0.03931458347250985,4
0.08376963350785338,0.11764705882352941,1.0,0.0,1.0,0.75,0.5,0.0,0.27241379310344804,0.28780487804878074,0.28947368421052655,0.25,0.1633048875096974,0.5,0.19999999999999996,0.14720812182741116,0.2,0.34999999999999987,0.49523809523809526,0.16249999999999998,0.14473684210526316,0.5102040816326532,0.6764705882352942,0.6944444444444444,0.0486672456409914,3
0.27748691099476436,0.1764705882352941,1.0,0.0,0.0,0.5,0.5,0.0,0.2448275862068967,0.2634146341463417,0.30701754385964897,0.13461538461538414,0.15050426687354534,0.5,0.19999999999999996,0.14720812182741116,0.2,0.30714285714285716,0.5523809523809524,0.150625,0.13157894736842102,0.5510204081632655,0.6470588235294117,0.6388888888888888,0.01516467365889504,4
0.27748691099476436,0.1764705882352941,1.0,0.0,0.0,0.5,0.5,0.0,0.2448275862068967,0.2634146341463417,0.30701754385964897,0.13461538461538414,0.15050426687354534,0.5,0.19999999999999996,0.14720812182741116,0.2,0.30714285714285716,0.5523809523809524,0.15000000000000002,0.13157894736842102,0.5510204081632655,0.47058823529411764,0.5555555555555556,0.042053577393279445,4
0.27748691099476436,0.1764705882352941,1.0,1.0,0.0,0.5,0.5,0.0,0.2448275862068967,0.2634146341463417,0.30701754385964897,0.13461538461538414,0.24825446082234293,0.5,0.19999999999999996,0.18781725888324868,0.8,0.34999999999999987,0.6285714285714288,0.03749999999999998,0.35526315789473684,0.5510204081632655,0.2647058823529411,0.33333333333333326,0.0948293139154252,4
0.43455497382198954,0.1764705882352941,1.0,0.0,1.0,0.5,0.5,0.0,0.2448275862068967,0.2634146341463417,0.30701754385964897,0.11538461538461586,0.18580294802172226,0.5,0.19999999999999996,0.14720812182741116,0.2,0.30714285714285716,0.5523809523809524,0.15000000000000002,0.13157894736842102,0.5510204081632655,0.47058823529411764,0.5555555555555556,0.03711002738993921,4
0.43455497382198954,0.1764705882352941,1.0,0.0,1.0,0.75,0.5,0.0,0.2448275862068967,0.2634146341463417,0.30701754385964897,0.11538461538461586,0.1943366951124903,0.5,0.19999999999999996,0.14720812182741116,0.2,0.30714285714285716,0.5523809523809524,0.15000000000000002,0.13157894736842102,0.5510204081632655,0.47058823529411764,0.5555555555555556,0.05257532233282117,4
0.43455497382198954,0.1764705882352941,1.0,0.0,1.0,0.75,0.5,0.0,0.2448275862068967,0.2634146341463417,0.30701754385964897,0.11538461538461586,0.1943366951124903,0.5,0.19999999999999996,0.14720812182741116,0.2,0.30714285714285716,0.5523809523809524,0.15000000000000002,0.13157894736842102,0.5510204081632655,0.47058823529411764,0.5555555555555556,0.08320529093459816,4
0.23560209424083772,0.1764705882352941,1.0,0.0,1.0,1.0,0.5,0.0,0.5758620689655172,0.5447154471544717,0.3771929824561404,1.0,0.40612878200155156,0.5,0.19999999999999996,0.3096446700507614,0.2,0.5714285714285714,0.661904761904762,0.09375,0.26315789473684215,0.346938775510204,0.2647058823529411,0.33333333333333326,0.12702919366691162,1
0.41884816753926707,0.1764705882352941,1.0,1.0,0.0,0.5,0.5,0.0,0.3206896551724139,0.5219512195121951,0.5263157894736841,0.07692307692307754,0.513188518231187,0.5,0.19999999999999996,0.482233502538071,0.6000000000000001,0.7571428571428573,0.8714285714285714,0.0,0.638157894736842,0.346938775510204,0.11764705882352944,0.16666666666666663,0.26207495490680743,6
0.3769633507853403,0.23529411764705882,1.0,0.0,0.0,0.5,0.5,0.0,0.0,0.056910569105691255,0.3157894736842106,0.13461538461538414,0.08727695888285492,0.5,0.19999999999999996,0.15736040609137053,0.0,0.26428571428571446,0.6380952380952383,0.16249999999999998,0.06578947368421051,0.26530612244897966,1.0,1.0,0.04546061861179773,5
0.3769633507853403,0.23529411764705882,1.0,0.0,0.0,0.5,0.5,0.0,0.0,0.056910569105691255,0.3157894736842106,0.13461538461538414,0.12839410395655548,0.5,0.19999999999999996,0.15736040609137053,0.0,0.26428571428571446,0.6380952380952383,0.13749999999999996,0.1842105263157895,0.7551020408163265,0.47058823529411764,0.5555555555555556,0.058019907809472915,5
0.1884816753926702,0.23529411764705882,1.0,0.0,0.0,0.5,0.5,0.0,0.2448275862068967,0.14471544715447182,0.3245614035087723,0.3076923076923084,0.1353762606671839,0.5,0.19999999999999996,0.09137055837563451,0.0,0.26428571428571446,0.4761904761904763,0.19374999999999998,0.07894736842105265,0.5510204081632655,0.6764705882352942,0.6666666666666665,0.00938606453336896,4
0.1884816753926702,0.23529411764705882,1.0,0.0,0.0,0.5,0.5,0.0,0.2448275862068967,0.14471544715447182,0.3245614035087723,0.3076923076923084,0.1753297129557797,0.5,0.19999999999999996,0.15736040609137053,0.0,0.26428571428571446,0.6380952380952383,0.13749999999999996,0.1842105263157895,0.7551020408163265,0.4411764705882353,0.4444444444444444,0.04713073685616942,4
0.1884816753926702,0.23529411764705882,1.0,0.0,0.0,0.5,0.5,0.0,0.2448275862068967,0.14471544715447182,0.3245614035087723,0.3076923076923084,0.18153607447633824,0.5,0.19999999999999996,0.15736040609137053,0.0,0.26428571428571446,0.6380952380952383,0.13749999999999996,0.1842105263157895,0.7551020408163265,0.4411764705882353,0.4444444444444444,0.06717215578862984,4
0.23560209424083772,0.23529411764705882,1.0,0.0,1.0,0.75,0.5,0.0,0.3413793103448275,0.36260162601626034,0.3245614035087723,0.49038461538461586,0.20248254460822346,0.5,0.19999999999999996,0.15736040609137053,0.0,0.26428571428571446,0.6380952380952383,0.13749999999999996,0.1842105263157895,0.7551020408163265,0.4411764705882353,0.4444444444444444,0.07271694835994388,3
0.0680628272251309,0.23529411764705882,1.0,0.0,1.0,1.0,0.5,0.0,0.3413793103448275,0.26016260162601634,0.3157894736842106,0.8557692307692308,0.20791311093871212,0.5,0.19999999999999996,0.15736040609137053,0.0,0.2714285714285716,0.6380952380952383,0.13749999999999996,0.1842105263157895,0.7551020408163265,0.4411764705882353,0.4444444444444444,0.07271694835994388,3
0.21465968586387435,0.23529411764705882,1.0,0.0,0.0,0.5,0.5,0.0,0.3413793103448275,0.4292682926829272,0.42982456140350944,0.375,0.29014740108611325,0.5,0.19999999999999996,0.2487309644670051,0.0,0.4357142857142857,0.7190476190476192,0.125,0.25,0.6734693877551019,0.3529411764705882,0.41666666666666663,0.09275836729240433,3
0.21465968586387435,0.23529411764705882,1.0,0.0,0.0,0.5,0.5,0.0,0.3413793103448275,0.4292682926829272,0.42982456140350944,0.375,0.3107059736229635,0.5,0.19999999999999996,0.2487309644670051,0.0,0.4357142857142857,0.7190476190476192,0.125,0.25,0.6734693877551019,0.3529411764705882,0.41666666666666663,0.13284120515732517,3
0.10471204188481675,0.23529411764705882,1.0,0.0,1.0,0.75,0.5,0.0,0.3413793103448275,0.5577235772357727,0.42982456140350944,0.45192307692307754,0.31652443754848725,0.5,0.19999999999999996,0.2487309644670051,0.0,0.4357142857142857,0.7190476190476192,0.125,0.25,0.6734693877551019,0.3529411764705882,0.41666666666666663,0.12449061393546662,3
0.10471204188481675,0.23529411764705882,1.0,0.0,1.0,0.75,0.5,0.0,0.3413793103448275,0.5577235772357727,0.19298245614035103,0.45192307692307754,0.34290147401086113,0.5,0.19999999999999996,0.2487309644670051,0.0,0.4357142857142857,0.7190476190476192,0.125,0.25,0.6734693877551019,0.3529411764705882,0.41666666666666663,0.172924043022246,3
0.10471204188481675,0.23529411764705882,1.0,0.0,1.0,0.75,0.5,0.0,0.3413793103448275,0.5577235772357727,0.42982456140350944,0.45192307692307754,0.3789759503491078,0.5,0.19999999999999996,0.2487309644670051,0.8,0.4357142857142857,0.7190476190476192,0.125,0.3486842105263158,0.6734693877551019,0.2647058823529411,0.2777777777777777,0.2614403099739462,3
0.21989528795811514,0.23529411764705882,1.0,0.0,0.0,0.75,0.5,0.0,0.3413793103448275,0.4552845528455287,0.5,0.1538461538461542,0.3122575640031032,0.5,0.19999999999999996,0.2487309644670051,0.2,0.4357142857142857,0.7190476190476192,0.13124999999999998,0.3421052631578947,0.5510204081632655,0.2941176470588235,0.36111111111111105,0.1745941612666177,4
0.41884816753926707,0.29411764705882354,1.0,0.0,1.0,0.75,1.0,0.0,0.9103448275862069,0.9512195121951219,0.8157894736842097,0.32692307692307665,1.0,0.0,0.6000000000000001,1.0,0.8,0.7785714285714287,1.0,0.06874999999999998,0.8421052631578948,0.24489795918367352,0.0,0.02777777777777779,0.9062729641258601,3
0.20418848167539266,0.3529411764705882,1.0,0.0,0.0,0.5,0.5,0.0,0.22413793103448265,0.29268292682926855,0.3421052631578956,0.45192307692307754,0.15593483320403412,0.5,0.19999999999999996,0.15228426395939082,0.2,0.34999999999999987,0.5142857142857142,0.125,0.13157894736842102,0.346938775510204,0.4411764705882353,0.36111111111111105,0.0025719820963324147,4
0.20418848167539266,0.3529411764705882,1.0,0.0,0.0,0.5,0.5,0.0,0.22413793103448265,0.29268292682926855,0.3421052631578956,0.45192307692307754,0.15981380915438326,0.5,0.19999999999999996,0.15228426395939082,0.2,0.34999999999999987,0.5142857142857142,0.125,0.13157894736842102,0.346938775510204,0.47058823529411764,0.5555555555555556,0.032634110495023044,4
0.20418848167539266,0.3529411764705882,1.0,0.0,0.0,0.5,0.5,0.0,0.22413793103448265,0.29268292682926855,0.3421052631578956,0.45192307692307754,0.16175329712955777,0.5,0.19999999999999996,0.15228426395939082,0.2,0.34999999999999987,0.5142857142857142,0.125,0.13157894736842102,0.346938775510204,0.47058823529411764,0.5555555555555556,0.05601576591622687,4
0.2513089005235602,0.3529411764705882,1.0,0.0,1.0,0.75,0.5,0.0,0.22413793103448265,0.41788617886178914,0.3421052631578956,0.45192307692307754,0.17726920093095422,0.5,0.19999999999999996,0.15228426395939082,0.2,0.34999999999999987,0.5142857142857142,0.125,0.13157894736842102,0.346938775510204,0.47058823529411764,0.5555555555555556,0.052675529427483464,4
0.2513089005235602,0.3529411764705882,1.0,0.0,1.0,0.75,0.5,0.0,0.22413793103448265,0.41788617886178914,0.3421052631578956,0.45192307692307754,0.17920868890612873,0.5,0.19999999999999996,0.15228426395939082,0.2,0.3857142857142859,0.5142857142857142,0.125,0.13157894736842102,0.346938775510204,0.47058823529411764,0.5555555555555556,0.07605718484868729,4
0.3350785340314136,0.3529411764705882,1.0,0.0,0.0,0.5,0.5,0.0,0.4206896551724135,0.5967479674796752,0.5438596491228074,0.4134615384615392,0.3479441427463149,0.5,0.19999999999999996,0.3096446700507614,0.2,0.6071428571428574,0.6285714285714288,0.09999999999999998,0.23684210526315785,0.26530612244897966,0.32352941176470584,0.38888888888888884,0.12449061393546662,4
0.2617801047120419,0.3529411764705882,1.0,0.0,1.0,0.75,0.5,0.0,0.4206896551724135,0.5967479674796752,0.5438596491228074,0.5865384615384617,0.3576415826221877,0.5,0.19999999999999996,0.3096446700507614,0.2,0.6071428571428574,0.6285714285714288,0.09999999999999998,0.23684210526315785,0.26530612244897966,0.32352941176470584,0.38888888888888884,0.11279978622486475,3
0.3350785340314136,0.3529411764705882,1.0,0.0,0.0,0.5,0.5,0.0,0.4206896551724135,0.5967479674796752,0.5438596491228074,0.4134615384615392,0.3479441427463149,0.5,0.19999999999999996,0.3096446700507614,0.2,0.6071428571428574,0.6285714285714288,0.09999999999999998,0.23684210526315785,0.26530612244897966,0.32352941176470584,0.38888888888888884,0.1829447524884762,4
0.2617801047120419,0.3529411764705882,1.0,0.0,1.0,0.75,0.5,0.0,0.4206896551724135,0.5967479674796752,0.5438596491228074,0.5865384615384617,0.3576415826221877,0.5,0.19999999999999996,0.3096446700507614,0.2,0.6071428571428574,0.6285714285714288,0.09999999999999998,0.23684210526315785,0.26530612244897966,0.32352941176470584,0.38888888888888884,0.17125392477787427,3
0.2617801047120419,0.3529411764705882,1.0,0.0,1.0,0.5,0.5,0.0,0.4206896551724135,0.5967479674796752,0.5438596491228074,0.5865384615384617,0.36346004654771136,0.5,0.19999999999999996,0.3096446700507614,0.2,0.6071428571428574,0.6285714285714288,0.09999999999999998,0.23684210526315785,0.26530612244897966,0.32352941176470584,0.38888888888888884,0.2046562896653083,3
0.27748691099476436,0.3529411764705882,1.0,0.0,1.0,0.75,1.0,0.0,0.6310344827586207,0.551219512195122,0.5087719298245608,0.48076923076923084,0.45849495733126444,0.5,0.19999999999999996,0.40101522842639586,0.8,0.8714285714285712,0.5190476190476192,0.0625,0.4736842105263158,0.346938775510204,0.11764705882352944,0.25,0.43964192664840673,3
0.14659685863874344,0.4117647058823529,0.0,1.0,1.0,0.75,1.0,0.0,0.806896551724138,0.8097560975609759,0.8771929824561404,0.6826923076923075,0.7862684251357641,0.5,0.3999999999999999,0.6192893401015227,0.4,0.7428571428571431,0.7476190476190478,0.90625,0.49342105263157887,0.08163265306122436,0.20588235294117652,0.19444444444444442,0.682543924109827,1
0.14659685863874344,0.4117647058823529,0.0,1.0,1.0,1.0,1.0,0.0,0.806896551724138,0.8097560975609759,0.8771929824561404,0.89423076923077,0.8774243599689682,0.5,0.3999999999999999,0.6192893401015227,0.4,0.7428571428571431,0.7476190476190478,0.90625,0.49342105263157887,0.08163265306122436,0.20588235294117652,0.19444444444444442,0.7725966998463492,1
0.14659685863874344,0.4117647058823529,0.0,1.0,0.0,0.25,1.0,0.0,0.693103448275862,0.7544715447154475,0.8771929824561404,0.5288461538461542,0.7785104732350658,0.5,0.3999999999999999,0.6192893401015227,0.4,0.7428571428571431,0.7476190476190478,0.90625,0.49342105263157887,0.08163265306122436,0.20588235294117652,0.19444444444444442,0.7701917295744539,3
0.14659685863874344,0.4117647058823529,0.0,1.0,1.0,0.75,1.0,0.0,0.9999999999999996,1.0,1.0,0.6634615384615383,0.8851823118696664,0.5,0.3999999999999999,0.6192893401015227,0.4,0.7428571428571431,0.7476190476190478,0.90625,0.49342105263157887,0.08163265306122436,0.20588235294117652,0.19444444444444442,0.884561426949028,1
0.4031413612565445,0.4117647058823529,1.0,0.0,0.0,0.0,1.0,0.0,0.34482758620689635,0.6373983739837401,0.8947368421052628,0.13461538461538414,0.8522110162916989,1.0,1.0,0.8781725888324874,0.8,0.6571428571428573,0.4904761904761905,0.08125000000000004,0.7039473684210525,0.24489795918367352,0.02941176470588236,0.0,1.0,6
0.5026178010471205,0.47058823529411764,1.0,0.0,0.0,0.5,0.5,0.0,0.2448275862068967,0.2634146341463417,0.359649122807018,0.13461538461538414,0.16679596586501166,0.5,0.19999999999999996,0.15736040609137053,0.2,0.30714285714285716,0.5523809523809524,0.15000000000000002,0.13157894736842102,0.5510204081632655,0.6470588235294117,0.6388888888888888,0.009052040884494628,5
0.5026178010471205,0.47058823529411764,1.0,0.0,0.0,0.5,0.5,0.0,0.2448275862068967,0.2634146341463417,0.359649122807018,0.13461538461538414,0.17688130333591934,0.5,0.19999999999999996,0.15736040609137053,0.2,0.30714285714285716,0.5523809523809524,0.15000000000000002,0.13157894736842102,0.5510204081632655,0.47058823529411764,0.5555555555555556,0.035773932794441854,5
0.5026178010471205,0.47058823529411764,1.0,0.0,0.0,0.5,0.5,0.0,0.2448275862068967,0.2634146341463417,0.359649122807018,0.13461538461538414,0.20015515903801395,0.5,0.19999999999999996,0.15736040609137053,0.2,0.30714285714285716,0.5523809523809524,0.15000000000000002,0.13157894736842102,0.5510204081632655,0.47058823529411764,0.5555555555555556,0.05180706794041018,5
0.5026178010471205,0.47058823529411764,1.0,1.0,0.0,0.5,0.5,0.0,0.2206896551724138,0.2634146341463417,0.30701754385964897,0.13461538461538414,0.25484871993793634,0.5,0.19999999999999996,0.18781725888324868,1.0,0.34999999999999987,0.6285714285714288,0.03749999999999998,0.35526315789473684,0.5510204081632655,0.2647058823529411,0.33333333333333326,0.08587748012559288,4
0.4607329842931937,0.47058823529411764,1.0,1.0,0.0,0.5,0.5,0.0,0.3344827586206893,0.5186991869918702,0.44736842105263275,0.0,0.34212567882079126,0.5,0.19999999999999996,0.2487309644670051,1.0,0.44999999999999996,0.661904761904762,0.03125,0.4473684210526315,0.5510204081632655,0.23529411764705888,0.33333333333333326,0.16170084842006816,6
0.4607329842931937,0.47058823529411764,1.0,0.0,0.0,0.5,0.5,0.0,0.3344827586206893,0.5186991869918702,0.44736842105263275,0.0,0.32583397982932505,0.5,0.19999999999999996,0.3096446700507614,0.2,0.5785714285714285,0.661904761904762,0.09375,0.26315789473684215,0.346938775510204,0.2941176470588235,0.38888888888888884,0.11293339568441446,6
0.3141361256544503,0.47058823529411764,1.0,0.0,1.0,0.75,0.5,0.0,0.3344827586206893,0.5089430894308946,0.44736842105263275,0.21153846153846168,0.34018619084561674,0.5,0.19999999999999996,0.3096446700507614,0.2,0.5785714285714285,0.661904761904762,0.09375,0.26315789473684215,0.346938775510204,0.2941176470588235,0.38888888888888884,0.06249582470438908,4
0.3141361256544503,0.47058823529411764,1.0,0.0,1.0,0.75,0.5,0.0,0.3344827586206893,0.5089430894308946,0.44736842105263275,0.21153846153846168,0.3557020946470132,0.5,0.19999999999999996,0.3096446700507614,0.2,0.5785714285714285,0.661904761904762,0.09375,0.26315789473684215,0.346938775510204,0.2941176470588235,0.38888888888888884,0.10257866256930992,4
0.3141361256544503,0.47058823529411764,1.0,1.0,1.0,0.75,0.5,0.0,0.3344827586206893,0.5089430894308946,0.44736842105263275,0.21153846153846168,0.3549262994569433,0.5,0.19999999999999996,0.2487309644670051,1.0,0.44999999999999996,0.661904761904762,0.03125,0.4473684210526315,0.5510204081632655,0.23529411764705888,0.33333333333333326,0.13898724029661302,4
0.3769633507853403,0.47058823529411764,1.0,0.0,1.0,0.75,0.5,0.0,0.3344827586206893,0.5089430894308946,0.44736842105263275,0.21153846153846168,0.3549262994569433,0.5,0.19999999999999996,0.2487309644670051,1.0,0.44999999999999996,0.661904761904762,0.03125,0.4473684210526315,0.5510204081632655,0.23529411764705888,0.33333333333333326,0.13898724029661302,1
0.3298429319371728,0.5294117647058824,1.0,0.0,0.0,0.75,0.5,0.0,0.27241379310344804,0.3934959349593501,0.30701754385964897,0.49038461538461586,0.15554693560899924,0.5,0.19999999999999996,0.18274111675126903,0.2,0.4357142857142857,0.5809523809523811,0.15000000000000002,0.1381578947368421,0.4285714285714286,0.47058823529411764,0.5277777777777777,0.012726301022112363,4
0.3298429319371728,0.5294117647058824,0.0,0.0,0.0,0.75,0.5,0.0,0.27241379310344804,0.3934959349593501,0.30701754385964897,0.49038461538461586,0.20519782777346784,0.5,0.19999999999999996,0.21319796954314724,0.4,0.32142857142857184,0.6666666666666667,0.9312499999999999,0.046052631578947345,0.26530612244897966,0.8823529411764706,0.8888888888888888,0.06617008484200682,4
0.3298429319371728,0.5294117647058824,1.0,0.0,0.0,0.75,0.5,0.0,0.27241379310344804,0.3934959349593501,0.30701754385964897,0.49038461538461586,0.16679596586501166,0.5,0.19999999999999996,0.18274111675126903,0.2,0.4357142857142857,0.5809523809523811,0.15000000000000002,0.1381578947368421,0.4285714285714286,0.47058823529411764,0.5277777777777777,0.051139020642661515,4
0.29842931937172773,0.5294117647058824,1.0,0.0,1.0,0.75,0.5,0.0,0.27241379310344804,0.3934959349593501,0.30701754385964897,0.49038461538461586,0.17455391776570983,0.5,0.19999999999999996,0.18274111675126903,0.2,0.4357142857142857,0.5809523809523811,0.15000000000000002,0.1381578947368421,0.4285714285714286,0.47058823529411764,0.5277777777777777,0.05781949362014832,4
0.19895287958115188,0.5294117647058824,1.0,0.0,1.0,1.0,0.5,0.0,0.27241379310344804,0.47317073170731705,0.30701754385964897,0.39423076923076916,0.20791311093871212,0.5,0.19999999999999996,0.18274111675126903,0.2,0.4357142857142857,0.5809523809523811,0.15000000000000002,0.1381578947368421,0.4285714285714286,0.47058823529411764,0.5277777777777777,0.07452067606386534,4
0.3298429319371728,0.5294117647058824,1.0,0.0,0.0,0.75,0.5,0.0,0.27241379310344804,0.3934959349593501,0.30701754385964897,0.49038461538461586,0.17959658650116372,0.5,0.19999999999999996,0.18274111675126903,0.2,0.4357142857142857,0.5809523809523811,0.15000000000000002,0.1381578947368421,0.4285714285714286,0.47058823529411764,0.5277777777777777,0.07285055781949362,4
0.3298429319371728,0.5294117647058824,1.0,0.0,0.0,0.5,0.5,0.0,0.27241379310344804,0.39837398373983746,0.30701754385964897,0.375,0.20946470131885186,0.5,0.19999999999999996,0.18274111675126903,0.2,0.4357142857142857,0.5809523809523811,0.15000000000000002,0.1381578947368421,0.4285714285714286,0.47058823529411764,0.5277777777777777,0.08955174026321067,4
0.29842931937172773,0.5294117647058824,1.0,0.0,1.0,0.75,0.5,0.0,0.27241379310344804,0.3934959349593501,0.30701754385964897,0.49038461538461586,0.1873545384018619,0.5,0.19999999999999996,0.18274111675126903,0.2,0.4357142857142857,0.5809523809523811,0.15000000000000002,0.1381578947368421,0.4285714285714286,0.47058823529411764,0.5277777777777777,0.07953103079698043,4
0.19895287958115188,0.5294117647058824,1.0,0.0,1.0,1.0,0.5,0.0,0.27241379310344804,0.47317073170731705,0.30701754385964897,0.39423076923076916,0.212955779674166,0.5,0.19999999999999996,0.18274111675126903,0.2,0.4357142857142857,0.5809523809523811,0.15000000000000002,0.1381578947368421,0.4285714285714286,0.47058823529411764,0.5277777777777777,0.09623221324069747,4
0.5392670157068062,0.5294117647058824,1.0,0.0,0.0,0.25,0.5,0.0,0.29310344827586166,0.34634146341463445,0.30701754385964897,0.375,0.20170674941815359,0.5,0.19999999999999996,0.18274111675126903,0.2,0.4357142857142857,0.5809523809523811,0.15000000000000002,0.1381578947368421,0.4285714285714286,0.47058823529411764,0.5277777777777777,0.10458280446255597,5
0.21465968586387435,0.5294117647058824,1.0,0.0,1.0,0.5,0.5,0.0,0.3655172413793104,0.5252032520325205,0.42982456140350944,0.509615384615385,0.3242823894491854,0.5,0.19999999999999996,0.299492385786802,0.2,0.5642857142857143,0.6666666666666667,0.09375,0.3223684210526315,0.4285714285714286,0.3529411764705882,0.4444444444444444,0.12796445988375976,3
0.21465968586387435,0.5294117647058824,1.0,0.0,1.0,0.75,0.5,0.0,0.3655172413793104,0.5252032520325205,0.42982456140350944,0.509615384615385,0.3157486423584174,0.5,0.19999999999999996,0.299492385786802,0.2,0.5642857142857143,0.6666666666666667,0.09375,0.3223684210526315,0.4285714285714286,0.3529411764705882,0.4444444444444444,0.14800587881622018,3
0.3298429319371728,0.5294117647058824,1.0,0.0,1.0,0.75,0.5,0.0,0.4758620689655175,0.6601626016260163,0.5438596491228074,0.5480769230769234,0.6233514352211016,1.0,0.6000000000000001,0.6091370558375635,0.8,0.6357142857142859,0.5714285714285716,0.125,0.6842105263157895,0.4285714285714286,0.05882352941176472,0.11111111111111105,0.2799452201215846,3
0.22513089005235604,0.5294117647058824,1.0,0.0,1.0,1.0,0.5,0.0,0.4758620689655175,0.7073170731707319,0.5438596491228074,0.6442307692307692,0.7013188518231186,1.0,0.6000000000000001,0.6091370558375635,0.8,0.6357142857142859,0.5714285714285716,0.125,0.6842105263157895,0.4285714285714286,0.05882352941176472,0.11111111111111105,0.3100073485202752,3
0.22513089005235604,0.5294117647058824,1.0,0.0,1.0,0.75,0.5,0.0,0.4758620689655175,0.7073170731707319,0.5438596491228074,0.5480769230769234,0.6097750193948797,1.0,0.6000000000000001,0.6091370558375635,0.8,0.6357142857142859,0.5714285714285716,0.125,0.6842105263157895,0.4285714285714286,0.11764705882352944,0.19444444444444442,0.2799452201215846,3
0.675392670157068,0.5294117647058824,1.0,0.0,0.0,0.5,1.0,0.0,0.16206896551724137,0.4813008130081302,0.666666666666667,0.028846153846154188,0.6140418929402638,1.0,0.6000000000000001,0.6091370558375635,0.8,0.6357142857142859,0.5714285714285716,0.125,0.7368421052631579,0.4285714285714286,0.11764705882352944,0.19444444444444442,0.4035339702050905,6
0.675392670157068,0.5294117647058824,1.0,1.0,0.0,0.5,1.0,0.0,0.16206896551724137,0.4813008130081302,0.666666666666667,0.028846153846154188,0.6404189294026377,1.0,0.6000000000000001,0.6091370558375635,0.8,0.6357142857142859,0.5714285714285716,0.04999999999999999,0.9999999999999999,0.4285714285714286,0.05882352941176472,0.13888888888888884,0.4870398824236756,6
0.869109947643979,0.5294117647058824,1.0,0.0,0.0,0.5,1.0,0.0,0.43448275862068986,0.6081300813008133,0.666666666666667,0.028846153846154188,0.6404189294026377,1.0,0.6000000000000001,0.6091370558375635,0.8,0.6357142857142859,0.5714285714285716,0.125,0.7368421052631579,0.4285714285714286,0.11764705882352944,0.19444444444444442,0.44361680807001136,4
0.5026178010471205,0.5882352941176471,1.0,0.0,1.0,0.75,1.0,0.0,0.7344827586206897,0.7414634146341466,0.7105263157894743,0.7019230769230775,0.5942591155934833,0.25,0.19999999999999996,0.299492385786802,0.8,0.6571428571428573,0.5333333333333334,0.08750000000000002,0.3223684210526315,0.346938775510204,0.11764705882352944,0.16666666666666663,0.2265348386665776,3
0.5026178010471205,0.5882352941176471,0.0,1.0,1.0,0.75,1.0,0.0,0.7344827586206897,0.7414634146341466,0.7105263157894743,0.7019230769230775,0.6629169899146625,0.25,0.19999999999999996,0.4619289340101523,0.4,0.828571428571429,0.6904761904761905,0.875,0.3092105263157895,0.0,0.38235294117647056,0.41666666666666663,0.26995791302024186,3
0.5026178010471205,0.5882352941176471,1.0,0.0,1.0,0.75,1.0,0.0,0.7344827586206897,0.7414634146341466,0.7105263157894743,0.7019230769230775,0.6155934833204033,0.25,0.19999999999999996,0.299492385786802,0.8,0.6571428571428573,0.05714285714285716,0.08750000000000002,0.3092105263157895,0.346938775510204,0.11764705882352944,0.16666666666666663,0.3494555414523348,3
0.5026178010471205,0.5882352941176471,0.0,1.0,1.0,0.75,1.0,0.0,0.7344827586206897,0.7414634146341466,0.7105263157894743,0.7019230769230775,0.6842513576415825,0.25,0.19999999999999996,0.4619289340101523,0.4,0.828571428571429,0.6904761904761905,0.875,0.3092105263157895,0.0,0.38235294117647056,0.41666666666666663,0.39354666310374775,3
0.5026178010471205,0.5882352941176471,1.0,0.0,1.0,0.75,1.0,0.0,0.7344827586206897,0.7414634146341466,0.7105263157894743,0.7019230769230775,0.6155934833204033,0.25,0.19999999999999996,0.299492385786802,0.8,0.6571428571428573,0.5333333333333334,0.08750000000000002,0.3223684210526315,0.346938775510204,0.11764705882352944,0.16666666666666663,0.3845280245841406,3
0.5026178010471205,0.5882352941176471,0.0,1.0,1.0,0.75,1.0,0.0,0.7344827586206897,0.7414634146341466,0.7105263157894743,0.7019230769230775,0.6842513576415825,0.25,0.19999999999999996,0.4619289340101523,0.4,0.828571428571429,0.6904761904761905,0.875,0.3092105263157895,0.0,0.38235294117647056,0.41666666666666663,0.4286191462355535,3
0.5026178010471205,0.5882352941176471,1.0,1.0,1.0,0.75,1.0,0.0,0.7379310344827585,0.7414634146341466,0.7017543859649118,0.634615384615385,0.6369278510473235,0.25,0.19999999999999996,0.3705583756345177,0.8,0.7642857142857145,0.5428571428571429,0.0,0.6184210526315789,0.5918367346938773,0.08823529411764708,0.16666666666666663,0.4352996192130403,3
0.28272251308900526,0.6470588235294118,1.0,0.0,0.0,0.5,0.5,0.0,0.2448275862068967,0.2634146341463417,0.30701754385964897,0.13461538461538414,0.16679596586501166,0.5,0.19999999999999996,0.14720812182741116,0.2,0.30714285714285716,0.5523809523809524,0.15000000000000002,0.13157894736842102,0.5510204081632655,0.6470588235294117,0.6388888888888888,0.01516467365889504,4
0.28272251308900526,0.6470588235294118,1.0,1.0,0.0,0.5,0.5,0.0,0.2448275862068967,0.2634146341463417,0.30701754385964897,0.13461538461538414,0.24825446082234293,0.5,0.19999999999999996,0.18781725888324868,1.0,0.34999999999999987,0.6285714285714288,0.03749999999999998,0.35526315789473684,0.5510204081632655,0.2647058823529411,0.33333333333333326,0.0948293139154252,4
0.04712041884816753,0.6470588235294118,1.0,0.0,1.0,1.0,0.5,0.0,0.5758620689655172,0.5447154471544717,0.3771929824561404,1.0,0.40612878200155156,0.5,0.19999999999999996,0.3096446700507614,0.2,0.5785714285714285,0.661904761904762,0.09375,0.26315789473684215,0.346938775510204,0.2647058823529411,0.33333333333333326,0.12702919366691162,1
0.6335078534031413,0.7058823529411764,1.0,0.0,0.0,0.5,1.0,0.0,0.27241379310344804,0.45203252032520336,0.7017543859649118,0.07692307692307754,0.5003878975950349,0.5,0.19999999999999996,0.45685279187817257,0.8,1.0000000000000002,0.49523809523809526,0.15625,0.625,0.5510204081632655,0.11764705882352944,0.25,0.5644999665976351,6
0.44502617801047123,0.7647058823529411,1.0,0.0,0.0,0.5,0.5,0.0,0.43103448275862055,0.7398373983739837,0.5438596491228074,0.6442307692307692,0.45384018619084565,0.5,0.19999999999999996,0.3045685279187817,0.8,0.7142857142857142,0.4761904761904763,0.14437500000000003,0.4078947368421052,0.4489795918367345,0.17647058823529416,0.2777777777777777,0.2248647204222059,6
0.20418848167539266,0.7647058823529411,1.0,0.0,1.0,0.75,0.5,0.0,0.43103448275862055,0.7398373983739837,0.5438596491228074,0.6442307692307692,0.46819239720713735,0.5,0.19999999999999996,0.3045685279187817,0.8,0.7142857142857142,0.4761904761904763,0.14375000000000004,0.4078947368421052,0.4489795918367345,0.17647058823529416,0.2777777777777777,0.2355534771861848,5
0.44502617801047123,0.7647058823529411,1.0,0.0,0.0,0.5,0.5,0.0,0.43103448275862055,0.7398373983739837,0.5438596491228074,0.6442307692307692,0.47284716834755613,0.5,0.19999999999999996,0.3045685279187817,0.8,0.0,0.0,0.14375000000000004,0.4078947368421052,0.4489795918367345,0.17647058823529416,0.2777777777777777,0.3314182644131205,6
0.20418848167539266,0.7647058823529411,1.0,0.0,1.0,0.75,0.5,0.0,0.43103448275862055,0.7398373983739837,0.5438596491228074,0.6442307692307692,0.4926299456943366,0.5,0.19999999999999996,0.3045685279187817,0.8,0.7142857142857142,0.4761904761904763,0.14375000000000004,0.4078947368421052,0.4489795918367345,0.17647058823529416,0.2777777777777777,0.3471173759102144,5
0.44502617801047123,0.7647058823529411,1.0,1.0,0.0,0.5,0.5,0.0,0.43103448275862055,0.7398373983739837,0.5438596491228074,0.6442307692307692,0.5120248254460822,0.0,0.19999999999999996,0.3045685279187817,0.8,0.7142857142857142,0.4761904761904763,0.125,0.7368421052631579,0.5510204081632655,0.11764705882352944,0.2222222222222222,0.4352996192130403,6
0.20418848167539266,0.7647058823529411,1.0,1.0,1.0,0.75,0.5,0.0,0.43103448275862055,0.7398373983739837,0.5438596491228074,0.6442307692307692,0.5271528316524436,0.0,0.19999999999999996,0.3045685279187817,0.8,0.7142857142857142,0.4761904761904763,0.125,0.7368421052631579,0.5510204081632655,0.11764705882352944,0.2222222222222222,0.4509987307101343,5
0.09424083769633507,0.8235294117647058,1.0,0.0,0.0,0.5,0.5,0.0,0.2448275862068967,0.25691056910569143,0.27192982456140413,0.4134615384615392,0.2179984484096199,0.75,0.19999999999999996,0.18274111675126903,0.2,0.7714285714285716,0.13809523809523805,0.125,0.1381578947368421,0.30612244897959173,0.47058823529411764,0.5,0.0,5
0.09424083769633507,0.8235294117647058,1.0,0.0,0.0,0.5,0.5,0.0,0.2448275862068967,0.2731707317073173,0.28947368421052655,0.4134615384615392,0.24515128006206366,0.75,0.19999999999999996,0.23857868020304568,0.2,0.7714285714285716,0.2714285714285716,0.10624999999999996,0.16447368421052633,0.1020408163265305,0.32352941176470584,0.36111111111111105,0.06463357605718487,5
0.09424083769633507,0.8235294117647058,1.0,0.0,0.0,0.5,0.0,0.0,0.23103448275862037,0.2634146341463417,0.30701754385964897,0.6057692307692308,0.2916989914662529,0.75,0.19999999999999996,0.23857868020304568,0.2,0.7714285714285716,0.2714285714285716,0.10624999999999996,0.16447368421052633,0.1020408163265305,0.32352941176470584,0.36111111111111105,0.08300487674527357,5
0.19371727748691098,0.8235294117647058,1.0,0.0,1.0,0.75,0.5,0.0,0.3655172413793104,0.5024390243902439,0.44736842105263275,0.29807692307692335,0.25484871993793634,0.75,0.19999999999999996,0.23857868020304568,0.2,0.7714285714285716,0.2714285714285716,0.15625,0.22368421052631582,0.26530612244897966,0.5,0.5277777777777777,0.06707194869396754,3
0.19371727748691098,0.8235294117647058,1.0,0.0,1.0,0.75,0.5,0.0,0.3655172413793104,0.5024390243902439,0.44736842105263275,0.29807692307692335,0.2723041117145074,0.75,0.19999999999999996,0.23857868020304568,0.2,0.7714285714285716,0.2714285714285716,0.15625,0.22368421052631582,0.1020408163265305,0.38235294117647056,0.41666666666666663,0.08875008350591224,3
0.19371727748691098,0.8235294117647058,1.0,0.0,1.0,0.75,0.5,0.0,0.3655172413793104,0.5024390243902439,0.44736842105263275,0.29807692307692335,0.33048875096974395,0.75,0.19999999999999996,0.23857868020304568,0.8,0.7714285714285716,0.2714285714285716,0.125,0.30263157894736836,0.4285714285714286,0.32352941176470584,0.38888888888888884,0.16173425078495557,3
0.19371727748691098,0.8235294117647058,1.0,0.0,1.0,0.75,0.0,0.0,0.35862068965517224,0.5024390243902439,0.44736842105263275,0.4711538461538458,0.3479441427463149,0.75,0.19999999999999996,0.23857868020304568,0.2,0.7714285714285716,0.2714285714285716,0.125,0.22368421052631582,0.26530612244897966,0.2647058823529411,0.19444444444444442,0.13745073151179105,3
0.19371727748691098,0.8235294117647058,1.0,1.0,1.0,0.75,0.0,0.0,0.35862068965517224,0.5024390243902439,0.44736842105263275,0.4711538461538458,0.39643134212567877,0.75,0.19999999999999996,0.23857868020304568,0.8,0.7714285714285716,0.2714285714285716,0.04375000000000001,0.4144736842105263,0.26530612244897966,0.2647058823529411,0.30555555555555547,0.20512392277373237,3
0.12565445026178013,0.8235294117647058,1.0,0.0,1.0,1.0,0.5,0.0,0.35862068965517224,0.526829268292683,0.44736842105263275,0.3461538461538467,0.3110938712179985,0.75,0.19999999999999996,0.23857868020304568,0.2,0.7714285714285716,0.2714285714285716,0.125,0.22368421052631582,0.26530612244897966,0.38235294117647056,0.38888888888888884,0.07832854566103281,3
0.12565445026178013,0.8235294117647058,1.0,0.0,1.0,1.0,0.5,0.0,0.35862068965517224,0.526829268292683,0.44736842105263275,0.3461538461538467,0.37509697439875866,0.75,0.19999999999999996,0.23857868020304568,0.8,0.7714285714285716,0.2714285714285716,0.125,0.30263157894736836,0.4285714285714286,0.2941176470588235,0.36111111111111105,0.16968401362816488,3
0.10471204188481675,0.8235294117647058,1.0,0.0,1.0,1.0,0.0,0.0,0.3551724137931038,0.5284552845528454,0.44736842105263275,0.5288461538461542,0.36152055857253684,0.75,0.19999999999999996,0.23857868020304568,0.2,0.7714285714285716,0.2714285714285716,0.125,0.22368421052631582,0.26530612244897966,0.23529411764705888,0.30555555555555547,0.09669984634912154,3
0.10471204188481675,0.8235294117647058,1.0,1.0,1.0,1.0,0.0,0.0,0.3551724137931038,0.5284552845528454,0.44736842105263275,0.5288461538461542,0.4507370054305664,0.75,0.19999999999999996,0.23857868020304568,0.8,0.7714285714285716,0.2714285714285716,0.04375000000000001,0.4144736842105263,0.26530612244897966,0.23529411764705888,0.13888888888888884,0.2196539514997662,3
0.06282722513089006,0.8823529411764706,1.0,0.0,1.0,1.0,0.5,0.0,0.31379310344827616,0.4650406504065039,0.28947368421052655,0.9326923076923084,0.30721489526764933,0.5,0.19999999999999996,0.15736040609137053,0.2,0.3642857142857141,0.4571428571428571,0.125,0.09210526315789475,0.26530612244897966,0.47058823529411764,0.5277777777777777,0.06012425679738126,3
0.36125654450261785,0.8823529411764706,1.0,0.0,0.0,0.25,1.0,0.0,0.4068965517241381,0.5707317073170732,0.4649122807017543,0.25,0.4080682699767262,0.5,0.19999999999999996,0.431472081218274,0.8,0.7714285714285716,0.680952380952381,0.14375000000000004,0.4473684210526315,0.26530612244897966,0.2647058823529411,0.33333333333333326,0.11126327744004277,5
0.36125654450261785,0.8823529411764706,1.0,0.0,0.0,0.25,1.0,0.0,0.4068965517241381,0.5707317073170732,0.4649122807017543,0.25,0.40651667959658644,0.5,0.19999999999999996,0.431472081218274,0.8,0.7714285714285716,0.680952380952381,0.14375000000000004,0.4473684210526315,0.26530612244897966,0.2647058823529411,0.33333333333333326,0.15101209165608925,5
0.36125654450261785,0.8823529411764706,1.0,0.0,0.0,0.5,1.0,0.0,0.4068965517241381,0.5707317073170732,0.4649122807017543,0.25,0.4123351435221102,0.5,0.19999999999999996,0.431472081218274,0.8,0.7714285714285716,0.680952380952381,0.14375000000000004,0.4473684210526315,0.26530612244897966,0.2647058823529411,0.33333333333333326,0.16270291936669118,5
0.36125654450261785,0.8823529411764706,1.0,0.0,0.0,0.25,1.0,0.0,0.4068965517241381,0.5707317073170732,0.4649122807017543,0.25,0.4619860356865788,0.5,0.19999999999999996,0.431472081218274,0.8,0.7714285714285716,0.680952380952381,0.14375000000000004,0.4473684210526315,0.26530612244897966,0.2647058823529411,0.33333333333333326,0.20311978088048638,5
0.36125654450261785,0.8823529411764706,1.0,0.0,0.0,0.5,1.0,0.0,0.4068965517241381,0.5707317073170732,0.4649122807017543,0.25,0.4755624515128005,0.5,0.19999999999999996,0.431472081218274,0.8,0.7714285714285716,0.680952380952381,0.14375000000000004,0.4473684210526315,0.26530612244897966,0.2647058823529411,0.33333333333333326,0.21481060859108825,5
0.36125654450261785,0.8823529411764706,1.0,0.0,0.0,0.0,1.0,0.0,0.4068965517241381,0.5707317073170732,0.4649122807017543,0.3461538461538467,0.5768037238169124,0.5,0.19999999999999996,0.431472081218274,0.8,0.7714285714285716,0.680952380952381,0.14375000000000004,0.4473684210526315,0.26530612244897966,0.2647058823529411,0.33333333333333326,0.41923308170218454,5
0.0,0.8823529411764706,1.0,0.0,1.0,0.75,0.5,0.0,0.5448275862068965,0.5609756097560976,0.5438596491228074,0.5288461538461542,0.3250581846392552,0.5,0.19999999999999996,0.3096446700507614,0.8,0.55,0.7000000000000002,0.10624999999999996,0.2894736842105263,0.020408163265306145,0.4117647058823529,0.4444444444444444,0.12793105751887235,1
0.0,0.8823529411764706,0.0,1.0,1.0,0.75,0.5,0.0,0.5448275862068965,0.5609756097560976,0.5438596491228074,0.5288461538461542,0.38479441427463146,0.5,0.19999999999999996,0.2487309644670051,0.4,0.5214285714285716,0.6095238095238096,0.96875,0.16447368421052633,0.1428571428571428,0.4411764705882353,0.41666666666666663,0.18638519607188192,1
0.0,0.8823529411764706,1.0,0.0,1.0,0.5,0.5,0.0,0.5448275862068965,0.5609756097560976,0.5438596491228074,0.4326923076923075,0.35919317300232734,0.5,0.19999999999999996,0.3096446700507614,0.8,0.55,0.7000000000000002,0.10624999999999996,0.2894736842105263,0.020408163265306145,0.3529411764705882,0.38888888888888884,0.16266951700180377,1
0.0,0.8823529411764706,1.0,0.0,1.0,0.75,0.5,0.0,0.5448275862068965,0.5609756097560976,0.5438596491228074,0.5288461538461542,0.35919317300232734,0.5,0.19999999999999996,0.3096446700507614,0.8,0.55,0.7000000000000002,0.10624999999999996,0.2894736842105263,0.020408163265306145,0.3529411764705882,0.38888888888888884,0.19306566904936873,1
0.0,0.8823529411764706,1.0,0.0,1.0,0.5,0.5,0.0,0.5448275862068965,0.5609756097560976,0.5438596491228074,0.4326923076923075,0.3762606671838634,0.5,0.19999999999999996,0.3096446700507614,0.8,0.55,0.7000000000000002,0.10624999999999996,0.2894736842105263,0.020408163265306145,0.3529411764705882,0.38888888888888884,0.2047564967599706,1
0.13089005235602097,0.8823529411764706,1.0,0.0,1.0,0.75,1.0,0.0,0.6172413793103448,0.7593495934959353,0.5438596491228074,0.45192307692307754,0.6373157486423584,0.0,0.6000000000000001,0.5583756345177664,0.8,0.5214285714285716,0.6095238095238096,0.13749999999999996,0.7105263157894736,0.4285714285714286,0.1470588235294118,0.16666666666666663,0.35312980158995255,1
0.29842931937172773,0.9411764705882353,0.0,0.0,0.0,0.75,0.5,0.0,0.36896551724137927,0.4975609756097561,0.4561403508771935,0.6057692307692308,0.29984484096198605,0.5,0.19999999999999996,0.18274111675126903,0.4,0.33571428571428563,0.6333333333333333,1.0,0.02631578947368418,0.26530612244897966,0.6470588235294117,0.7777777777777777,0.08875008350591224,5
0.29842931937172773,0.9411764705882353,1.0,0.0,0.0,0.75,0.5,0.0,0.36896551724137927,0.4975609756097561,0.4561403508771935,0.6057692307692308,0.2796741660201707,0.5,0.19999999999999996,0.2436548223350254,0.8,0.4642857142857142,0.6333333333333333,0.125,0.24342105263157898,0.4489795918367345,0.3529411764705882,0.4444444444444444,0.09543055648339904,5
0.19895287958115188,1.0,1.0,0.0,1.0,0.75,1.0,0.0,0.6103448275862067,0.7756097560975612,0.6052631578947372,0.6538461538461542,0.5523661753297129,0.5,0.19999999999999996,0.4060913705583756,0.8,0.8857142857142855,0.5142857142857142,0.15625,0.4342105263157895,0.5102040816326532,0.23529411764705888,0.2777777777777777,0.261273298149509,2
0.04712041884816753,1.0,1.0,0.0,1.0,1.0,1.0,0.0,0.6103448275862067,0.7756097560975612,0.6052631578947372,0.7788461538461542,0.5996896819239721,0.5,0.19999999999999996,0.4060913705583756,0.8,0.8857142857142855,0.5142857142857142,0.15625,0.4342105263157895,0.5102040816326532,0.23529411764705888,0.2777777777777777,0.27713942147104015,1
0.19895287958115188,1.0,1.0,0.0,1.0,0.75,1.0,0.0,0.6103448275862067,0.7756097560975612,0.6052631578947372,0.6538461538461542,0.5612878200155158,0.5,0.19999999999999996,0.4060913705583756,0.8,0.8857142857142855,0.5142857142857142,0.15625,0.4342105263157895,0.5102040816326532,0.2647058823529411,0.2777777777777777,0.36298349923174567,2
0.04712041884816753,1.0,1.0,0.0,1.0,1.0,1.0,0.0,0.6103448275862067,0.7756097560975612,0.6052631578947372,0.7788461538461542,0.6027928626842514,0.5,0.19999999999999996,0.4060913705583756,0.8,0.8857142857142855,0.5142857142857142,0.15625,0.4342105263157895,0.5102040816326532,0.2647058823529411,0.2777777777777777,0.3806867526220856,1
0.19895287958115188,1.0,1.0,1.0,1.0,0.75,1.0,0.0,0.6103448275862067,0.7756097560975612,0.6052631578947372,0.6538461538461542,0.603956555469356,0.5,0.19999999999999996,0.350253807106599,0.8,0.7714285714285716,0.5142857142857142,0.03125,0.7499999999999999,0.3877551020408163,0.05882352941176472,0.11111111111111105,0.44431825773264755,2
0.04712041884816753,1.0,1.0,1.0,1.0,1.0,1.0,0.0,0.6103448275862067,0.7756097560975612,0.6052631578947372,0.7788461538461542,0.6474010861132662,0.5,0.19999999999999996,0.350253807106599,0.8,0.7714285714285716,0.5142857142857142,0.03125,0.7499999999999999,0.3877551020408163,0.05882352941176472,0.11111111111111105,0.4620215111229875,1
0.15706806282722513,1.0,1.0,0.0,1.0,0.75,1.0,0.0,0.7758620689655169,0.7756097560975612,0.7543859649122817,0.5865384615384617,0.5678820791311094,0.5,0.19999999999999996,0.4060913705583756,0.8,0.8857142857142855,0.5142857142857142,0.15625,0.4342105263157895,0.5102040816326532,0.23529411764705888,0.2777777777777777,0.39170953303493894,1
