-0.2886882872457027,-0.7199064106953584,-0.23995445037790825,-0.3964467247313707,0.1772607908877049,-0.7502106189514561,-0.056297165938718474,-0.2770891898593745,-0.3818164170962882,-0.6017981973078776,1
-0.23594715784504544,-0.7199064106953584,-0.2385109580237507,-0.4038675102383094,0.3405935070901673,0.5625211463526824,-0.037912422414238485,-0.27394038857905,-0.3743753639484605,-0.6077754027678314,1
-0.23594715784504544,-0.6240170216849645,-0.2249008872559799,-0.34548854099273585,-0.4591735860391323,-0.2579362069624041,-0.025897196331310633,-0.2637067844179954,-0.3515207007087036,-0.5958209918479238,1
-0.2886882872457027,-0.7199064106953584,-0.23995445037790825,-0.3964467247313707,0.013928074685242164,-0.24621538762933146,-0.027344813931663374,-0.27787639017945565,-0.38022190570746794,-0.6197298136877388,1
-0.23594715784504544,-0.7547752794264108,-0.2434600746665765,15.483397282820725,0.7404770536548172,0.9317269553444724,-0.05745526001900068,-0.2810251914597801,-0.3850054398739287,-0.6137526082277851,1
-0.2886882872457027,-0.7111891935125954,-0.2389233844106529,-0.3900769517640414,1.0220851850383736,1.2599098966705071,-0.05470478657833045,-0.2707915872987255,-0.37278085255964016,-0.5838665809280164,1
-0.23594715784504544,-0.7460580622436477,-0.24222279550586998,-0.4197919426566328,0.2730075555581141,-0.4513297259581034,-0.05383621601811879,-0.28023799113969894,-0.3850054398739287,-0.6137526082277851,1
-0.2886882872457027,-0.7286236278781215,-0.2409855163451636,-0.4028164976987001,-0.20009410516626072,-2.648983350909229,0.054735104008337816,-0.28023799113969894,-0.3887259664478426,-0.6316842246076464,1
-0.2886882872457027,-0.7373408450608846,-0.2420165823124189,-0.4091862706660295,0.1772607908877049,-1.5530867432669342,0.054735104008337816,-0.28023799113969894,-0.3871314550590224,-0.6316842246076464,1
-0.2886882872457027,-0.7634924966091738,-0.24510978021418506,-0.4282955895680175,2.4301258419561544,1.2599098966705071,0.025782752001282726,-0.2818123917798613,-0.3887259664478426,-0.6316842246076464,1
-0.2886882872457027,-0.7547752794264108,-0.2440787142469297,-0.4219258166006882,0.9263384203679638,-0.30481948429469485,0.025782752001282726,-0.2818123917798613,-0.3881944626515692,-0.6316842246076464,1
-0.2886882872457027,-0.7286236278781215,-0.2409855163451636,-0.4028164976987001,0.3631221576008518,-0.30481948429469485,0.09816363201892046,-0.27787639017945565,-0.3823479208925616,-0.6316842246076464,1
-0.2886882872457027,-0.7199064106953584,-0.23995445037790825,-0.3964467247313707,0.3405935070901673,0.4218713143558108,-0.01764577600929992,-0.27630198953929336,-0.3780958905223744,-0.6197298136877388,1
-0.23594715784504544,-0.7199064106953584,-0.2385109580237507,-0.4038675102383094,0.20542160402606052,0.5625211463526824,-0.02850290801194558,-0.28732279402042915,-0.00232270655706982,-0.6137526082277851,1
-0.2886882872457027,-0.7111891935125954,-0.2389233844106529,-0.3900769517640414,0.03645672519592668,-1.8168051782610697,0.12711598402597554,-0.27630198953929336,-0.3839424322813819,-0.6316842246076464,1
-0.23594715784504544,-0.7199064106953584,-0.2385109580237507,-0.4038675102383094,0.20542160402606052,0.9786102326767632,-0.02850290801194558,-0.2747275888991311,-0.37278085255964016,-0.6137526082277851,1
-0.2886882872457027,-0.6152998045022015,-0.22758165877084385,-0.3200094491234184,-0.7689425305610441,-2.256335903251294,-0.010407688007536149,-0.2707915872987255,-0.37384386015218696,-0.6137526082277851,1
-0.2886882872457027,-0.7373408450608846,-0.2420165823124189,-0.4091862706660295,0.1772607908877049,-1.3186703566054805,-0.01764577600929992,-0.28023799113969894,-0.386599951262749,-0.6257070191476927,1
-0.3414294166463599,-0.7286236278781215,-0.24222279550586998,-0.3932618382477061,0.2730075555581141,-1.6702949365976612,0.054735104008337816,-0.28023799113969894,-0.3876629588552958,-0.6316842246076464,1
-0.3414294166463599,-0.7286236278781215,-0.24222279550586998,-0.3932618382477061,0.5039262232926297,0.040944686030949286,-0.010407688007536149,-0.2794507908196179,-0.3839424322813819,-0.6257070191476927,1
-0.3414294166463599,-0.6240170216849645,-0.2323245622202185,-0.29771524373776564,-0.6675636032629638,-1.5062034659346435,-0.052822883697871865,-0.27394038857905,-0.37384386015218696,-0.5958209918479238,1
-0.2886882872457027,-0.7199064106953584,-0.23995445037790825,-0.3964467247313707,0.3405935070901673,0.591823194685364,-0.05383621601811879,-0.27630198953929336,-0.3775643867261009,-0.6017981973078776,1
-0.2886882872457027,-0.7460580622436477,-0.2430476482796743,-0.4155560436333588,0.7404770536548172,0.08782796336324003,0.054735104008337816,-0.28023799113969894,-0.3855369436702021,-0.6316842246076464,1
0.13324074795955512,-0.562996501405623,-0.18015262427709716,-0.3797897684218045,-0.7576782053057018,-2.924422605236437,0.0671846153713715,-0.2282827700143447,-0.3446111513571492,-0.5958209918479238,1
0.13324074795955512,-0.562996501405623,-0.18015262427709716,-0.3797897684218045,-0.0987151778681801,-0.6154211966211203,-0.003169600005772373,-0.1983691578512619,-0.27657866543415205,-0.5240945263284786,1
-0.1832060284443882,-0.6414514560504907,-0.2240760344821756,-0.3682286304861017,-0.267680056698314,-0.8322563542829648,-0.052822883697871865,-0.2597707828175897,-0.3557727310788909,-0.5539805536282475,1
-0.1832060284443882,0.1169464388498973,-0.09849219967047236,0.027589061703744856,-0.4141162850177633,-0.5509566902892212,-0.06454858626072918,-0.12043632616323045,-0.12935211386641604,0.08558043058680505,1
0.027758489158240685,-0.7024719763298323,-0.2267568059970396,-0.4149827640662992,-0.14377247888954944,-0.9318833186140828,-0.040807657614944,-0.261345183457752,-0.36108776904162493,-0.5778893754680625,1
0.027758489158240685,-0.7111891935125954,-0.2290251511250013,-0.4178810107664339,1.1910500638685069,1.2599098966705071,-0.016198158408947172,-0.24796277801637284,-0.3472686703385163,-0.5778893754680625,1
0.027758489158240685,-0.7111891935125954,-0.2290251511250013,-0.4178810107664339,0.22795025453674475,-1.8050843589279968,0.4311156801000541,-0.2597707828175897,-0.37171784496709337,-0.6316842246076464,1
0.027758489158240685,-0.7111891935125954,-0.2290251511250013,-0.4178810107664339,1.3149576416772717,1.2599098966705071,-0.004761979366160408,-0.24638837737621055,-0.3472686703385163,-0.5838665809280164,1
0.027758489158240685,-0.4758243295779922,-0.16777983267003274,-0.3396920475924661,0.07588186358962458,-0.7502106189514561,-0.0012876971253137932,-0.17239154728858475,-0.25957054395340273,-0.4942084990287099,1
-0.3941705460470171,0.2041186106775281,-0.17726563956878216,0.7586160562992991,0.2335824171644159,-1.8343864072606784,0.11119219042209526,-0.17868914984923376,-0.30900039700683035,-0.5778893754680625,2
-0.3941705460470171,-0.26661111719167824,-0.2106721769078559,0.1853364892396565,0.5996729879630389,-1.8168051782610697,1.1259721282693764,-0.22198516745369568,-0.3493946855236099,-0.6316842246076464,2
-0.4469116754476744,-0.6065825873194384,-0.2389233844106529,-0.1225464871362082,1.726105513497264,-0.644723244953802,0.3008300960683061,-0.26685558569831985,-0.3796904019111946,-0.6316842246076464,2
-0.4469116754476744,0.09951200448437114,-0.20551684707157908,1.1673325387479874,0.9657635587616624,-0.24621538762933146,0.06776366241151263,-0.20230515945166755,-0.3143154349695645,-0.5778893754680625,2
-0.024982640242416542,-0.4496726780297029,-0.16881089863728815,-0.3200094491234184,0.32369701920715394,0.9493081843440816,-0.04486098689593171,-0.16058354248736784,-0.20269963775214733,-0.3268467461500045,1
-0.07772376964307377,-0.5978653701366753,-0.20819761858644306,-0.3667317338387793,0.3405935070901673,-0.07626350729977753,-0.04659812801635502,-0.22434676841393905,-0.3164414501546582,-0.4762768826488486,1
-0.024982640242416542,0.0733603529360819,-0.045082982566644544,-0.12891626010353754,0.058985375706611186,0.2929423016920113,-0.0578895452991065,0.003941324409587477,0.0407291009410768,0.3605318817446781,1
-0.07772376964307377,-0.345066071836546,-0.15437597509571305,-0.2640828424702666,0.7179484031441327,1.0137726906759807,-0.051085742577448565,-0.11256432296241917,-0.16496286821673484,-0.1415533768914379,1
-0.3414294166463599,0.9102132024813376,-0.08715047403066338,1.1036348090746941,-0.5943454891032391,-3.0006079309014093,0.40216332809299893,-0.12752112904396054,-0.2813621996006128,-0.6017981973078776,2
-0.4469116754476744,-0.5891481529539122,-0.2380985316368485,-0.0906976222995614,2.148517710572598,-0.20519251996357704,0.3876871520894714,-0.2621323837778331,-0.3765013791335541,-0.6316842246076464,2
-0.4469116754476744,-0.6240170216849645,-0.23974823718445715,-0.154395351972855,2.4639188177221807,0.2812214823589386,0.3297824480753612,-0.2652811850581576,-0.3780958905223744,-0.6316842246076464,2
-0.4469116754476744,-0.5891481529539122,-0.2380985316368485,-0.0906976222995614,1.8950703923273973,0.4628941820215658,0.13435407202773933,-0.2637067844179954,-0.37384386015218696,-0.6257070191476927,2
-0.024982640242416542,-0.20559059691233667,-0.1110712044709878,-0.23083262758080736,-0.5380238628265278,-0.7267689802853115,-0.06194287458009421,-0.14641393672590758,-0.16230534923536774,-0.0817813222919003,1
-0.07772376964307377,0.0036226154739772577,-0.0801392254533269,-0.1225464871362082,-0.6112419769862525,0.005782228031730593,-0.0584685923392476,-0.12201072680339267,-0.05547308618441134,-0.05787250045208525,1
-0.07772376964307377,-0.5891481529539122,-0.20634169984538334,-0.3631965098419115,-0.4535414234114609,0.1933153373608935,-0.05412573953818935,-0.2432395760958861,-0.3079373894142836,-0.5001857044886636,1
-0.07772376964307377,0.02105704983950342,-0.07642738797120759,-0.11547603914247255,-0.4648057486668032,0.5859627850188284,-0.0620876363401295,-0.1015435184812834,-0.004448721742163481,0.09753484150671256,1
-0.07772376964307377,-0.676320324781543,-0.2249008872559799,-0.3985805986754261,0.4250759465052343,1.1485621130063164,-0.06527239506090557,-0.25032437897661625,-0.3377016020055948,-0.4702996771888948,1
-0.07772376964307377,-0.3363488546537829,-0.1525200563546534,-0.26054761847339875,-0.4084841223900919,0.005782228031730593,-0.0561524041786832,-0.18105075080947716,-0.2021681339558739,-0.29098351339028194,1
-0.07772376964307377,-0.08354955635365355,-0.09869841286392343,-0.15793057596972282,-0.20009410516626072,0.5449399173530739,-0.060784780499812015,-0.09918191752104004,-0.058130605165778414,0.07362601966689752,1
-0.13046489904373101,0.047208701387792665,-0.09044988512588054,-0.06282986556749544,-0.3690589839963943,0.8907040876787181,-0.0644038245006939,-0.10705392072185127,-0.0156103014639052,0.1393752797263889,1
-0.024982640242416542,-0.31891442028825673,-0.13787891961962725,-0.2722361518684482,-0.4197484476454345,0.1991757470274305,-0.06411430098062335,-0.16530674440785462,-0.16336835682791462,-0.11764455505162287,1
-0.07772376964307377,0.02105704983950342,-0.07642738797120759,-0.11547603914247255,-0.4310127729007767,0.33982557902430205,-0.0603504952197062,-0.09760751688087778,-0.02305135461173301,0.06764881420694377,1
0.027758489158240685,-0.03996347043983815,-0.05436257627194282,-0.1949389569099064,-0.6281384648692659,0.6387064720176554,-0.06585144210104665,-0.09918191752104004,0.050296169273998284,0.2230561561657416,1
-0.07772376964307377,-0.0573979048053643,-0.09313065664074448,-0.14732490397911938,-0.4760700739221457,0.3749880370235208,-0.06237715986020005,-0.12122352648331156,-0.05706759757323158,0.025808375987267426,1
-0.07772376964307377,-0.22302503127786286,-0.12839311272087792,-0.2145578576492808,-0.3915876345070788,1.0840976066744168,-0.0638247774605528,-0.1527115392865566,-0.09693038229373772,-0.06982691137199278,1
0.027758489158240685,0.10822922166713422,-0.01580070909659223,-0.14570061187245045,-0.8196319942100841,-0.09970514596592288,-0.06787810674154053,-0.09130991432022877,0.06411526797710708,0.3366230599048631,1
0.08049961855889791,-0.2927627687399675,-0.10859664614957493,-0.29239648331004564,-0.633770627496937,0.24605902435972124,-0.060784780499812015,-0.1527115392865566,-0.09852489368255796,-0.1295989659715304,1
-0.07772376964307377,-0.04868068762260122,-0.09127473789968482,-0.14378967998225162,-0.8252641568377552,0.8907040876787181,-0.0638247774605528,-0.1558603405668811,-0.01773631664899886,-0.0817813222919003,1
-0.07772376964307377,-0.31019720310549365,-0.14695230013147445,-0.2499419464827954,-0.4310127729007767,1.007912281009445,-0.06860191554171689,-0.17632754888899038,-0.14689173914343875,-0.063849705912039,1
-0.07772376964307377,-0.4235210264814137,-0.17107924376524994,-0.29593170730691337,-0.3972197971347499,-0.05868227830016851,-0.06252192162023533,-0.2015179591315864,-0.24203091867638005,-0.29098351339028194,1
-0.024982640242416542,-0.0573979048053643,-0.07601496158430544,-0.17668955735850775,-0.5774490012202257,0.24605902435972124,-0.05962668641952981,-0.11413872360258145,-0.029429400167013994,-0.01005485677245515,1
-0.024982640242416542,-0.7460580622436477,-0.2389233844106529,-0.4282955895680175,0.03645672519592668,-2.256335903251294,0.12711598402597554,-0.27630198953929336,-0.3855369436702021,-0.6316842246076464,1
0.08049961855889791,-0.6850375419643061,-0.21995177061315416,-0.4118297264474711,0.013928074685242164,1.2599098966705071,-0.06643048914118778,-0.2495371786565351,-0.323882503302486,-0.4583452662689873,1
0.08049961855889791,-0.3973693749331244,-0.1382913460065294,-0.3242453481466924,-0.6056098143585814,-0.10556555563245924,-0.0555733571385421,-0.17947635016931487,-0.17878196691984366,-0.29098351339028194,1
-0.024982640242416542,-0.4845415467607552,-0.17705942637533106,-0.3327489950580771,-0.40285195976242105,0.5859627850188284,-0.06527239506090557,-0.20860276201231653,-0.2340583617322788,-0.2850063079303282,1
-0.07772376964307377,-0.11841842508470585,-0.10612208782816206,-0.17210332082203067,-0.3465303334857098,0.5683815560192194,-0.06339049218044697,-0.12279792712347383,-0.07354421525770745,0.043739992367128715,1
0.08049961855889791,-0.6588858904160169,-0.2125280956489156,-0.4038675102383094,-0.06492220210215333,1.0137726906759807,-0.05658668945878902,-0.2408779751356427,-0.3084688932105569,-0.4822540881088023,1
0.08049961855889791,-0.7199064106953584,-0.2298500038988057,-0.4224672473029112,-0.8703214578591243,-1.1838809342751453,-0.037912422414238485,-0.27394038857905,-0.36799731839317945,-0.6077754027678314,1
0.08049961855889791,-0.3973693749331244,-0.1382913460065294,-0.3242453481466924,-0.4197484476454345,-0.25207579729586777,-0.05658668945878902,-0.16609394472793573,-0.18569151627139804,-0.2371886642506981,1
-0.024982640242416542,-0.2317422484606259,-0.11725760027451998,-0.24038728703180134,-0.7633103679333728,-0.4689109549577124,-0.0655619185809761,-0.17239154728858475,-0.15805331886518045,-0.11764455505162287,1
-0.07772376964307377,-0.5019759811262814,-0.18778251243478686,-0.32778057214356016,-0.5492881880818701,-1.1194164279432457,-0.057744783539071226,-0.2267083693741825,-0.3031538552478228,-0.4284592389692185,1
-0.3941705460470171,0.2302702622258173,-0.17540972082772247,0.7904649211359458,0.09277835147263797,-1.7054573945968792,0.3949252400912352,-0.1826251514496394,-0.30262235145154937,-0.6137526082277851,2
-0.4996528048483316,-0.6937547591470692,-0.24510978021418506,-0.1225464871362082,3.55655836749038,1.2599098966705071,0.054735104008337816,-0.28023799113969894,-0.3887259664478426,-0.6316842246076464,2
-0.4996528048483316,-0.6676031075987799,-0.24449114063383184,-0.02699989262626778,3.55655836749038,1.2599098966705071,0.09816363201892046,-0.27787639017945565,-0.3871314550590224,-0.6316842246076464,2
-0.4996528048483316,-0.7111891935125954,-0.2455222066010872,-0.18624421680950184,3.55655836749038,1.2599098966705071,0.025782752001282726,-0.2818123917798613,-0.3897889740403895,-0.6316842246076464,2
-0.4996528048483316,-0.3973693749331244,-0.2380985316368485,0.9603149173097832,-0.6675636032629638,1.2599098966705071,-0.05817906881917705,-0.2794507908196179,-0.3706548373745465,-0.6077754027678314,2
-0.4469116754476744,-0.6065825873194384,-0.2389233844106529,-0.1225464871362082,2.00771364488082,0.527358688353465,0.3297824480753612,-0.2652811850581576,-0.3754383715410072,-0.6316842246076464,2
-0.4469116754476744,-0.6065825873194384,-0.2389233844106529,-0.1225464871362082,2.2893217762643765,0.3808484466900564,0.3587348000824163,-0.2637067844179954,-0.3759698753372807,-0.6316842246076464,2
0.13324074795955512,-0.6937547591470692,-0.2203641970000563,-0.4165433584432949,-0.3859554718794077,0.1347112406955301,0.0040684879959914004,-0.25740918185734635,-0.3382331058018682,-0.6017981973078776,1
0.027758489158240685,-0.03124625325707506,-0.05209423114398102,-0.19204071020977154,0.2504789050474293,0.3984296756896655,-0.045150510416002265,0.01968533081121,0.034882559182069235,0.11546645788657385,1
0.027758489158240685,-0.6065825873194384,-0.20180500958945974,-0.3831338992296524,-1.129400938731996,-0.20519251996357704,-0.0413867046550851,-0.25898358249750864,-0.3063428780254633,-0.5719121700081088,1
-0.07772376964307377,-0.7373408450608846,-0.2378923184433975,-0.4233271666535006,0.05335321307893976,0.8672624490125721,-0.0490590779369547,-0.2747275888991311,-0.37171784496709337,-0.6017981973078776,1
-0.13046489904373101,-0.7547752794264108,-0.24222279550586998,-0.4290918111889337,0.2730075555581141,-2.156708938920177,0.054735104008337816,-0.28023799113969894,-0.3887259664478426,-0.6316842246076464,1
-0.3941705460470171,0.2041186106775281,-0.17726563956878216,0.7586160562992991,-0.06492220210215333,-2.3852649159150943,0.34787766807977066,-0.192858755610694,-0.3260085184875797,-0.6137526082277851,2
4.616236747015419,-0.7547752794264108,-0.1865452332740804,-0.4400478206927402,0.6278338011013946,-1.75234067192917,1.9511141604704465,-0.1771147492090715,-0.3180359615434784,-0.6316842246076464,4
-0.4469116754476744,-0.36250050620207214,-0.2273754455773928,0.32333762057684706,1.4444973821137077,-0.6330024256207293,0.3442586240788888,-0.2408779751356427,-0.3594932576528048,-0.6257070191476927,2
0.027758489158240685,-0.21430781409509972,-0.0997294788311788,-0.2528401931829303,0.12093916461099362,0.5390795076865377,-0.05224383665773076,-0.06848110503787612,-0.06078812414714549,0.0018995541474523747,1
-0.07772376964307377,-0.458389895212466,-0.17850291872948856,-0.3101044521592212,0.8869132819742666,0.6621481106838009,-0.043992416335720055,-0.1503499383263132,-0.2351213693248257,-0.30891512977014324,1
-0.07772376964307377,-0.5978653701366753,-0.20819761858644306,-0.3667317338387793,-0.4366449355284475,-0.13486760396514094,-0.0672990597013994,-0.24481397673604835,-0.31750445774720504,-0.4284592389692185,1
-0.13046489904373101,-0.7111891935125954,-0.2339742677678271,-0.4091862706660295,-0.7576782053057018,-2.6782853992419113,-0.01764577600929992,-0.27630198953929336,-0.3828794246888351,-0.6197298136877388,1
-0.024982640242416542,0.09079478730160806,-0.040958718697623096,-0.1225464871362082,0.3800186454838652,0.7324730266822369,-0.05340193073801297,0.05510934521486067,0.089627450198231,0.3904179090444469,1
-0.07772376964307377,-0.5019759811262814,-0.18778251243478686,-0.32778057214356016,-0.37469114662406544,-0.023519820300951108,-0.06006097169963565,-0.2196235664934523,-0.27445265024905835,-0.3866188007495421,1
0.027758489158240685,0.09951200448437114,-0.018069054224554033,-0.14859885857258529,0.16599646563236234,0.6035440140184374,-0.05007241025720163,0.05983254713534743,0.13055324251128395,0.3186914435250018,1
0.027758489158240685,0.25642191377410656,0.02276115807875836,-0.09649411569983113,-0.6056098143585814,0.07610714403016669,-0.06281144514030587,-0.019674685192846302,0.16138046269514206,0.4442127581840308,1
-0.024982640242416542,0.3174424340534481,0.012656711599655798,-0.039739438560926515,0.3180648565794828,0.4511733626884925,-0.05123050433748383,0.13382937722297328,0.18317211834235209,0.5577796619231522,1
-0.07772376964307377,-0.6676031075987799,-0.22304496851492026,-0.3950453746785583,-0.7295173921673462,-1.8929905039260415,-0.022422914090464013,-0.26606838537823874,-0.3653397994118124,-0.6017981973078776,1
-0.07772376964307377,-0.12713564226746896,-0.10797800656922173,-0.17563854481889846,-0.633770627496937,-1.0490915119448094,-0.058323830579212324,-0.15192433896647548,-0.17665595173475002,-0.16546219873125295,1
0.027758489158240685,0.25642191377410656,0.02276115807875836,-0.09649411569983113,-0.7464138800503595,-0.22277374896318605,-0.06469334802076446,-0.044865095435442336,0.12576970834482326,0.4203039363442157,1
-0.024982640242416542,-0.3973693749331244,-0.1564381070302238,-0.3009001302214303,0.13783565249400667,0.3925692660231291,-0.04442670161582589,-0.15192433896647548,-0.1947270808080461,-0.30891512977014324,1
-0.07772376964307377,-0.4322382436641768,-0.1729351625063096,-0.29949878016861786,-0.07055436472982446,1.0665163776748083,-0.05687621297885957,-0.18734835337012612,-0.20907768330742832,-0.3029379243101895,1
-0.13046489904373101,-0.36250050620207214,-0.16798604586348387,-0.2499419464827954,-0.37469114662406544,0.7559146653483823,-0.06454858626072918,-0.19679475721109965,-0.20748317191860807,-0.2431658697106519,1
-0.07772376964307377,-0.3973693749331244,-0.16551148754207098,-0.2853260353163101,0.5151905485479723,0.8907040876787181,-0.04891431617691943,-0.14483953608574535,-0.19685309599313974,-0.2551202806305594,1
-0.07772376964307377,-0.3712177233848352,-0.15994373131889206,-0.2747203633257066,-0.5323917001988571,-0.22277374896318605,-0.05499431009840099,-0.19679475721109965,-0.2260858047881776,-0.3507555679898196,1
-0.07772376964307377,-0.4322382436641768,-0.1729351625063096,-0.29949878016861786,-0.27894438195365623,0.7852167136810639,-0.056007642418647925,-0.1975819575311808,-0.2181132478440764,-0.3447783625298658,1
-0.4469116754476744,-0.6240170216849645,-0.23974823718445715,-0.154395351972855,1.9908171569978064,-0.3692839906265946,0.28635392006477856,-0.26764278601840097,-0.38022190570746794,-0.6316842246076464,2
-0.4996528048483316,-0.6327342388677276,-0.24366628786002756,0.10039556672031943,2.233000149987665,1.2599098966705071,-0.04297908401547313,-0.27787639017945565,-0.3850054398739287,-0.6137526082277851,2
-0.4996528048483316,-0.7111891935125954,-0.2455222066010872,-0.18624421680950184,3.55655836749038,1.2599098966705071,0.025782752001282726,-0.2818123917798613,-0.3897889740403895,-0.6316842246076464,2
-0.4469116754476744,-0.17943894536404742,-0.21871449145244773,0.6577507013616385,1.433233056858365,0.7090313880160909,0.06559223601098348,-0.22041076681353344,-0.3276030298763999,-0.5898437863879701,2
-0.4469116754476744,-0.37993494056759824,-0.2282002983511971,0.2914887557402003,1.2304752022622054,-0.14072801363167795,0.17054451203655818,-0.2456011770561295,-0.3568357386714377,-0.6197298136877388,2
0.027758489158240685,-0.10970120790194278,-0.07250933729563723,-0.2180930816461486,-0.13250815363420718,0.5214982786869293,-0.054849548338365715,-0.05824750087682148,-0.0007281951682495745,0.07960322512685128,1
-0.07772376964307377,-0.4235210264814137,-0.17107924376524994,-0.29593170730691337,-0.3803233092517365,0.591823194685364,-0.06237715986020005,-0.2007307588115053,-0.22023926302917,-0.29098351339028194,1
-0.4996528048483316,-0.2840455515572044,-0.23541776012198465,1.3743501601861916,0.4926618980372878,1.2599098966705071,-0.03632004305385046,-0.26764278601840097,-0.3637452880229921,-0.5958209918479238,2
-0.4996528048483316,-0.6937547591470692,-0.24510978021418506,-0.1225464871362082,2.9933421047232667,1.2599098966705071,0.04025892800481027,-0.2810251914597801,-0.3887259664478426,-0.6316842246076464,2
0.18598187736021235,0.8317582478364699,0.28692025888958245,-0.020184235551225352,-0.6450349527522793,-0.7853730769506748,-0.05716573649893013,0.2290806159527895,0.5026058999026746,1.0897509478590368,1
-0.024982640242416542,0.5440900808052882,0.06627214189693469,0.04306761001435517,-0.40285195976242105,-0.04110104930055949,-0.05861335409928289,0.06770455033615869,0.2341964827845999,0.6055973056027824,1
-0.4469116754476744,0.2302702622258173,-0.1993304512680469,1.4061990250228384,1.3938079184646677,0.0995487826963127,0.16880737091613487,-0.17554034856890924,-0.2951812983037216,-0.5898437863879701,2
-0.07772376964307377,0.2912907825051589,-0.018893906998358318,-0.005756699780224367,-0.036761388963797687,1.1778641613389982,-0.05209907489769548,0.02755733401202126,0.18582963732371915,0.2768510053053254,1
-0.4469116754476744,-0.6327342388677276,-0.2401606635713593,-0.1703197843911784,1.236107364889876,1.089958016340953,0.0065294379165910825,-0.2723659879388878,-0.3765013791335541,-0.6197298136877388,2
-0.4996528048483316,-0.676320324781543,-0.2446973538272829,-0.058848757462914576,1.2079465517515202,1.2599098966705071,-0.03936004001459125,-0.2825995920999424,-0.3876629588552958,-0.6257070191476927,1
-0.23594715784504544,-0.5455620670400968,-0.213765374809622,-0.29771524373776564,-1.2082512155193916,-1.7816427202618512,-0.04978288673713109,-0.2684299863384821,-0.3525837083012504,-0.5838665809280164,1
-0.1832060284443882,-0.6501686732332538,-0.22551952683633314,-0.3727830181577421,-0.25078356881530056,-0.13486760396514094,-0.045295272176037536,-0.261345183457752,-0.3515207007087036,-0.5719121700081088,1
-0.1832060284443882,-0.2753283343744413,-0.16344935560756024,-0.17713544146622084,-0.9379074093911778,-0.19933211029704132,-0.0561524041786832,-0.22355956809385796,-0.2319323465471852,-0.4284592389692185,1
-0.1832060284443882,-0.37993494056759824,-0.18077126385745035,-0.2317562446610701,-1.2026190528917209,-1.1604392956089993,-0.029661002092227787,-0.248749978336454,-0.2935867869149013,-0.5659349645481551,1
-0.4996528048483316,-0.5455620670400968,-0.2416041559255168,0.41888421508678747,1.2642681780282314,1.2599098966705071,-0.03212195201282747,-0.27551478921921224,-0.3796904019111946,-0.6137526082277851,1
-0.1832060284443882,-0.6327342388677276,-0.2226325421280181,-0.3636742428144612,-0.7971033436993997,-1.2014621632747544,-0.05094098081741328,-0.26685558569831985,-0.3573672424677111,-0.5778893754680625,1
-0.4469116754476744,-0.5106931983090445,-0.2343866941547293,0.05262226946534923,-0.9829647104125468,-1.5765283819330795,-0.061074304019882564,-0.2786635904995368,-0.3770328829298275,-0.6017981973078776,1
-0.4996528048483316,-0.676320324781543,-0.2446973538272829,-0.058848757462914576,1.2079465517515202,1.2599098966705071,-0.03936004001459125,-0.2825995920999424,-0.3876629588552958,-0.6257070191476927,1
-0.4469116754476744,-0.6327342388677276,-0.2401606635713593,-0.1703197843911784,-0.25078356881530056,1.2599098966705071,-0.0502171720172369,-0.2794507908196179,-0.3759698753372807,-0.6137526082277851,1
-0.4469116754476744,-0.6850375419643061,-0.2426352218927721,-0.2658663789011188,0.22795025453674475,0.9961914616763716,0.04025892800481027,-0.2810251914597801,-0.3828794246888351,-0.6316842246076464,1
-0.4469116754476744,-0.6152998045022015,-0.239335810797555,-0.1384709195545316,-0.7407817174226885,1.2599098966705071,-0.06396953922058808,-0.2810251914597801,-0.37384386015218696,-0.6077754027678314,1
-0.1832060284443882,0.15181530758094966,-0.09271823025384232,0.0458066123903068,-0.5549203507095413,-0.7677918479510651,-0.06686477442129357,-0.12909552968412286,-0.13360414423660336,0.11546645788657385,1
-0.2886882872457027,-0.7024719763298323,-0.2378923184433975,-0.383707178796712,-0.5718168385925546,-0.04110104930055949,-0.06527239506090557,-0.2786635904995368,-0.3754383715410072,-0.5958209918479238,1
0.027758489158240685,-0.7024719763298323,-0.2267568059970396,-0.4149827640662992,0.6559946142397503,-0.3399819422939129,-0.003169600005772373,-0.25032437897661625,-0.3557727310788909,-0.5898437863879701,1
0.027758489158240685,-0.7111891935125954,-0.2290251511250013,-0.4178810107664339,1.8950703923273973,1.2599098966705071,0.02216370800040084,-0.23930357449548045,-0.3472686703385163,-0.5898437863879701,1
0.027758489158240685,-0.7111891935125954,-0.2290251511250013,-0.4178810107664339,0.4194437838775628,-1.8695488652598964,0.4745442081106367,-0.25740918185734635,-0.3722493487633667,-0.6316842246076464,1
0.027758489158240685,-0.7199064106953584,-0.2312934962529632,-0.4207792574665689,1.286796828538916,1.2599098966705071,-0.00678864400665426,-0.2518987796167785,-0.35311521209752383,-0.5898437863879701,1
0.027758489158240685,-0.7199064106953584,-0.2312934962529632,-0.4207792574665689,0.560247849569341,1.2599098966705071,-0.037912422414238485,-0.2597707828175897,-0.35311521209752383,-0.5778893754680625,1
0.027758489158240685,-0.7024719763298323,-0.2267568059970396,-0.4149827640662992,0.5996729879630389,-0.8732792219487193,0.13681502194833906,-0.25111157929669736,-0.3605562652453516,-0.6197298136877388,1
0.027758489158240685,-0.7111891935125954,-0.2290251511250013,-0.4178810107664339,0.8024308425591996,0.3925692660231291,0.04025892800481027,-0.2526859799368596,-0.35417821969007063,-0.6077754027678314,1
-0.024982640242416542,0.0733603529360819,-0.045082982566644544,-0.12891626010353754,0.12657132723866474,0.2929423016920113,-0.05513907185843627,0.013387728250560987,0.0407291009410768,0.31271423806504806,1
-0.024982640242416542,-0.35378328901930906,-0.14612744735767014,-0.2849756978031069,0.8531203062082398,1.0313539196755896,-0.04703241329646085,-0.08737391271982314,-0.14370271636579826,-0.12362176051157665,1
-0.024982640242416542,-0.5978653701366753,-0.2038671415239705,-0.374152519345718,-0.22262275567694528,0.33982557902430205,-0.052967645457907137,-0.23379317225491256,-0.2999648324701823,-0.4762768826488486,1
-0.07772376964307377,-0.6152998045022015,-0.21190945606856232,-0.3738021818325149,-0.4310127729007767,-0.14658842329821362,-0.05195431313766021,-0.248749978336454,-0.3249455108950328,-0.5240945263284786,1
-0.07772376964307377,-0.30147998592273056,-0.14509638139041478,-0.2464067224859276,-0.3915876345070788,1.2599098966705071,-0.06223239810016476,-0.17160434696850366,-0.1309466252552363,-0.1774166096511605,1
-0.07772376964307377,-0.6588858904160169,-0.2211890497738606,-0.3914783018168538,-1.3603196064665122,0.8907040876787181,-0.06425906274065862,-0.27551478921921224,-0.3313235564503138,-0.5838665809280164,1
-0.13046489904373101,-0.5804309357711491,-0.2092286845536984,-0.3494696490973167,-0.4535414234114609,1.2599098966705071,-0.06874667730175217,-0.24638837737621055,-0.2962443058962684,-0.4224820335092647,1
-0.13046489904373101,-0.4758243295779922,-0.1894322179823954,-0.3016963518423465,0.058985375706611186,0.591823194685364,-0.06599620386108193,-0.20466676041191093,-0.2622280629347698,-0.2551202806305594,1
-0.07772376964307377,0.05592591857055574,-0.06900371300696898,-0.10130329429016477,-0.4929665618051588,0.1757341083612845,-0.061653351060023676,-0.09682031656079663,-0.019862331834092518,0.10351204696666633,1
-0.07772376964307377,-0.20559059691233667,-0.1246812752387586,-0.20748740965554524,-0.25641573144297203,0.11713001169592173,-0.061074304019882564,-0.13696753288493407,-0.13998218979188434,-0.063849705912039,1
-0.07772376964307377,-0.4845415467607552,-0.18407067495266752,-0.3207101241498246,-0.1775654546555759,0.1874549276943578,-0.0638247774605528,-0.2070283613721543,-0.261165055342223,-0.2969607188502357,1
-0.13046489904373101,-0.0573979048053643,-0.11024635169718353,-0.11060316282246564,-0.24515140618762946,0.7207522073491636,-0.06454858626072918,-0.11807472520298705,-0.07354421525770745,0.09753484150671256,1
-0.13046489904373101,-0.08354955635365355,-0.11519546834000925,-0.1225464871362082,-0.3690589839963943,0.802797942680673,-0.06512763330087028,-0.1353931322447718,-0.08045376460926185,0.03776278690717495,1
-0.07772376964307377,0.047208701387792665,-0.07085963174802863,-0.1048385182870326,-0.4704379112944746,-0.3634235809600583,-0.05962668641952981,-0.09603311624071552,-0.06557165831360623,0.05569440328703623,1
-0.13046489904373101,-0.08354955635365355,-0.11519546834000925,-0.1225464871362082,-0.3972197971347499,0.5742419656857557,-0.06512763330087028,-0.13775473320501522,-0.09374135951609723,0.025808375987267426,1
-0.024982640242416542,-0.6676031075987799,-0.2203641970000563,-0.3996316112150354,-1.4673306963922632,-0.5861191482884386,-0.056297165938718474,-0.2770891898593745,-0.34673716654224285,-0.6017981973078776,1
-0.13046489904373101,-0.17072172818128434,-0.13169252381609506,-0.16235756818201671,-0.15503680414489138,0.7793563040145269,-0.06599620386108193,-0.13775473320501522,-0.1208480531260414,0.04971719782708247,1
0.027758489158240685,-0.04868068762260122,-0.056630921399904624,-0.19783720361004126,-0.5999776517309102,0.2050361566939662,-0.0655619185809761,-0.09760751688087778,0.008838873164671898,0.2170789507057878,1
-0.07772376964307377,0.08207757011884498,-0.06343595678379002,-0.0906976222995614,-0.5549203507095413,0.1933153373608935,-0.0620876363401295,-0.09839471720095892,-0.00657473692725714,0.1094892524266201,1
-0.07772376964307377,-0.08354955635365355,-0.09869841286392343,-0.15793057596972282,-0.4253806102731056,0.4863358206877106,-0.06324573042041169,-0.12201072680339267,-0.061851131739692325,0.043739992367128715,1
0.027758489158240685,0.09951200448437114,-0.018069054224554033,-0.14859885857258529,-0.7295173921673462,0.1933153373608935,-0.06672001266125831,-0.07950190951901187,0.08909594640195759,0.3485774708247706,1
0.08049961855889791,-0.5542792842228599,-0.1828333957919611,-0.3720186454016626,-0.8308963194654264,1.2599098966705071,-0.06686477442129357,-0.23379317225491256,-0.22821181997327125,-0.3806415952895884,1
0.08049961855889791,-0.4322382436641768,-0.14818957929218088,-0.33488286900213243,-0.5492881880818701,-0.30481948429469485,-0.0615085892999884,-0.1857739527299639,-0.20695166812233465,-0.2431658697106519,1
-0.13046489904373101,-0.04868068762260122,-0.10859664614957493,-0.1066220547178848,-0.5605525133372127,1.0606559680082714,-0.06411430098062335,-0.14562673640582646,-0.04909504062913035,-0.0339636786122702,1
-0.13046489904373101,-0.31891442028825673,-0.15973751812544096,-0.2300364059598912,-0.05929003947448251,1.1485621130063164,-0.06773334498150524,-0.1684555456881791,-0.17293542516083607,-0.04591808953217772,1
-0.07772376964307377,-0.06611512198812737,-0.09498657538180412,-0.1508601279759872,-0.6562992780076216,-0.26379661662894044,-0.061074304019882564,-0.14169073480542085,-0.10383993164529212,-0.0817813222919003,1
-0.1832060284443882,-0.6588858904160169,-0.22696301919049064,-0.3773374058293826,-1.039286336689258,-1.0139290539455914,0.17054451203655818,-0.27394038857905,-0.3621507766341719,-0.6316842246076464,1
-0.13046489904373101,-0.5542792842228599,-0.20427956791087265,-0.3375263247835741,0.03645672519592668,0.9493081843440816,-0.0644038245006939,-0.2267083693741825,-0.28933475654471397,-0.3746643898296346,1
-0.13046489904373101,-0.37993494056759824,-0.17128545695870098,-0.2579041626919571,0.12657132723866474,0.9727498230102264,-0.06324573042041169,-0.17475314824882812,-0.20801467571488147,-0.17143940419120673,1
-0.07772376964307377,-0.4845415467607552,-0.18407067495266752,-0.3207101241498246,0.058985375706611186,1.0313539196755896,-0.06527239506090557,-0.19679475721109965,-0.23777888830619276,-0.23121145879074434,1
0.027758489158240685,-0.5542792842228599,-0.18819493882168895,-0.3657444190288432,-0.40285195976242105,0.9141457263448628,-0.060784780499812015,-0.22119796713361456,-0.2510664832130281,-0.3866188007495421,1
0.027758489158240685,-0.41480380929865057,-0.1519014167743002,-0.3194361695563588,-0.18882977991091812,0.25777984369279394,-0.05745526001900068,-0.16609394472793573,-0.1904750504378588,-0.22523425333079056,1
0.08049961855889791,-0.24045946564338896,-0.09374929622109768,-0.27647205089172217,-0.7576782053057018,-0.7326293899518471,-0.06715429794136414,-0.15113713864639436,-0.13307264044032996,0.01983117052731366,1
-0.13046489904373101,-0.12713564226746896,-0.12344399607805215,-0.14245202765911244,-0.2282549183046164,0.6035440140184374,-0.06310096866037641,-0.13303153128452844,-0.1107494809968465,-0.004077651312501388,1
-0.13046489904373101,-0.6240170216849645,-0.2174772122917413,-0.3693751896202209,0.6222016384737235,1.1778641613389982,-0.058758115859318165,-0.23379317225491256,-0.31856746533975183,-0.4463908553490798,1
-0.1832060284443882,-0.4932587639435183,-0.199536664461498,-0.29089958666272325,-1.2702050044237743,0.34568598869083905,-0.05586288065861265,-0.2621323837778331,-0.2903977641372608,-0.5539805536282475,1
-0.07772376964307377,-0.22302503127786286,-0.12839311272087792,-0.2145578576492808,0.5433513616863279,0.6680085203503372,-0.05267812193783659,-0.0771403085587685,-0.11872203794094775,-0.016032062232408908,1
-0.07772376964307377,-0.467107112395229,-0.1803588374705482,-0.313639676156089,1.1234641123364533,0.8614020393460364,-0.04630860449628447,-0.14326513544558309,-0.23352685793600544,-0.2730518970104207,1
-0.13046489904373101,-0.7111891935125954,-0.2339742677678271,-0.4091862706660295,-0.9322752467635066,-2.584518844577329,-0.027344813931663374,-0.27787639017945565,-0.3823479208925616,-0.6197298136877388,1
-0.13046489904373101,-0.5978653701366753,-0.2125280956489156,-0.3574318653064784,-0.16630112940023395,-0.6564440642868753,-0.0615085892999884,-0.2432395760958861,-0.3339810754316809,-0.4643224717289411,1
-0.07772376964307377,0.08207757011884498,-0.06343595678379002,-0.0906976222995614,0.5377191990586565,0.9200061360113998,-0.053546692498048234,0.03700373785299477,0.051890680662818524,0.3426002653648168,1
-0.07772376964307377,-0.04868068762260122,-0.09127473789968482,-0.14378967998225162,-0.4535414234114609,0.035084276364412297,-0.06353525394048225,-0.1165003245628248,-0.07620173423907453,0.07362601966689752,1
-0.13046489904373101,-0.5106931983090445,-0.1960310401728297,-0.31762078426066986,-0.2338870809322872,0.029223866697876612,-0.06339049218044697,-0.22434676841393905,-0.2898662603409874,-0.3746643898296346,1
0.4496875243634985,-0.7634924966091738,-0.239335810797555,-0.4376910046948283,2.520240443998892,0.18159451802782084,0.3587348000824163,-0.2637067844179954,-0.3775643867261009,-0.6316842246076464,4
-0.07772376964307377,0.09951200448437114,-0.059724119301670715,-0.08362717430582578,0.413811621249892,0.44531295302195617,-0.05123050433748383,0.02834453433210238,0.022126468071507283,0.2589193889254641,1
0.027758489158240685,0.2477046965913435,0.02049281295079656,-0.09939236239996596,-0.6112419769862525,0.1874549276943578,-0.060929542259847286,-0.022036286153089682,0.1698845234355167,0.3665090872046319,1
-0.2886882872457027,-0.7634924966091738,-0.24510978021418506,-0.4282955895680175,2.4301258419561544,0.08782796336324003,0.025782752001282726,-0.2818123917798613,-0.3897889740403895,-0.6316842246076464,4
-0.024982640242416542,0.3174424340534481,0.012656711599655798,-0.039739438560926515,0.2335824171644159,0.2812214823589386,-0.05195431313766021,0.11808537082135075,0.1635064778802357,0.5338708400833372,1
0.08049961855889791,0.2389874794085804,0.04235141145661026,-0.1305087033453699,-0.8365284820930975,-0.6564440642868753,-0.06570668034101139,-0.044865095435442336,0.10823008306780052,0.4621443745638921,1
-0.07772376964307377,-0.4758243295779922,-0.18221475621160788,-0.31717490015295685,-0.5943454891032391,-0.6916065222860928,-0.04862479265684888,-0.2227723677737768,-0.2824252071931596,-0.4643224717289411,1
-0.07772376964307377,-0.37993494056759824,-0.16179965005995167,-0.2782555873225744,-0.4310127729007767,-0.6388628352872663,-0.06223239810016476,-0.192858755610694,-0.2452199414540205,-0.26109748609051314,1
-0.13046489904373101,-0.3973693749331244,-0.17458486805391818,-0.2658663789011188,0.32369701920715394,0.8965644973452538,-0.04283432225543786,-0.17002994632834134,-0.2186447516403498,-0.3627099789097271,1
-0.13046489904373101,-0.36250050620207214,-0.16798604586348387,-0.2499419464827954,-0.3296338456026964,0.12885083102899442,-0.06223239810016476,-0.19443315625085628,-0.2292748275658181,-0.2670746915504669,1
-0.13046489904373101,-0.4322382436641768,-0.18118369024435246,-0.2817908113194422,0.194157278770718,1.20716620967168,-0.05340193073801297,-0.186561153050045,-0.22555430099190416,-0.3328239516099583,1
-0.13046489904373101,-0.3886521577503613,-0.1729351625063096,-0.26188527079653795,0.5658800121970121,1.002051871342908,-0.0479009838566725,-0.15507314024679994,-0.211203698492522,-0.29098351339028194,1
-0.07772376964307377,-0.6065825873194384,-0.21005353732750268,-0.3702669578356471,-0.6056098143585814,-1.3421119952716258,-0.056007642418647925,-0.25111157929669736,-0.3408906247832353,-0.5181173208685249,1
-0.07772376964307377,-0.5891481529539122,-0.20634169984538334,-0.3631965098419115,-0.3972197971347499,1.054795558341735,-0.05948192465949453,-0.24166517545572386,-0.2925237793223545,-0.4702996771888948,1
-0.13046489904373101,-0.4235210264814137,-0.17953398469674392,-0.27780970321486137,-0.18882977991091812,0.8672624490125721,-0.05991620993960036,-0.2015179591315864,-0.2314008427509117,-0.3208695406900508,1
-0.13046489904373101,-0.4060865921158875,-0.17623457360152675,-0.2698474870056997,-0.10997950312352267,0.1698736986947488,-0.05731049825896541,-0.1936459559307752,-0.2452199414540205,-0.3208695406900508,1
0.027758489158240685,1.8429554410369875,0.4355999713678058,0.43047720188732697,-0.34089817085803864,-0.2930986649616222,-0.0578895452991065,0.5140471318221571,0.9001707395151891,2.0998986705912226,1
-0.1832060284443882,-0.4758243295779922,-0.19664967975318293,-0.2817908113194422,0.4757654101542741,0.5156378690203923,-0.05427050129822462,-0.2007307588115053,-0.280299192008066,-0.3686871843696809,1
-0.07772376964307377,0.2825735653223958,-0.02074982573941797,-0.009291923777092185,-0.16630112940023395,0.9493081843440816,-0.052822883697871865,0.004728524729668603,0.15872294371377496,0.2290333616256953,1
-0.024982640242416542,0.3523113027845005,0.0209052393376987,-0.02699989262626778,0.3180648565794828,-0.0704030976332412,-0.049638124977095806,0.14642458234427128,0.14012031084420545,0.5458252510032447,1
-0.23594715784504544,-0.37993494056759824,-0.1902570707561997,-0.1968498888001052,-0.853424969976111,0.1112696020293854,-0.061074304019882564,-0.2408779751356427,-0.2760471616378786,-0.4583452662689873,1
-0.23594715784504544,-0.5455620670400968,-0.213765374809622,-0.29771524373776564,-1.309630142817472,-0.6564440642868753,-0.061074304019882564,-0.2707915872987255,-0.3361070906167745,-0.5719121700081088,1
-0.2886882872457027,-0.7111891935125954,-0.2389233844106529,-0.3900769517640414,-0.10434734049585154,-0.644723244953802,-0.022422914090464013,-0.2770891898593745,-0.3796904019111946,-0.6197298136877388,1
-0.2886882872457027,-0.7547752794264108,-0.2440787142469297,-0.4219258166006882,0.5546156869416702,1.2599098966705071,0.011306575997755176,-0.2825995920999424,-0.3860684474664756,-0.6316842246076464,1
-0.2886882872457027,-0.4758243295779922,-0.21108460329475806,-0.2180930816461486,-0.94917173464652,0.25777984369279394,-0.026621005131487005,-0.2605579831376709,-0.3169729539509316,-0.5898437863879701,1
-0.3414294166463599,-0.3712177233848352,-0.2084038317798941,-0.0668109736720763,-0.3972197971347499,-0.26965702629547617,-0.056297165938718474,-0.2440267764159672,-0.3201619767285721,-0.4942084990287099,1
-0.3941705460470171,-0.5106931983090445,-0.227994085157746,-0.1119408151456048,-0.8027355063270707,-0.06454268796670486,-0.05962668641952981,-0.2715787876188066,-0.3557727310788909,-0.5778893754680625,1
-0.3941705460470171,-0.6414514560504907,-0.23727367886304426,-0.2711851393288389,0.03645672519592668,0.8965644973452538,-0.05745526001900068,-0.27394038857905,-0.3701233335782731,-0.5898437863879701,1
0.027758489158240685,-0.5978653701366753,-0.199536664461498,-0.3802356525295175,0.2392145797920873,-0.6154211966211203,-0.032700999052968575,-0.2133259639328033,-0.3105949083956506,-0.4942084990287099,1
0.027758489158240685,-0.7111891935125954,-0.2290251511250013,-0.4178810107664339,0.03645672519592668,-1.072533150610955,-0.030240049132368888,-0.2621323837778331,-0.3658713032080858,-0.5898437863879701,1
0.027758489158240685,-0.7024719763298323,-0.2267568059970396,-0.4149827640662992,0.5433513616863279,0.1933153373608935,0.043154163205515766,-0.2518987796167785,-0.3509891969124301,-0.6077754027678314,1
-0.024982640242416542,-0.7111891935125954,-0.23067485667260995,-0.4155560436333588,0.7404770536548172,1.2599098966705071,-0.01764577600929992,-0.25662198153726523,-0.3515207007087036,-0.5898437863879701,1
-0.024982640242416542,-0.5978653701366753,-0.2038671415239705,-0.374152519345718,-0.25078356881530056,-1.0842539699440277,-0.040807657614944,-0.2345803725749937,-0.3270715260801265,-0.5181173208685249,1
-0.024982640242416542,-0.4496726780297029,-0.16881089863728815,-0.3200094491234184,0.3969151333668786,0.6562877010172645,-0.0490590779369547,-0.15664754088696226,-0.2127982098813422,-0.2850063079303282,1
-0.07772376964307377,-0.467107112395229,-0.1803588374705482,-0.313639676156089,1.0164530224107018,0.7559146653483823,-0.04225527521529676,-0.14798833736606984,-0.2367158807136459,-0.31489233523009696,1
-0.13046489904373101,-0.6065825873194384,-0.21417780119652413,-0.3614129734110592,0.8812811193465954,0.8965644973452538,-0.03936004001459125,-0.22198516745369568,-0.3143154349695645,-0.4942084990287099,1
-0.07772376964307377,-0.35378328901930906,-0.15623189383677272,-0.2676499153319711,1.2699003406559026,1.2481890773374342,-0.045874319216178634,-0.08186351047925526,-0.16017933405027412,-0.12362176051157665,1
-0.07772376964307377,-0.5804309357711491,-0.20448578110432367,-0.35962943698020705,-0.3634268213687232,1.2599098966705071,-0.06657525090122303,-0.2385163741753993,-0.28401971858197983,-0.4045504171294034,1
-0.07772376964307377,-0.458389895212466,-0.17850291872948856,-0.3101044521592212,0.07024970096195345,0.1347112406955301,-0.0603504952197062,-0.18813555369020726,-0.2510664832130281,-0.2670746915504669,1
-0.07772376964307377,-0.6065825873194384,-0.21005353732750268,-0.3702669578356471,-0.16630112940023395,0.509777459353856,-0.056007642418647925,-0.2400907748155616,-0.3105949083956506,-0.4822540881088023,1
-0.13046489904373101,-0.09226677353641664,-0.11684517388761785,-0.12652759524078905,0.03645672519592668,1.002051871342908,-0.05933716289945925,-0.1015435184812834,-0.07301271146143404,0.031785581447221184,1
-0.07772376964307377,-0.07483233917089048,-0.0968424941228638,-0.154395351972855,0.10967483935565103,0.6562877010172645,-0.0555733571385421,-0.06533230375755161,-0.04643752164776328,0.07362601966689752,1
-0.13046489904373101,-0.1968733797295736,-0.1366416404589208,-0.17430089249575925,0.07024970096195345,-0.2286341586297224,-0.05398097777815406,-0.12752112904396054,-0.18143948590121076,-0.1475305823513917,1
-0.07772376964307377,-0.5019759811262814,-0.18778251243478686,-0.32778057214356016,-0.4310127729007767,0.24019861469318424,-0.06787810674154053,-0.22198516745369568,-0.267543100897504,-0.30891512977014324,1
4.40527222941279,-0.7634924966091738,-0.2084038317798941,-0.44036630934110665,0.8305916556975552,-1.5765283819330795,1.3141624163152346,-0.21175156329264105,-0.3424851361720555,-0.6316842246076464,4
-0.024982640242416542,-0.6850375419643061,-0.22448846086907773,-0.4060013841823648,0.07588186358962458,1.2599098966705071,-0.06831239202164634,-0.255047580897103,-0.3355755868205011,-0.4702996771888948,1
-0.024982640242416542,-0.22302503127786286,-0.11519546834000925,-0.2372024005481367,-0.4141162850177633,0.1347112406955301,-0.05745526001900068,-0.13932913384517745,-0.11925354173722115,-0.13557617143148415,1
-0.024982640242416542,-0.0573979048053643,-0.07601496158430544,-0.17668955735850775,-0.4141162850177633,-0.35170276162698555,-0.060784780499812015,-0.0952459159206344,-0.07407571905398086,0.08558043058680505,1
0.08049961855889791,-0.1445700766329951,-0.0665291546855561,-0.24729849070135376,-0.6281384648692659,-1.1369976569428546,-0.05904763937938873,-0.11098992232225692,-0.11872203794094775,-0.01005485677245515,1
-0.13046489904373101,-0.6327342388677276,-0.21912691783934987,-0.3733562977248018,-0.08745085261283815,0.09368837302977573,-0.061074304019882564,-0.25032437897661625,-0.3361070906167745,-0.4942084990287099,1
-0.07772376964307377,-0.676320324781543,-0.2249008872559799,-0.3985805986754261,0.2166859292814028,0.5566607366861467,-0.0655619185809761,-0.2534731802569407,-0.34354814376460235,-0.4822540881088023,1
-0.07772376964307377,-0.06611512198812737,-0.09498657538180412,-0.1508601279759872,-0.14377247888954944,0.7500542556818452,-0.060784780499812015,-0.08894831335998539,-0.035807445722294974,0.1094892524266201,1
-0.13046489904373101,-0.31891442028825673,-0.15973751812544096,-0.2300364059598912,0.008295912057571034,0.6797293396834092,-0.06454858626072918,-0.1645195440877735,-0.1910065542341322,-0.10569014413171536,1
0.027758489158240685,-0.0573979048053643,-0.05889926652786641,-0.20073545031017606,-0.5323917001988571,0.6738689300168735,-0.06527239506090557,-0.09130991432022877,0.04285511612617047,0.2350105670856491,1
-0.024982640242416542,-0.07483233917089048,-0.0801392254533269,-0.18305933032583716,-0.5042308870605013,0.14643206002860346,-0.05948192465949453,-0.1102027220021758,-0.04537451405521645,0.0018995541474523747,1
-0.07772376964307377,-0.06611512198812737,-0.09498657538180412,-0.1508601279759872,-0.22262275567694528,0.5039170496873197,-0.05948192465949453,-0.09682031656079663,-0.05228406340677085,0.04971719782708247,1
0.027758489158240685,0.09079478730160806,-0.020337399352515828,-0.15149710527272012,-0.5605525133372127,-0.11728637496553193,-0.06252192162023533,-0.05509869959649697,0.05348519205163877,0.2947826216851867,1
-0.07772376964307377,-0.06611512198812737,-0.09498657538180412,-0.1508601279759872,-0.6844600911459772,0.8789832683456454,-0.05977144817956509,-0.14483953608574535,-0.02730338498192033,-0.11764455505162287,1
-0.07772376964307377,0.06464313575331881,-0.06714779426590932,-0.09776807029329702,-0.2282549183046164,0.7969375330141361,-0.0644038245006939,-0.06297070279730824,0.033288047793248995,0.3306458544449093,1
-0.07772376964307377,-0.5019759811262814,-0.18778251243478686,-0.32778057214356016,-0.20009410516626072,0.44531295302195617,-0.06570668034101139,-0.21253876361272214,-0.2622280629347698,-0.2969607188502357,1
-0.13046489904373101,-0.06611512198812737,-0.1118960572447921,-0.1145842709270465,0.16599646563236234,0.9727498230102264,-0.05369145425808352,-0.08265071079933638,-0.06238263553596572,-0.016032062232408908,1
0.08049961855889791,-0.6676031075987799,-0.2150026539703284,-0.40654281488458777,0.01956023731291361,1.1485621130063164,-0.05644192769875375,-0.24245237577580495,-0.3127209235807443,-0.4882312935687561,1
0.08049961855889791,-0.4060865921158875,-0.14076590432794225,-0.3269206527929707,-0.4253806102731056,0.035084276364412297,-0.05687621297885957,-0.16924274600826025,-0.1771874555310234,-0.2431658697106519,1
-0.13046489904373101,-0.12713564226746896,-0.12344399607805215,-0.14245202765911244,0.2617432303027715,0.7324730266822369,-0.05571811889857737,-0.0920971146403099,-0.10383993164529212,-0.01005485677245515,1
0.027758489158240685,-0.04868068762260122,-0.056630921399904624,-0.19783720361004126,-0.6619314406352926,-0.6095607869545846,-0.0644038245006939,-0.10547952008168904,-0.05972511655459865,0.14535248518634267,1
0.4496875243634985,0.2912907825051589,0.23474832094646106,-0.23484558455022486,-1.5743417863180147,-4.078923309544096,2.9065417767032646,-0.1251595280837172,-0.2834882147857065,-0.6316842246076464,1
-0.13046489904373101,-0.7286236278781215,-0.23727367886304426,-0.4171484868751911,0.7404770536548172,-0.8146751252833565,0.025782752001282726,-0.2692171866585633,-0.3775643867261009,-0.6197298136877388,1
-0.024982640242416542,-0.21430781409509972,-0.11313333640549852,-0.234017514064472,0.43070810913290536,0.7383334363487726,-0.05267812193783659,-0.06060910183706485,-0.07939075701671501,0.031785581447221184,1
-0.07772376964307377,-0.458389895212466,-0.17850291872948856,-0.3101044521592212,1.2924289911665872,0.9434477746775446,-0.03950480177462652,-0.1314571306443662,-0.226617308584451,-0.2969607188502357,1
-0.07772376964307377,-0.6065825873194384,-0.21005353732750268,-0.3702669578356471,-0.16630112940023395,-0.07626350729977753,-0.06483810978079972,-0.2400907748155616,-0.3201619767285721,-0.4284592389692185,1
-0.3414294166463599,-0.7111891935125954,-0.24057308995826146,-0.3773374058293826,-0.1381403162618783,-0.023519820300951108,-0.06353525394048225,-0.2794507908196179,-0.3807534095037414,-0.6017981973078776,1
-0.024982640242416542,0.09079478730160806,-0.040958718697623096,-0.1225464871362082,0.4532367596435899,0.5214982786869293,-0.04920383969698998,0.06534294937591531,0.07049331353238805,0.31271423806504806,1
-0.07772376964307377,-0.5019759811262814,-0.18778251243478686,-0.32778057214356016,-0.01986490108078461,-0.023519820300951108,-0.057744783539071226,-0.20545396073199204,-0.27445265024905835,-0.3567327734497733,1
-0.07772376964307377,-0.06611512198812737,-0.09498657538180412,-0.1508601279759872,-0.1775654546555759,0.1874549276943578,-0.060929542259847286,-0.0920971146403099,-0.07354421525770745,0.10351204696666633,1
-0.024982640242416542,0.09951200448437114,-0.03889658676311237,-0.11936160065254353,0.5489835243139991,0.6328460623511191,-0.04630860449628447,0.08266135641770007,0.08537541982804367,0.2947826216851867,1
0.08049961855889791,0.2302702622258173,0.039876853135197385,-0.13315215912681158,-0.6900922537736481,-0.4571901356246391,-0.061219065779917835,-0.018100284552684053,0.12895873112246373,0.3904179090444469,1
-0.07772376964307377,-0.03124625325707506,-0.08756290041756552,-0.13668738312367934,-0.3803233092517365,-0.8088147156168195,-0.0578895452991065,-0.10469231976160792,-0.1277576024775958,-0.01005485677245515,1
0.027758489158240685,0.22155304504305426,0.013687777566911162,-0.1080552536355339,-0.5774490012202257,-0.3634235809600583,-0.06411430098062335,-0.02282348647317081,0.09228496917959808,0.4860531964037071,1
-0.3414294166463599,-0.7634924966091738,-0.2455222066010872,-0.4251107030843528,2.8525380390314887,0.527358688353465,0.011306575997755176,-0.2825995920999424,-0.3903204778366629,-0.6316842246076464,4
-0.07772376964307377,-0.3973693749331244,-0.16551148754207098,-0.2853260353163101,0.5433513616863279,0.9317269553444724,-0.04153146641512037,-0.14326513544558309,-0.19525858460431952,-0.30891512977014324,1
-0.13046489904373101,-0.37993494056759824,-0.17128545695870098,-0.2579041626919571,-0.1156116657511938,0.7793563040145269,-0.0615085892999884,-0.18734835337012612,-0.21439272127016248,-0.24914307517060566,1
-0.13046489904373101,-0.4322382436641768,-0.18118369024435246,-0.2817908113194422,0.12657132723866474,1.20716620967168,-0.05991620993960036,-0.18970995433036952,-0.22555430099190416,-0.27902910247037443,1
-0.13046489904373101,-0.3886521577503613,-0.1729351625063096,-0.26188527079653795,-0.008600575825442039,0.6562877010172645,-0.05470478657833045,-0.18419955208980165,-0.2223652782142637,-0.31489233523009696,1
-0.13046489904373101,-0.4235210264814137,-0.17953398469674392,-0.27780970321486137,0.3124326939518117,1.0606559680082714,-0.05340193073801297,-0.17868914984923376,-0.22555430099190416,-0.30891512977014324,1
-0.13046489904373101,-0.41480380929865057,-0.17788427914913535,-0.2738285951102805,-0.03112922633612687,1.0840976066744168,-0.0584685923392476,-0.1920715552906129,-0.22077076682544344,-0.3029379243101895,1
0.18598187736021235,2.174209693981984,0.7315159039700951,0.3301532776518896,-0.6788279285183061,-1.394855682270453,-0.05470478657833045,0.6368503817548128,0.9857428507152088,2.2373743961701598,1
2.9285206061943883,-0.7547752794264108,-0.20634169984538334,-0.4396019365850272,1.6247265861991838,0.7266126170157006,-0.05238859841776604,-0.1857739527299639,-0.2983703210813621,-0.33880115706991204,4
-0.024982640242416542,0.3610285199672635,0.022967371272209432,-0.023815006142603116,0.4926618980372878,0.3867088563565928,-0.04659812801635502,0.18184859674792195,0.1985857284342811,0.5518024564631985,1
4.352531100012133,-0.7460580622436477,-0.17046060418489672,-0.4396656343147005,0.2842718808134561,-1.2893683082727996,-0.04819050737674305,-0.16530674440785462,-0.2824252071931596,-0.31489233523009696,4
-0.13046489904373101,-0.6588858904160169,-0.2240760344821756,-0.3852996220385443,-0.8196319942100841,-0.7267689802853115,-0.03834670769434432,-0.2684299863384821,-0.35470972348634405,-0.5958209918479238,1
-0.07772376964307377,0.7358688588260759,0.07575794879568404,0.1746989683842164,-1.0730793124552849,-0.28137784562854945,-0.06527239506090557,-0.06848110503787612,0.2193143764889443,0.3366230599048631,1
-0.13046489904373101,-0.3886521577503613,-0.1729351625063096,-0.26188527079653795,-1.1969868902640497,-0.35170276162698555,-0.06295620690034115,-0.2440267764159672,-0.25531851358321545,-0.4583452662689873,1
-0.1832060284443882,-0.5455620670400968,-0.20819761858644306,-0.3181940638277295,-1.506755834785961,-0.972906186279837,-0.03501718721353298,-0.2731531882589689,-0.33185506024658723,-0.6077754027678314,1
-0.13046489904373101,0.2825735653223958,-0.04590783534044884,0.044660053256187535,-0.7971033436993997,-0.7912334866172105,-0.06918096258185799,-0.1133515232825003,-0.05706759757323158,0.2828282107652792,1
0.027758489158240685,0.05592591857055574,-0.029410779864363024,-0.16309009207325956,-0.21135843042160268,0.990331052009836,-0.02748957569169865,-0.012589882312116168,0.14118331843675228,-0.15350778781134544,1
1.9791802769825582,2.723394376496058,3.7319178686832015,-0.17430089249575925,-1.7658353156588331,-4.0496212612114135,-0.030240049132368888,0.544747944305321,0.5701068820293982,0.8925031676805628,5
15.480909403550811,3.2551446246446067,28.77774749247668,-0.3925293143564632,-1.720778014637464,-3.891390200214933,-0.033424807853144944,6.7163984537413475,8.684575339735629,12.9485265804073,5
-0.024982640242416542,-0.6065825873194384,-0.2059292734584812,-0.3773374058293826,0.3743864828561941,0.61526483335151,-0.048045745616707776,-0.2196235664934523,-0.2994333286739089,-0.4583452662689873,1
-0.07772376964307377,0.06464313575331881,-0.06714779426590932,-0.09776807029329702,0.5489835243139991,1.1016788356740257,-0.05499431009840099,0.032280535932508014,0.057205718625552675,0.3665090872046319,1
-0.07772376964307377,-0.5978653701366753,-0.20819761858644306,-0.3667317338387793,-0.08181868998516703,0.5449399173530739,-0.05123050433748383,-0.2353675728950748,-0.30581137422918986,-0.4882312935687561,1
-0.07772376964307377,-0.08354955635365355,-0.09869841286392343,-0.15793057596972282,-0.17193329202790508,0.990331052009836,-0.060495256979741466,-0.09682031656079663,-0.028897896370740576,0.07362601966689752,1
0.027758489158240685,-0.03996347043983815,-0.05436257627194282,-0.1949389569099064,-0.6675636032629638,-0.7091877512857018,-0.06498287154083501,-0.1039051194415268,-0.06397714692478597,0.16926130702615771,1
-0.07772376964307377,-0.11841842508470585,-0.10612208782816206,-0.17210332082203067,-0.03112922633612687,0.5214982786869293,-0.0584685923392476,-0.09288431496039104,-0.07620173423907453,0.043739992367128715,1
-0.07772376964307377,-0.4932587639435183,-0.1859265936937272,-0.3242453481466924,-0.6168741396139237,-0.06454268796670486,-0.06585144210104665,-0.2274955696942636,-0.2717951312676913,-0.3627099789097271,1
-0.07772376964307377,0.26513913095686964,-0.02446166322153728,-0.016394220635664387,-0.21135843042160268,0.43359213368888416,-0.06136382753995313,-0.006292279751467161,0.09919451853115248,0.4442127581840308,1
0.08049961855889791,0.2477046965913435,0.04482596977802313,-0.1278652475639282,-0.6506671153799504,-0.10556555563245924,-0.06179811282005894,-0.006292279751467161,0.18317211834235209,0.4621443745638921,1
-0.07772376964307377,0.029774267022266494,-0.07457146923014794,-0.1119408151456048,-0.25641573144297203,0.6035440140184374,-0.060205733459670924,-0.07556590791860625,0.000866316220570671,0.14535248518634267,1
-0.07772376964307377,-0.4060865921158875,-0.16736740628313065,-0.2888612593131778,0.04772105045126894,0.802797942680673,-0.05745526001900068,-0.17317874760866586,-0.2042941491409676,-0.24914307517060566,1
15.586391662352124,3.272579059010132,29.09490338400444,-0.3926248609509731,-1.7658353156588331,-3.87966938088186,-0.051085742577448565,5.9000717218172225,8.881763248153064,16.845664540297154,5
1.8209568887805865,-0.09226677353641664,0.4859159905698676,-0.3851085288495245,-1.5856061115733568,-3.4577198848912434,-0.02039624944997016,-0.045652295755523466,-0.025708873593100087,-0.2551202806305594,5
-0.1832060284443882,-0.7024719763298323,-0.2341804809612782,-0.4000774953227485,-0.20009410516626072,-1.7171782139299514,0.21397304004714085,-0.2715787876188066,-0.3775643867261009,-0.6316842246076464,1
-0.3941705460470171,-0.7199064106953584,-0.24284143508622325,-0.3667317338387793,1.4107044063476808,-0.972906186279837,0.09816363201892046,-0.27787639017945565,-0.3871314550590224,-0.6316842246076464,1
-0.23594715784504544,-0.6327342388677276,-0.22613816641668635,-0.35080730142045585,-0.5267595375711855,0.2284777953601122,-0.061074304019882564,-0.26606838537823874,-0.3493946855236099,-0.5539805536282475,1
-0.23594715784504544,-0.5281276326745706,-0.2112908164882091,-0.28710957174716223,-0.4253806102731056,0.7910771233476003,-0.06831239202164634,-0.24796277801637284,-0.30900039700683035,-0.4344364444291722,1
-0.2886882872457027,-0.37993494056759824,-0.19974287765494905,-0.14802557900552565,-0.5098630496881722,0.2929423016920113,-0.058034307059141775,-0.2377291738553182,-0.2919922755260811,-0.4643224717289411,1
-0.2886882872457027,-0.5194104154918076,-0.21623993313103484,-0.2499419464827954,-1.174458239753365,-0.7326293899518471,-0.06527239506090557,-0.2692171866585633,-0.3414221285795087,-0.5539805536282475,1
-0.3414294166463599,-0.6414514560504907,-0.2339742677678271,-0.313639676156089,0.12657132723866474,0.8965644973452538,-0.06585144210104665,-0.2684299863384821,-0.3621507766341719,-0.5480033481682938,1
-0.1832060284443882,-0.3886521577503613,-0.18221475621160788,-0.23627878346787395,-0.94917173464652,-0.05868227830016851,-0.06237715986020005,-0.2385163741753993,-0.2643540781198635,-0.44041364988912607,1
-0.1832060284443882,-0.5455620670400968,-0.20819761858644306,-0.3181940638277295,-0.7351495547950172,-0.2579362069624041,-0.04934860145702525,-0.2526859799368596,-0.3196304729322987,-0.5420261427083399,1
-0.024982640242416542,0.2825735653223958,0.0044081838616128926,-0.05247898449558525,-0.5380238628265278,-1.4358785499362074,-0.06064001873977674,-0.025972287753495308,-0.0437800026663962,0.3426002653648168,1
0.027758489158240685,-0.35378328901930906,-0.13602300087856758,-0.29914844265541474,-0.14377247888954944,-0.6974669319526297,-0.027779099211769208,-0.14247793512550194,-0.2032311415484208,-0.3806415952895884,1
0.027758489158240685,-0.4758243295779922,-0.16777983267003274,-0.3396920475924661,-0.18882977991091812,-1.178020524608609,-0.020830534730075977,-0.186561153050045,-0.27445265024905835,-0.4762768826488486,1
-0.024982640242416542,-0.4496726780297029,-0.16881089863728815,-0.3200094491234184,0.36875432022852295,0.6269856526845827,-0.04819050737674305,-0.1582219415271245,-0.21386121747388906,-0.2969607188502357,1
-0.07772376964307377,-0.467107112395229,-0.1803588374705482,-0.313639676156089,1.0333495102937158,0.8262395813468177,-0.039215278254555966,-0.14720113704598872,-0.23458986552855224,-0.3328239516099583,1
-0.024982640242416542,0.0733603529360819,-0.045082982566644544,-0.12891626010353754,0.4476045970159185,0.5625211463526824,-0.050361933777272175,0.05747094617510405,0.06464677177338049,0.3186914435250018,1
-0.07772376964307377,-0.5978653701366753,-0.20819761858644306,-0.3667317338387793,0.90380976985728,1.0137726906759807,-0.041820989935190934,-0.20938996233239768,-0.29783881728508865,-0.4583452662689873,1
-0.024982640242416542,-0.35378328901930906,-0.14612744735767014,-0.2849756978031069,1.0277173476660448,0.9258665456779356,-0.045584795696108085,-0.07556590791860625,-0.14848625053225895,-0.1116673495916691,1
-0.4996528048483316,-0.35378328901930906,-0.2370674656695932,1.119559241493017,-0.4648057486668032,1.2599098966705071,0.011306575997755176,-0.2770891898593745,-0.36799731839317945,-0.6257070191476927,1
-0.024982640242416542,-0.5717137185883859,-0.1976807457204383,-0.3645978598947239,-0.5718168385925546,0.21089656636050247,-0.060205733459670924,-0.2377291738553182,-0.28933475654471397,-0.4523680608090335,1
-0.07772376964307377,-0.467107112395229,-0.1803588374705482,-0.313639676156089,0.2899040434411272,0.6094044236849737,-0.061074304019882564,-0.18105075080947716,-0.2409679110838332,-0.23121145879074434,1
-0.07772376964307377,-0.5978653701366753,-0.20819761858644306,-0.3667317338387793,0.13220348986633587,0.6680085203503372,-0.050361933777272175,-0.2298571706545069,-0.3036853590440962,-0.4762768826488486,1
-0.07772376964307377,-0.10098399071917973,-0.10241025034604274,-0.1650010239634584,-0.10997950312352267,0.4570337723550288,-0.05861335409928289,-0.0952459159206344,-0.0719497038688872,0.03776278690717495,1
0.027758489158240685,-0.1968733797295736,-0.0951927885752552,-0.2470436997826605,-0.21135843042160268,0.34568598869083905,-0.057020974738894864,-0.09603311624071552,-0.06344564312851256,0.0018995541474523747,1
-0.024982640242416542,-0.4932587639435183,-0.17912155830984178,-0.3359338815417417,-0.008600575825442039,0.4628941820215658,-0.06179811282005894,-0.192858755610694,-0.2425624224726535,-0.2670746915504669,1
-0.024982640242416542,-0.08354955635365355,-0.08220135738783763,-0.18624421680950184,-0.3071051950920119,0.08196755369670368,-0.060205733459670924,-0.09052271400014764,-0.0544100785918645,0.0915576360467588,1
0.027758489158240685,0.06464313575331881,-0.027142434736401225,-0.16019184537312472,-0.40285195976242105,-0.6974669319526297,-0.05528383361847155,-0.03856749287479333,-0.016141805260178613,0.15132969064629642,1
-0.07772376964307377,-0.06611512198812737,-0.09498657538180412,-0.1508601279759872,0.11530700198332247,0.7910771233476003,-0.056297165938718474,-0.062183502477227114,-0.0331499267409279,0.09753484150671256,1
-0.07772376964307377,-0.17943894536404742,-0.11911351901557965,-0.1968498888001052,-0.14377247888954944,0.5332190980200007,-0.06469334802076446,-0.12043632616323045,-0.10490293923783894,0.0915576360467588,1
0.08049961855889791,-0.04868068762260122,-0.03930901315001451,-0.2180930816461486,-0.48733439917748794,-0.04110104930055949,-0.06237715986020005,-0.06454510343747047,0.02265797186778069,0.2529421834655104,1
-0.07772376964307377,-0.06611512198812737,-0.09498657538180412,-0.1508601279759872,0.058985375706611186,0.5508003270196103,-0.056007642418647925,-0.06769390471779499,-0.04909504062913035,0.07362601966689752,1
-0.024982640242416542,-0.2317422484606259,-0.11725760027451998,-0.24038728703180134,-0.4197484476454345,0.6445668816841917,-0.05817906881917705,-0.14247793512550194,-0.09427286331237064,-0.13557617143148415,1
0.027758489158240685,0.10822922166713422,-0.01580070909659223,-0.14570061187245045,-0.4479092607837901,0.25777984369279394,-0.06295620690034115,-0.03305709063422545,0.1002575261236993,0.3963951145044007,1
-0.07772376964307377,-0.06611512198812737,-0.09498657538180412,-0.1508601279759872,0.09277835147263797,0.8789832683456454,-0.05687621297885957,-0.06454510343747047,-0.02730338498192033,0.10351204696666633,1
0.6079109125654701,-0.5542792842228599,-0.1292179654946822,-0.4033897772657597,-0.4817022365498165,0.7793563040145269,-0.0620876363401295,-0.16058354248736784,-0.11500151136703385,-0.13557617143148415,1
0.6079109125654701,-0.3712177233848352,-0.03394747012028662,-0.3730059602115987,-0.27894438195365623,-0.18761129096396806,-0.059192401139423985,-0.028333888713738688,0.020000452886413615,0.28880541622523304,1
-0.024982640242416542,-0.31891442028825673,-0.13787891961962725,-0.2722361518684482,-0.1606689667725625,0.6738689300168735,-0.06368001570051753,-0.14641393672590758,-0.14051369358815774,-0.04591808953217772,1
-0.024982640242416542,-0.4322382436641768,-0.1646866347682667,-0.313639676156089,-0.17193329202790508,0.5449399173530739,-0.06252192162023533,-0.18183795112955825,-0.20748317191860807,-0.21327984241088305,1
-0.13046489904373101,-0.06611512198812737,-0.1118960572447921,-0.1145842709270465,-0.4535414234114609,1.242328667670898,-0.061219065779917835,-0.13932913384517745,-0.04643752164776328,-0.06982691137199278,1
-0.024982640242416542,-0.4845415467607552,-0.17705942637533106,-0.3327489950580771,-0.07055436472982446,0.1054091923628484,-0.06353525394048225,-0.192858755610694,-0.2489404680279345,-0.2431658697106519,1
-0.07772376964307377,-0.07483233917089048,-0.0968424941228638,-0.154395351972855,-0.1156116657511938,0.8320999910133547,-0.058034307059141775,-0.08816111303990426,-0.034744438129748145,0.04971719782708247,1
0.027758489158240685,-0.6676031075987799,-0.2176834254851924,-0.4033897772657597,0.2899040434411272,1.1368412936732444,-0.0578895452991065,-0.2408779751356427,-0.3196304729322987,-0.4762768826488486,1
0.027758489158240685,-0.7111891935125954,-0.2290251511250013,-0.4178810107664339,-0.6675636032629638,1.2599098966705071,-0.05470478657833045,-0.2707915872987255,-0.3472686703385163,-0.5838665809280164,1
0.027758489158240685,-0.4060865921158875,-0.14963307164633838,-0.3165379228562239,-0.1944619425385896,0.527358688353465,-0.05427050129822462,-0.16373234376769236,-0.17399843275338292,-0.2551202806305594,1
-0.07772376964307377,-0.12713564226746896,-0.10797800656922173,-0.17563854481889846,0.15473214037702038,0.7559146653483823,-0.058034307059141775,-0.07792750887884962,-0.06610316210987964,0.08558043058680505,1
0.027758489158240685,-0.03124625325707506,-0.05209423114398102,-0.19204071020977154,-0.4817022365498165,-0.12314678463206828,-0.06237715986020005,-0.0771403085587685,-0.009763759704897632,0.19914733432592646,1
-0.07772376964307377,-0.7286236278781215,-0.23603639970233786,-0.4197919426566328,0.7404770536548172,-1.125276837609782,0.10540172002068424,-0.26685558569831985,-0.3770328829298275,-0.6257070191476927,1
-0.024982640242416542,-0.22302503127786286,-0.11519546834000925,-0.2372024005481367,0.819327330442213,1.0606559680082714,-0.04891431617691943,-0.02912108903381981,-0.06557165831360623,0.05569440328703623,1
-0.07772376964307377,-0.467107112395229,-0.1803588374705482,-0.313639676156089,1.365647105326312,0.8262395813468177,-0.0413867046550851,-0.13224433096444732,-0.23458986552855224,-0.2850063079303282,1
-0.07772376964307377,-0.4845415467607552,-0.18407067495266752,-0.3207101241498246,-0.4535414234114609,-0.8439771736160382,-0.05962668641952981,-0.2188363661733712,-0.2898662603409874,-0.3866188007495421,1
-0.024982640242416542,0.0733603529360819,-0.045082982566644544,-0.12891626010353754,0.5320870364309854,0.9375873650110084,-0.05065145729734273,0.06927895097632092,0.09813151093860564,0.3605318817446781,1
-0.07772376964307377,0.2738563481396327,-0.022605744480477627,-0.012858996638796572,-0.07055436472982446,0.1874549276943578,-0.05817906881917705,0.01732372985096662,0.0789973742727627,0.41432673088426203,1
0.027758489158240685,0.09079478730160806,-0.020337399352515828,-0.15149710527272012,0.4926618980372878,0.5683815560192194,-0.04601908097621391,0.10706456634021498,0.1215176779746359,0.3485774708247706,1
0.7661343007674418,0.2477046965913435,0.3611570085319686,-0.29070849347370337,-0.5661846759648835,-0.23449456829625875,-0.060784780499812015,0.3345654588436604,0.7742043397983897,1.7054031102342744,1
-0.024982640242416542,0.3174424340534481,0.012656711599655798,-0.039739438560926515,0.4926618980372878,0.5742419656857557,-0.04876955441688415,0.16453018970613714,0.19752272084173428,0.5697340728430598,1
-0.024982640242416542,-0.03996347043983815,-0.07189069771528399,-0.1703197843911784,-0.20009410516626072,-0.5216546419565394,-0.057020974738894864,-0.06533230375755161,-0.07939075701671501,0.10351204696666633,1
-0.07772376964307377,-0.4060865921158875,-0.16736740628313065,-0.2888612593131778,0.7911665173038573,1.0196331003425176,-0.03820194593430904,-0.13303153128452844,-0.19685309599313974,-0.30891512977014324,1
-0.024982640242416542,-0.4322382436641768,-0.1646866347682667,-0.313639676156089,0.3349613444624962,0.6445668816841917,-0.045874319216178634,-0.15349873960663776,-0.20376264534469413,-0.3029379243101895,1
-0.07772376964307377,-0.3973693749331244,-0.16551148754207098,-0.2853260353163101,0.5546156869416702,0.9317269553444724,-0.04457146337586116,-0.14247793512550194,-0.19525858460431952,-0.2850063079303282,1
-0.07772376964307377,-0.3712177233848352,-0.15994373131889206,-0.2747203633257066,-0.3296338456026964,-0.029380229967486807,-0.0561524041786832,-0.1849867524098828,-0.2186447516403498,-0.3029379243101895,1
-0.07772376964307377,-0.4235210264814137,-0.17107924376524994,-0.29593170730691337,0.3180648565794828,1.0372143293421268,-0.050796219057378016,-0.1645195440877735,-0.2053571567335144,-0.29098351339028194,1
-0.07772376964307377,-0.4409554608469398,-0.17479108124736925,-0.30303400416548565,-0.4253806102731056,0.8907040876787181,-0.060205733459670924,-0.2070283613721543,-0.2191762554366232,-0.33880115706991204,1
0.18598187736021235,2.182926911164748,0.7344028886784101,0.332446395920128,-0.6168741396139237,-1.1311372472763177,-0.054560024818295166,0.681720799999437,1.1042681972841804,2.368872916289142,1
-0.07772376964307377,0.2912907825051589,-0.018893906998358318,-0.005756699780224367,0.14909997774934924,1.20716620967168,-0.04891431617691943,0.055896545534941784,0.18901866010135965,0.2828282107652792,1
-0.024982640242416542,0.3610285199672635,0.022967371272209432,-0.023815006142603116,0.3969151333668786,0.3515463983573747,-0.049638124977095806,0.16453018970613714,0.19433369806409376,0.5936428946828748,1
-0.1832060284443882,-0.3712177233848352,-0.17932777150329285,-0.2272018569894296,-0.5492881880818701,0.5449399173530739,-0.057744783539071226,-0.21804916585329007,-0.2404364072875598,-0.3985732116694497,1
-0.1832060284443882,-0.6327342388677276,-0.2226325421280181,-0.3636742428144612,0.2448467424197585,0.8672624490125721,-0.05065145729734273,-0.2495371786565351,-0.3350440830242277,-0.5300717317884325,1
-0.13046489904373101,-0.26661111719167824,-0.14983928483978945,-0.20614975733240606,-0.26204789407064283,0.5625211463526824,-0.05513907185843627,-0.1684555456881791,-0.17293542516083607,-0.26109748609051314,1
-0.13046489904373101,-0.3712177233848352,-0.16963575141109244,-0.2539230545873763,-0.036761388963797687,0.5566607366861467,-0.061074304019882564,-0.18105075080947716,-0.2181132478440764,-0.23121145879074434,1
-0.13046489904373101,-0.5019759811262814,-0.1943813346252212,-0.313639676156089,-0.18319761728324704,0.023363457031340268,-0.054415263058259895,-0.22041076681353344,-0.2866772375633469,-0.4284592389692185,1
-0.13046489904373101,-0.6414514560504907,-0.22077662338695847,-0.3773374058293826,0.6109373132183815,0.7090313880160909,-0.05470478657833045,-0.2400907748155616,-0.33238656404286065,-0.4882312935687561,1
-0.1832060284443882,-0.6414514560504907,-0.2240760344821756,-0.3682286304861017,0.2899040434411272,-0.09970514596592288,-0.05904763937938873,-0.25111157929669736,-0.3483316779310631,-0.5061629099486173,1
-0.1832060284443882,0.09079478730160806,-0.10282267673294487,0.013957747553659998,0.2392145797920873,0.3749880370235208,-0.06353525394048225,-0.06139630215714599,-0.07832774942416819,0.3007598271451405,1
0.08049961855889791,-0.7111891935125954,-0.2273754455773928,-0.4197919426566328,0.4476045970159185,-0.7560710286179931,-0.027779099211769208,-0.2542603805770218,-0.3605562652453516,-0.5778893754680625,1
0.08049961855889791,-0.7111891935125954,-0.2273754455773928,-0.4197919426566328,1.3881757558369965,1.078237197007881,-0.004617217606125122,-0.24166517545572386,-0.3446111513571492,-0.5778893754680625,1
0.08049961855889791,-0.7111891935125954,-0.2273754455773928,-0.4197919426566328,0.6222016384737235,-1.6702949365976612,0.5758774401353296,-0.2518987796167785,-0.3685288221894529,-0.6316842246076464,1
0.08049961855889791,-0.7111891935125954,-0.2273754455773928,-0.4197919426566328,2.3850685409347854,1.2599098966705071,0.13001121922668105,-0.2282827700143447,-0.3430166399683289,-0.6077754027678314,1
0.08049961855889791,-0.7199064106953584,-0.2298500038988057,-0.4224672473029112,1.0784068113150849,1.2599098966705071,-0.014461017288523862,-0.25111157929669736,-0.3493946855236099,-0.5838665809280164,1
0.08049961855889791,-0.5804309357711491,-0.1902570707561997,-0.3799808616108243,0.2730075555581141,-0.9494645476136916,0.02882274896202352,-0.1975819575311808,-0.30262235145154937,-0.5539805536282475,1
0.18598187736021235,-0.6240170216849645,-0.19520618739902545,-0.4000774953227485,-1.180090402381036,-1.0432311022782732,-0.041820989935190934,-0.25662198153726523,-0.3127209235807443,-0.5659349645481551,1
-0.024982640242416542,-0.3363488546537829,-0.1420031834886487,-0.2786059248357776,-0.3521624961133809,0.41015049502273815,-0.05687621297885957,-0.16530674440785462,-0.16230534923536774,-0.23121145879074434,1
-0.07772376964307377,-0.5717137185883859,-0.20262986236326405,-0.3560942129833392,0.9488670708786491,1.2599098966705071,-0.048045745616707776,-0.19679475721109965,-0.2792361844155191,-0.3985732116694497,1
-0.024982640242416542,-0.5891481529539122,-0.20180500958945974,-0.3709676328620533,-0.18319761728324704,0.29880271135854763,-0.050361933777272175,-0.2298571706545069,-0.2962443058962684,-0.4762768826488486,1
1.3990278535753284,0.09951200448437114,0.5234467917779628,-0.3540877344986305,-0.48733439917748794,-0.5275150516230758,-0.05470478657833045,0.5408119427049154,0.9857428507152088,1.944491328632425,1
-0.024982640242416542,-0.4845415467607552,-0.17705942637533106,-0.3327489950580771,0.2955362060687986,0.7090313880160909,-0.060929542259847286,-0.17554034856890924,-0.2303378351583649,-0.21327984241088305,1
0.027758489158240685,0.0733603529360819,-0.024874089608439426,-0.1572935986729899,-0.2902087072089985,-0.8322563542829648,-0.04949336321706053,-0.018887484872765176,-0.025708873593100087,0.0915576360467588,1
0.08049961855889791,-0.0573979048053643,-0.04178357147142738,-0.22073653742759028,-0.3803233092517365,0.1698736986947488,-0.061219065779917835,-0.05194989831617247,0.0370085743671629,0.2648965943854179,1
1.2408044653733568,0.2128358278602912,0.5521104256676619,-0.33424589170539953,-1.4842271842752768,-2.8365164602383923,-0.052533360177801317,0.031493335612426884,0.2256924220442253,0.3007598271451405,1
-0.024982640242416542,0.0733603529360819,-0.045082982566644544,-0.12891626010353754,0.042088887823597806,0.44531295302195617,-0.05962668641952981,0.0015797234493440991,0.0545481996441856,0.4083495254243082,1
-0.07772376964307377,-0.3712177233848352,-0.15994373131889206,-0.2747203633257066,0.6954197526334485,0.9551685940106172,-0.05499431009840099,-0.12437232776363605,-0.1809079821049373,-0.12362176051157665,1
-0.07772376964307377,-0.4932587639435183,-0.1859265936937272,-0.3242453481466924,0.5039262232926297,1.1602829323393893,-0.058323830579212324,-0.18105075080947716,-0.23884189589873955,-0.2670746915504669,1
-0.024982640242416542,-0.10098399071917973,-0.08632562125685908,-0.1926139897768312,0.07024970096195345,0.4160109046892745,-0.053546692498048234,-0.05431149927641585,-0.03899646849993547,0.06764881420694377,1
0.08049961855889791,-0.7111891935125954,-0.2273754455773928,-0.4197919426566328,-0.4310127729007767,1.2599098966705071,-0.04500574865596699,-0.26606838537823874,-0.3430166399683289,-0.5838665809280164,1
0.08049961855889791,-0.4060865921158875,-0.14076590432794225,-0.3269206527929707,-0.06492220210215333,0.3749880370235208,-0.050796219057378016,-0.14326513544558309,-0.16124234164282095,-0.23121145879074434,1
0.027758489158240685,-0.03124625325707506,-0.05209423114398102,-0.19204071020977154,-0.20572626779393155,0.1347112406955301,-0.05817906881917705,-0.04092909383503671,0.01202789594231239,0.2170789507057878,1
0.08049961855889791,0.4917867777087098,0.11411360277758355,-0.053529997035194565,-1.5630774610626723,-3.850367332549178,0.29605295798714204,-0.1621579431275301,-0.27445265024905835,-0.6017981973078776,5
-0.07772376964307377,-0.7199064106953584,-0.2341804809612782,-0.41625671865976505,-0.10997950312352267,-0.5978399676215119,-0.05817906881917705,-0.2707915872987255,-0.37118634117082,-0.5778893754680625,1
-0.13046489904373101,-0.5978653701366753,-0.2125280956489156,-0.3574318653064784,-0.3296338456026964,-0.2403549779627944,-0.06570668034101139,-0.2471755776962917,-0.3276030298763999,-0.4523680608090335,1
-0.07772376964307377,0.2738563481396327,-0.022605744480477627,-0.012858996638796572,0.17162862826003347,0.33982557902430205,-0.05528383361847155,0.05353494457469842,0.09387948056841833,0.4442127581840308,1
0.027758489158240685,0.2477046965913435,0.02049281295079656,-0.09939236239996596,-0.1156116657511938,0.07024673436363099,-0.050796219057378016,0.06770455033615869,0.1560654247324079,0.3605318817446781,1
-0.024982640242416542,-0.458389895212466,-0.17087303057179887,-0.3231943356070831,-0.08181868998516703,-0.4513297259581034,-0.04370289281564951,-0.1849867524098828,-0.25478700978694196,-0.3925960062094959,1
0.027758489158240685,0.02105704983950342,-0.03848416037621022,-0.1746512300089624,-0.042393551591469125,0.3867088563565928,-0.0567314512188243,-0.0007818775108992789,0.06358376418083365,0.31271423806504806,1
-0.024982640242416542,-0.5978653701366753,-0.2038671415239705,-0.374152519345718,-0.036761388963797687,0.1991757470274305,-0.05948192465949453,-0.2282827700143447,-0.30262235145154937,-0.4224820335092647,1
-0.07772376964307377,-0.3712177233848352,-0.15994373131889206,-0.2747203633257066,0.013928074685242164,0.4687545916881016,-0.0502171720172369,-0.1645195440877735,-0.19951061497450684,-0.2969607188502357,1
-0.07772376964307377,-0.4235210264814137,-0.17107924376524994,-0.29593170730691337,0.7799021920485151,1.2130266193382162,-0.04254479873536731,-0.1409035344853397,-0.19951061497450684,-0.2969607188502357,1
-0.024982640242416542,-0.6240170216849645,-0.21005353732750268,-0.383707178796712,0.8024308425591996,0.509777459353856,-0.04703241329646085,-0.2156875648930467,-0.3105949083956506,-0.4523680608090335,1
-0.07772376964307377,-0.3712177233848352,-0.15994373131889206,-0.2747203633257066,0.09277835147263797,0.7734958943479913,-0.05369145425808352,-0.15979634216728672,-0.1878175314564917,-0.24914307517060566,1
-0.07772376964307377,-0.4235210264814137,-0.17107924376524994,-0.29593170730691337,0.4250759465052343,1.1192600646736348,-0.048335269136778325,-0.1590091418472056,-0.20269963775214733,-0.2969607188502357,1
-0.07772376964307377,-0.3886521577503613,-0.16365556880101134,-0.2817908113194422,0.3180648565794828,0.8965644973452538,-0.04992764849716636,-0.1527115392865566,-0.19206956182667906,-0.2670746915504669,1
-0.13046489904373101,-0.37993494056759824,-0.17128545695870098,-0.2579041626919571,-0.28457654458132736,0.1933153373608935,-0.05977144817956509,-0.19600755689101854,-0.2340583617322788,-0.3029379243101895,1
-0.1832060284443882,-0.5106931983090445,-0.20242364916981295,-0.2999765131411676,-0.4141162850177633,0.4218713143558108,-0.06628572738115249,-0.2377291738553182,-0.2951812983037216,-0.4045504171294034,1
-0.23594715784504544,-0.6327342388677276,-0.22613816641668635,-0.35080730142045585,-0.3071051950920119,-0.5802587386219029,-0.05687621297885957,-0.2629195840979142,-0.3568357386714377,-0.5539805536282475,1
-0.13046489904373101,-0.26661111719167824,-0.14983928483978945,-0.20614975733240606,-0.4310127729007767,0.6035440140184374,-0.06368001570051753,-0.17947635016931487,-0.17134091377201585,-0.18339381511111424,1
-0.1832060284443882,-0.6327342388677276,-0.2226325421280181,-0.3636742428144612,0.10404267672798022,0.4218713143558108,-0.050796219057378016,-0.2518987796167785,-0.33982761719068844,-0.5360489372483862,1
-0.13046489904373101,-0.5368448498573337,-0.20098015681565548,-0.32956410857441243,-0.6168741396139237,0.34568598869083905,-0.0620876363401295,-0.24245237577580495,-0.2935867869149013,-0.4583452662689873,1
-0.13046489904373101,-0.3886521577503613,-0.1729351625063096,-0.26188527079653795,-0.9153787588804932,0.023363457031340268,-0.06396953922058808,-0.2298571706545069,-0.2430939262689269,-0.3925960062094959,1
0.027758489158240685,0.2912907825051589,0.03183453859060555,-0.08490112889929166,-0.6675636032629638,-1.5882492012661522,-0.06179811282005894,-0.022036286153089682,-0.024645866000553258,0.3963951145044007,1
0.027758489158240685,-0.7024719763298323,-0.2267568059970396,-0.4149827640662992,0.5433513616863279,-0.09970514596592288,-0.034582901933427154,-0.2518987796167785,-0.3536467158937973,-0.5659349645481551,1
0.027758489158240685,-0.7111891935125954,-0.2290251511250013,-0.4178810107664339,1.3149576416772717,1.2599098966705071,-0.030963857932545264,-0.24638837737621055,-0.3472686703385163,-0.5599577590882012,1
0.027758489158240685,-0.2491766828261521,-0.108802859343026,-0.2644331799834697,-0.042393551591469125,-1.0022082346125187,-0.01706672896915882,-0.09760751688087778,-0.17506144034592974,-0.3507555679898196,1
10.628725498690343,3.2638618418273686,20.03760750124642,-0.3713179703752564,-1.7827318035418465,-4.1902710932082865,0.08137126785482851,3.6998468271904734,3.2648311291356134,1.92058250679261,5
-0.024982640242416542,-0.4496726780297029,-0.16881089863728815,-0.3200094491234184,0.357489994973181,0.9024249070117908,-0.04978288673713109,-0.1590091418472056,-0.2042941491409676,-0.2850063079303282,1
-0.07772376964307377,-0.467107112395229,-0.1803588374705482,-0.313639676156089,1.0558781608044003,0.8086583523472087,-0.043558131055614235,-0.14641393672590758,-0.2351213693248257,-0.3029379243101895,1
-0.07772376964307377,0.0733603529360819,-0.06529187552484966,-0.09423284629642917,0.689787590005777,1.1075392453405628,-0.04978288673713109,0.052747744254617285,0.06252075658828682,0.2947826216851867,1
-0.07772376964307377,-0.5978653701366753,-0.20819761858644306,-0.3667317338387793,0.6672589394950929,0.4218713143558108,-0.042400036975332026,-0.2156875648930467,-0.3079373894142836,-0.4702996771888948,1
-0.024982640242416542,-0.35378328901930906,-0.14612744735767014,-0.2849756978031069,1.247371690145218,1.1544225226728528,-0.04500574865596699,-0.06060910183706485,-0.1383876784030641,-0.0817813222919003,1
-0.07772376964307377,-0.5804309357711491,-0.20448578110432367,-0.35962943698020705,-0.3859554718794077,1.2599098966705071,-0.06816763026161107,-0.23930357449548045,-0.28401971858197983,-0.3925960062094959,1
-0.024982640242416542,-0.5978653701366753,-0.2038671415239705,-0.374152519345718,-0.1156116657511938,-0.16416965229782265,-0.04413717809575533,-0.2306443709745881,-0.3095319008031038,-0.5001857044886636,1
-0.07772376964307377,-0.09226677353641664,-0.10055433160498307,-0.16146579996659066,-0.14377247888954944,0.6680085203503372,-0.05817906881917705,-0.09603311624071552,-0.0544100785918645,0.025808375987267426,1
-0.024982640242416542,-0.20559059691233667,-0.1110712044709878,-0.23083262758080736,-0.25078356881530056,-0.029380229967486807,-0.05745526001900068,-0.11964912584314932,-0.120316549329768,-0.06982691137199278,1
-0.07772376964307377,-0.4845415467607552,-0.18407067495266752,-0.3207101241498246,0.2448467424197585,0.6855897493499462,-0.06237715986020005,-0.1889227540102884,-0.2473459566391142,-0.2431658697106519,1
-0.07772376964307377,-0.06611512198812737,-0.09498657538180412,-0.1508601279759872,0.3349613444624962,0.8848436780121811,-0.0555733571385421,-0.03935469319487445,-0.026771881185646915,0.15730689610625018,1
-0.024982640242416542,-0.09226677353641664,-0.08426348932234835,-0.18942910329316648,-0.12124382837886462,-0.005938591301341438,-0.05745526001900068,-0.07241710663828174,-0.0650401545173328,0.0915576360467588,1
0.08049961855889791,0.0733603529360819,-0.004665196650234306,-0.18092545638178176,-0.5718168385925546,-0.9260229089475464,-0.056297165938718474,-0.04092909383503671,-0.00232270655706982,0.16926130702615771,1
-0.024982640242416542,-0.0573979048053643,-0.07601496158430544,-0.17668955735850775,-0.06492220210215333,0.1640132890282118,-0.057020974738894864,-0.05509869959649697,-0.03527594192602156,0.1393752797263889,1
-0.024982640242416542,-0.6850375419643061,-0.22448846086907773,-0.4060013841823648,0.3293291818348254,1.2599098966705071,-0.06802286850157578,-0.25111157929669736,-0.3355755868205011,-0.4523680608090335,1
-0.024982640242416542,-0.31891442028825673,-0.13787891961962725,-0.2722361518684482,-0.14377247888954944,0.15229246969513913,-0.061074304019882564,-0.14483953608574535,-0.16549437201300826,-0.09373573321180782,1
-0.07772376964307377,-0.06611512198812737,-0.09498657538180412,-0.1508601279759872,0.2223180919090736,0.8145187620137457,-0.05542859537850682,-0.051162697996091334,-0.03155541535210765,0.11546645788657385,1
-0.024982640242416542,-0.08354955635365355,-0.08220135738783763,-0.18624421680950184,-0.34089817085803864,0.3105235306916204,-0.060784780499812015,-0.09445871560055327,-0.03793346090738863,0.0915576360467588,1
0.08049961855889791,0.10822922166713422,0.005233036635417182,-0.1703197843911784,-0.4310127729007767,-0.12314678463206828,-0.05977144817956509,-0.007079480071548287,0.10291504510506637,0.3844407035844932,1
-0.13046489904373101,-0.6414514560504907,-0.22077662338695847,-0.3773374058293826,-1.1969868902640497,0.43359213368888416,-0.01764577600929992,-0.2723659879388878,-0.3355755868205011,-0.6137526082277851,5
-0.07772376964307377,-0.6937547591470692,-0.2286127247380992,-0.4056510466691616,-1.2645728417961029,-1.5413659239338615,0.0040684879959914004,-0.27787639017945565,-0.3690603259857263,-0.6257070191476927,5
2.1901447945851866,3.2377101902790804,4.696170761260418,-0.1586949487258023,-0.994229035667889,-3.1471181725648183,0.07673889153369969,3.338521880273237,2.7620285378609624,1.7532207539139046,5
0.9243576889694136,-0.5106931983090445,-0.06817886023316469,-0.4057784421285083,0.6954197526334485,-0.23449456829625875,0.018399902239483682,0.04802454233413053,-0.05015804822167718,-0.2969607188502357,3
0.9243576889694136,-0.5019759811262814,-0.06240489081653465,-0.40463188299438896,0.633465963729066,-0.25207579729586777,0.017531331679272018,0.05117334361445504,-0.040590979888755714,-0.29098351339028194,3
0.9770988183700708,-0.5106931983090445,-0.061786251236181436,-0.4069886989923008,0.5320870364309854,-0.3458423519604492,0.010293243677508244,0.03936533881323815,-0.04696902544403669,-0.27902910247037443,3
